source_id,title,category,source_type,relative_path,reliability
bc1db1abbf9165d51613,이벤트 | 뉴스 | 메이플스토리,,,,medium
b4300899d4148133a8e8,이벤트 | 뉴스 | 메이플스토리,,,,medium
3eba60ed2598e43a1800,이벤트 | 뉴스 | 메이플스토리,,,,medium
055bfb53436b3aef119f,이벤트 | 뉴스 | 메이플스토리,,,,medium
5768ca5bc5358cd171b0,이벤트 | 뉴스 | 메이플스토리,,,,medium
89209f00081b586f1285,이벤트 | 뉴스 | 메이플스토리,,,,medium
a4af8e45da2e4364bf42,이벤트 | 뉴스 | 메이플스토리,,,,medium
925e4625f47bc56dc206,이벤트 | 뉴스 | 메이플스토리,,,,medium
f5de4db11c980b6834a4,이벤트 | 뉴스 | 메이플스토리,,,,medium
8bdad585990a227a2c97,이벤트 | 뉴스 | 메이플스토리,,,,medium
d517a0ce55439e569644,이벤트 | 뉴스 | 메이플스토리,,,,medium
2e6796f8698e3b9ca5f8,이벤트 | 뉴스 | 메이플스토리,,,,medium
f25274d712a2ae82b5ae,이벤트 | 뉴스 | 메이플스토리,,,,medium
2bc361fd50950d01e2f1,이벤트 | 뉴스 | 메이플스토리,,,,medium
585c586357ee95431197,이벤트 | 뉴스 | 메이플스토리,,,,medium
1c060588a937356972b4,이벤트 | 뉴스 | 메이플스토리,,,,medium
44e7a3f829fa9178879c,이벤트 | 뉴스 | 메이플스토리,,,,medium
0ba78352a3616b985e24,이벤트 | 뉴스 | 메이플스토리,,,,medium
95c2eabc55622096d478,이벤트 | 뉴스 | 메이플스토리,,,,medium
3db40baf938911f11ef2,이벤트 | 뉴스 | 메이플스토리,,,,medium
cce47aa6001726e72e3a,이벤트 | 뉴스 | 메이플스토리,,,,medium
f1b0f5df0cbd46c00b7d,이벤트 | 뉴스 | 메이플스토리,,,,medium
8b81d31bb0cd37298bed,이벤트 | 뉴스 | 메이플스토리,,,,medium
2964757d513514687099,이벤트 | 뉴스 | 메이플스토리,,,,medium
0dbe815e9d0a677c52a0,이벤트 | 뉴스 | 메이플스토리,,,,medium
65998ea8e971c2960f67,이벤트 | 뉴스 | 메이플스토리,,,,medium
730316eb3bd1573333d3,이벤트 | 뉴스 | 메이플스토리,,,,medium
01892ae001419ed9ad61,이벤트 | 뉴스 | 메이플스토리,,,,medium
50e7c034fe1596be276c,이벤트 | 뉴스 | 메이플스토리,,,,medium
3744af6b57fcad5eca74,이벤트 | 뉴스 | 메이플스토리,,,,medium
85c2c7bc08c2dc09a370,이벤트 | 뉴스 | 메이플스토리,,,,medium
9a1cc394c266d44cb973,이벤트 | 뉴스 | 메이플스토리,,,,medium
27aa971a7d87b6a65e63,이벤트 | 뉴스 | 메이플스토리,,,,medium
6b2fe32027fe3b5c73bb,이벤트 | 뉴스 | 메이플스토리,,,,medium
43cc2454e3790ea04364,이벤트 | 뉴스 | 메이플스토리,,,,medium
2a6e90c8ec8d6fc86442,이벤트 | 뉴스 | 메이플스토리,,,,medium
292bcf3fcc32a0ff0d69,이벤트 | 뉴스 | 메이플스토리,,,,medium
ed565bc77481b3d4cbe8,이벤트 | 뉴스 | 메이플스토리,,,,medium
b1559021bc37dff03359,이벤트 | 뉴스 | 메이플스토리,,,,medium
c4dd169dc146ea4b25eb,이벤트 | 뉴스 | 메이플스토리,,,,medium
4aa769537675b02db107,이벤트 | 뉴스 | 메이플스토리,,,,medium
83754e1eddd44fe3ea0c,이벤트 | 뉴스 | 메이플스토리,,,,medium
814f0e165a191f367746,이벤트 | 뉴스 | 메이플스토리,,,,medium
7dd3e1766b00dc86c9b2,이벤트 | 뉴스 | 메이플스토리,,,,medium
b4a2c5b98fcfe0b300a5,이벤트 | 뉴스 | 메이플스토리,,,,medium
e89ae45157f82dbe5eac,이벤트 | 뉴스 | 메이플스토리,,,,medium
9962f3dd9ca4fa8566b6,이벤트 | 뉴스 | 메이플스토리,,,,medium
8a0fd948a5cd48ea24f1,이벤트 | 뉴스 | 메이플스토리,,,,medium
35c6e3619eba5e00bddf,이벤트 | 뉴스 | 메이플스토리,,,,medium
a9573f95dcd11cc7b47b,이벤트 | 뉴스 | 메이플스토리,,,,medium
2e1211cc83957ac29b7d,이벤트 | 뉴스 | 메이플스토리,,,,medium
08955af7200dae5b1126,이벤트 | 뉴스 | 메이플스토리,,,,medium
cc9e8148a4b9bab81a24,이벤트 | 뉴스 | 메이플스토리,,,,medium
c5632bb9bed787c6f2f1,이벤트 | 뉴스 | 메이플스토리,,,,medium
04fc4b0940cd975f905c,이벤트 | 뉴스 | 메이플스토리,,,,medium
39fc7bfdfc92ccb28331,이벤트 | 뉴스 | 메이플스토리,,,,medium
3c704972b931375943cb,이벤트 | 뉴스 | 메이플스토리,,,,medium
57a9cb57b327c815d060,이벤트 | 뉴스 | 메이플스토리,,,,medium
a86649d4b8ad431cd9cb,이벤트 | 뉴스 | 메이플스토리,,,,medium
dcbfb451d6306463eab0,이벤트 | 뉴스 | 메이플스토리,,,,medium
8a6b9af5d1ebd4a17429,이벤트 | 뉴스 | 메이플스토리,,,,medium
2ea446518f5a67e3e937,이벤트 | 뉴스 | 메이플스토리,,,,medium
9b7a0e8edfc0f4f10401,이벤트 | 뉴스 | 메이플스토리,,,,medium
3426e31efbabbaab00ff,이벤트 | 뉴스 | 메이플스토리,,,,medium
0636aa7e3b424abd2b1c,이벤트 | 뉴스 | 메이플스토리,,,,medium
36b468f7fdb1a8b3d6fb,이벤트 | 뉴스 | 메이플스토리,,,,medium
a429b7f19ab635fed522,이벤트 | 뉴스 | 메이플스토리,,,,medium
3dfbf520ff41fd4616d2,이벤트 | 뉴스 | 메이플스토리,,,,medium
4790b29597899337ced5,이벤트 | 뉴스 | 메이플스토리,,,,medium
f0270b730130a79421d1,이벤트 | 뉴스 | 메이플스토리,,,,medium
214a246a1ffbcfaf1f59,이벤트 | 뉴스 | 메이플스토리,,,,medium
b7c5c504991c87bd6ae3,이벤트 | 뉴스 | 메이플스토리,,,,medium
51d826eaad1518ba9302,이벤트 | 뉴스 | 메이플스토리,,,,medium
c50d25286dbf756f968c,이벤트 | 뉴스 | 메이플스토리,,,,medium
dcc5ce88dd8f17cfab20,이벤트 | 뉴스 | 메이플스토리,,,,medium
b7c44d6fad880eb3459b,이벤트 | 뉴스 | 메이플스토리,,,,medium
9b3bd3615fb251261c56,이벤트 | 뉴스 | 메이플스토리,,,,medium
eb3a8b4bac4e32f04caf,이벤트 | 뉴스 | 메이플스토리,,,,medium
c4ce5d7c58b85ccc79be,이벤트 | 뉴스 | 메이플스토리,,,,medium
2b1d2ba6d41103fdbc7e,이벤트 | 뉴스 | 메이플스토리,,,,medium
7b29a7c353f64b190266,이벤트 | 뉴스 | 메이플스토리,,,,medium
d99d8d9141c217d569b0,이벤트 | 뉴스 | 메이플스토리,,,,medium
97a19085dc4d93c27766,이벤트 | 뉴스 | 메이플스토리,,,,medium
84eeee645873e8246e5a,이벤트 | 뉴스 | 메이플스토리,,,,medium
b9211476276821f36656,이벤트 | 뉴스 | 메이플스토리,,,,medium
1c4f4351444c08ad5ce1,이벤트 | 뉴스 | 메이플스토리,,,,medium
908e1a806ea8d21a92e9,이벤트 | 뉴스 | 메이플스토리,,,,medium
b66284ece3dd81094a44,이벤트 | 뉴스 | 메이플스토리,,,,medium
fb9f1c7c09f1fce66e28,이벤트 | 뉴스 | 메이플스토리,,,,medium
9520061ce060a9aa6126,이벤트 | 뉴스 | 메이플스토리,,,,medium
84852116787539a88821,이벤트 | 뉴스 | 메이플스토리,,,,medium
073e8beae80e8142b6f8,이벤트 | 뉴스 | 메이플스토리,,,,medium
c7658fb55b82170cdf4a,이벤트 | 뉴스 | 메이플스토리,,,,medium
e6c6b429c03f5ef3234d,이벤트 | 뉴스 | 메이플스토리,,,,medium
4f5246938d82b78dca2e,이벤트 | 뉴스 | 메이플스토리,,,,medium
5d8a31189f5312d4bffd,이벤트 | 뉴스 | 메이플스토리,,,,medium
0cf70ff89abffbc61026,이벤트 | 뉴스 | 메이플스토리,,,,medium
c8fcc156a1e3159f1f60,이벤트 | 뉴스 | 메이플스토리,,,,medium
e2ac6eb9217ecb30605a,이벤트 | 뉴스 | 메이플스토리,,,,medium
cea36dd0aa7d29e76d48,이벤트 | 뉴스 | 메이플스토리,,,,medium
1f5d906af53a150956c1,이벤트 | 뉴스 | 메이플스토리,,,,medium
ec339a1f8ca3b1774b7e,이벤트 | 뉴스 | 메이플스토리,,,,medium
7d72eb3d542bf52de9cc,이벤트 | 뉴스 | 메이플스토리,,,,medium
9050a62bde8d21a29fd1,이벤트 | 뉴스 | 메이플스토리,,,,medium
03054e97d89e2bcfd0a0,이벤트 | 뉴스 | 메이플스토리,,,,medium
011ac21189fe7d079581,이벤트 | 뉴스 | 메이플스토리,,,,medium
3bc01e6029d31a6fe5c6,이벤트 | 뉴스 | 메이플스토리,,,,medium
955b5832ec30adb65b67,이벤트 | 뉴스 | 메이플스토리,,,,medium
db65ad339dc53bd6babe,이벤트 | 뉴스 | 메이플스토리,,,,medium
72f752d1be3ed0262d3e,이벤트 | 뉴스 | 메이플스토리,,,,medium
a0ab07b76fd2f3f30033,이벤트 | 뉴스 | 메이플스토리,,,,medium
047d6c5595b912b10c10,이벤트 | 뉴스 | 메이플스토리,,,,medium
6ab87ac3b30840ce07f5,이벤트 | 뉴스 | 메이플스토리,,,,medium
5bdf936d9259843c848f,이벤트 | 뉴스 | 메이플스토리,,,,medium
c85c7983b34e4dfef0a3,이벤트 | 뉴스 | 메이플스토리,,,,medium
97541b0606034c9f39b6,이벤트 | 뉴스 | 메이플스토리,,,,medium
6dbcd22cf3b56098b3e1,이벤트 | 뉴스 | 메이플스토리,,,,medium
cf0ff7bb64881e25616e,이벤트 | 뉴스 | 메이플스토리,,,,medium
7bcbb46c35a473d6712f,이벤트 | 뉴스 | 메이플스토리,,,,medium
62424b05b5f4dcfbe738,이벤트 | 뉴스 | 메이플스토리,,,,medium
f55b41bcd0072137d5bc,이벤트 | 뉴스 | 메이플스토리,,,,medium
a7d2ef5fb158d4a7fae2,이벤트 | 뉴스 | 메이플스토리,,,,medium
387326d660ab0cbe84dd,이벤트 | 뉴스 | 메이플스토리,,,,medium
99563837b0502f41d111,이벤트 | 뉴스 | 메이플스토리,,,,medium
a920bd336ae5cae7a655,이벤트 | 뉴스 | 메이플스토리,,,,medium
2ae80e77bee2071728ca,이벤트 | 뉴스 | 메이플스토리,,,,medium
ac63dc579c953d173706,이벤트 | 뉴스 | 메이플스토리,,,,medium
83c7fd9be9ceb7eb0784,이벤트 | 뉴스 | 메이플스토리,,,,medium
d417e62be344d0947037,이벤트 | 뉴스 | 메이플스토리,,,,medium
3d00bb629c72aa613af3,이벤트 | 뉴스 | 메이플스토리,,,,medium
4502fb15d213ad90f883,이벤트 | 뉴스 | 메이플스토리,,,,medium
bf1b499fd9dc6de2d8c6,이벤트 | 뉴스 | 메이플스토리,,,,medium
94cebc8f3467197a3368,이벤트 | 뉴스 | 메이플스토리,,,,medium
7a8895804ac63a7be137,이벤트 | 뉴스 | 메이플스토리,,,,medium
4157441ec730fb6066a7,이벤트 | 뉴스 | 메이플스토리,,,,medium
9007b44c1a6978418d33,이벤트 | 뉴스 | 메이플스토리,,,,medium
08c46111f9704a5ca0f7,이벤트 | 뉴스 | 메이플스토리,,,,medium
b984c6a745b0cb189a65,이벤트 | 뉴스 | 메이플스토리,,,,medium
af856a03e3ac63c8f6b7,이벤트 | 뉴스 | 메이플스토리,,,,medium
6e8bd427333f54f0e954,이벤트 | 뉴스 | 메이플스토리,,,,medium
0e88caf1d744fccf4327,이벤트 | 뉴스 | 메이플스토리,,,,medium
580c794c9bbe7008b46f,이벤트 | 뉴스 | 메이플스토리,,,,medium
1224a06f417fe32bdef8,이벤트 | 뉴스 | 메이플스토리,,,,medium
05b0e651b9f67bc02ac2,이벤트 | 뉴스 | 메이플스토리,,,,medium
7e33993aed1be7dda223,이벤트 | 뉴스 | 메이플스토리,,,,medium
be0e754baed5e91fbd94,이벤트 | 뉴스 | 메이플스토리,,,,medium
9860c5edc26bc9b07d6a,이벤트 | 뉴스 | 메이플스토리,,,,medium
7337f584e69534ecf47c,이벤트 | 뉴스 | 메이플스토리,,,,medium
3ac9cabd94f77f12ba19,이벤트 | 뉴스 | 메이플스토리,,,,medium
77504335f369d94ca99e,이벤트 | 뉴스 | 메이플스토리,,,,medium
888ccc70df7fab6baec2,이벤트 | 뉴스 | 메이플스토리,,,,medium
e683cdcb557492b3bda2,이벤트 | 뉴스 | 메이플스토리,,,,medium
804e702cdfc234dfba57,이벤트 | 뉴스 | 메이플스토리,,,,medium
ebed5d3f798ced466dd8,이벤트 | 뉴스 | 메이플스토리,,,,medium
84c1337f01d9f5e638a3,이벤트 | 뉴스 | 메이플스토리,,,,medium
e0a1b7faefc9001e3cd4,이벤트 | 뉴스 | 메이플스토리,,,,medium
77f56cf2e763d19c28a2,이벤트 | 뉴스 | 메이플스토리,,,,medium
73f106bb84fa5b754426,이벤트 | 뉴스 | 메이플스토리,,,,medium
7f24ab46dc8a0e6a498c,이벤트 | 뉴스 | 메이플스토리,,,,medium
c72df9026fa2afd0891d,이벤트 | 뉴스 | 메이플스토리,,,,medium
5c3b4e4b40b87064ba1a,이벤트 | 뉴스 | 메이플스토리,,,,medium
089727460365dee1816a,이벤트 | 뉴스 | 메이플스토리,,,,medium
f047abbbcf6499bd65f8,이벤트 | 뉴스 | 메이플스토리,,,,medium
ee0290b741e5212be162,이벤트 | 뉴스 | 메이플스토리,,,,medium
d76f9f37cc82770f07de,이벤트 | 뉴스 | 메이플스토리,,,,medium
ca488faef4cb658c0e11,이벤트 | 뉴스 | 메이플스토리,,,,medium
90a36f788076697a7462,이벤트 | 뉴스 | 메이플스토리,,,,medium
5660249a22df1d978a6e,이벤트 | 뉴스 | 메이플스토리,,,,medium
326ad60d21163709894c,이벤트 | 뉴스 | 메이플스토리,,,,medium
16ab3522849ae3108c55,이벤트 | 뉴스 | 메이플스토리,,,,medium
29a2657a24e3927ceb36,이벤트 | 뉴스 | 메이플스토리,,,,medium
f8327949db8c919cca73,이벤트 | 뉴스 | 메이플스토리,,,,medium
93cfc96a16b5357be1f3,이벤트 | 뉴스 | 메이플스토리,,,,medium
977363d9b89dec71d434,이벤트 | 뉴스 | 메이플스토리,,,,medium
f88ebae5f3be37ff3ac3,이벤트 | 뉴스 | 메이플스토리,,,,medium
d859f304b45c01725e2a,이벤트 | 뉴스 | 메이플스토리,,,,medium
12dc1ae6d8839e7d5878,이벤트 | 뉴스 | 메이플스토리,,,,medium
550d7638175ce15fefc3,이벤트 | 뉴스 | 메이플스토리,,,,medium
14a371ef33697a87a699,이벤트 | 뉴스 | 메이플스토리,,,,medium
61e6e2e01813ec45798f,이벤트 | 뉴스 | 메이플스토리,,,,medium
ac7f5a41a9c8234a120f,이벤트 | 뉴스 | 메이플스토리,,,,medium
9b78ab708333ec7ab6e5,이벤트 | 뉴스 | 메이플스토리,,,,medium
a581add441b3aba27421,이벤트 | 뉴스 | 메이플스토리,,,,medium
865064622cd6bd4732b3,이벤트 | 뉴스 | 메이플스토리,,,,medium
4e013cd610a555469f0f,이벤트 | 뉴스 | 메이플스토리,,,,medium
a12bc9126596ba95eb51,이벤트 | 뉴스 | 메이플스토리,,,,medium
6f55acfa174e726a3d38,이벤트 | 뉴스 | 메이플스토리,,,,medium
ebb9903031317cfe80cb,이벤트 | 뉴스 | 메이플스토리,,,,medium
a7aee747df8860582119,이벤트 | 뉴스 | 메이플스토리,,,,medium
cec306863de7cad33f1c,이벤트 | 뉴스 | 메이플스토리,,,,medium
78dac3e612c583a2e532,이벤트 | 뉴스 | 메이플스토리,,,,medium
6491e76691bd45259413,이벤트 | 뉴스 | 메이플스토리,,,,medium
847924ee38308ea90a8c,이벤트 | 뉴스 | 메이플스토리,,,,medium
57bb8f7df2bba5b54630,이벤트 | 뉴스 | 메이플스토리,,,,medium
432a389175280fcaa700,이벤트 | 뉴스 | 메이플스토리,,,,medium
3499bd1899e11ef9f926,이벤트 | 뉴스 | 메이플스토리,,,,medium
4d12b43ad6531a7e2ad5,이벤트 | 뉴스 | 메이플스토리,,,,medium
bf29ce5011b53d715fe0,이벤트 | 뉴스 | 메이플스토리,,,,medium
9a892044c1e6d128b685,이벤트 | 뉴스 | 메이플스토리,,,,medium
a9e9e8491416f539d705,이벤트 | 뉴스 | 메이플스토리,,,,medium
a9a842b479be64883dd1,이벤트 | 뉴스 | 메이플스토리,,,,medium
4e32a2bae354fbdec47d,이벤트 | 뉴스 | 메이플스토리,,,,medium
0595216ea735c7ccf400,이벤트 | 뉴스 | 메이플스토리,,,,medium
b3cf861cea285814935c,이벤트 | 뉴스 | 메이플스토리,,,,medium
ba545781665d973a2721,이벤트 | 뉴스 | 메이플스토리,,,,medium
0189a0e61764c8c5805b,이벤트 | 뉴스 | 메이플스토리,,,,medium
33a539fe9570809f6dd2,이벤트 | 뉴스 | 메이플스토리,,,,medium
397b4d44fc21cb5824bd,이벤트 | 뉴스 | 메이플스토리,,,,medium
a54c52cbd0fc73891b76,이벤트 | 뉴스 | 메이플스토리,,,,medium
48367a4cf39100e132bc,이벤트 | 뉴스 | 메이플스토리,,,,medium
27bc29664e9d4caef358,이벤트 | 뉴스 | 메이플스토리,,,,medium
45727ccdd9149d306541,이벤트 | 뉴스 | 메이플스토리,,,,medium
48000ff61142b423f22f,이벤트 | 뉴스 | 메이플스토리,,,,medium
d3ea3c2410d1cae2fbba,이벤트 | 뉴스 | 메이플스토리,,,,medium
f102bbf1ed4b461b3a34,이벤트 | 뉴스 | 메이플스토리,,,,medium
0d0a893dc9772b60c443,이벤트 | 뉴스 | 메이플스토리,,,,medium
afc8292ecf18bf8bc611,이벤트 | 뉴스 | 메이플스토리,,,,medium
5a06d505748bade0dd30,이벤트 | 뉴스 | 메이플스토리,,,,medium
485894ff5ec25578ede7,이벤트 | 뉴스 | 메이플스토리,,,,medium
01384275ba835374fa62,이벤트 | 뉴스 | 메이플스토리,,,,medium
a71897860ff7b0b3b2c8,이벤트 | 뉴스 | 메이플스토리,,,,medium
9f49207748b99237e02f,이벤트 | 뉴스 | 메이플스토리,,,,medium
2380f7b3d6877dfdafec,이벤트 | 뉴스 | 메이플스토리,,,,medium
46a05e66de2000d12e28,이벤트 | 뉴스 | 메이플스토리,,,,medium
76bdd711594a1d8d306d,이벤트 | 뉴스 | 메이플스토리,,,,medium
bb264acf57bca463ef49,이벤트 | 뉴스 | 메이플스토리,,,,medium
f5865ddcf5c2d018f682,이벤트 | 뉴스 | 메이플스토리,,,,medium
8702cec52bc1689d5367,이벤트 | 뉴스 | 메이플스토리,,,,medium
6b56c5ea373de5046e71,이벤트 | 뉴스 | 메이플스토리,,,,medium
fd7d361278dff56520bc,이벤트 | 뉴스 | 메이플스토리,,,,medium
da6db5fa803225980ad6,이벤트 | 뉴스 | 메이플스토리,,,,medium
f20edcf1db8af7ee689e,이벤트 | 뉴스 | 메이플스토리,,,,medium
785f0d6f389a0c452b57,이벤트 | 뉴스 | 메이플스토리,,,,medium
0de09508028e15ca5323,이벤트 | 뉴스 | 메이플스토리,,,,medium
4a2da47bcc937989e126,이벤트 | 뉴스 | 메이플스토리,,,,medium
460e104889b43577664a,이벤트 | 뉴스 | 메이플스토리,,,,medium
8fa0c8aa79bcd8eef0a1,이벤트 | 뉴스 | 메이플스토리,,,,medium
8442563ff90e49c87d0d,이벤트 | 뉴스 | 메이플스토리,,,,medium
7a017e7f2f1218034eea,이벤트 | 뉴스 | 메이플스토리,,,,medium
d04136bf65b86e87dff2,이벤트 | 뉴스 | 메이플스토리,,,,medium
0bf1557445ced99db103,이벤트 | 뉴스 | 메이플스토리,,,,medium
52e3a55a35f67cf31991,이벤트 | 뉴스 | 메이플스토리,,,,medium
5ad6e3bfb88344e37b9a,이벤트 | 뉴스 | 메이플스토리,,,,medium
fb546cc49cd35afb8142,이벤트 | 뉴스 | 메이플스토리,,,,medium
f1eba395455954a5fe20,이벤트 | 뉴스 | 메이플스토리,,,,medium
9bf4fbfcdca8c8b4b123,이벤트 | 뉴스 | 메이플스토리,,,,medium
4ef9ad1b989e5bfc295a,이벤트 | 뉴스 | 메이플스토리,,,,medium
e8869f14c706d6e1cab6,이벤트 | 뉴스 | 메이플스토리,,,,medium
cb389118c5f47a0337b7,이벤트 | 뉴스 | 메이플스토리,,,,medium
0ecd1d7960bc85a6d86b,이벤트 | 뉴스 | 메이플스토리,,,,medium
3c27dd42b5c01cb38507,이벤트 | 뉴스 | 메이플스토리,,,,medium
55b928fe8fcf45f87905,이벤트 | 뉴스 | 메이플스토리,,,,medium
9d2ba7b27bc3f9a3862b,이벤트 | 뉴스 | 메이플스토리,,,,medium
e9645617325c861c96cc,이벤트 | 뉴스 | 메이플스토리,,,,medium
92d154c5a27363ff02c6,이벤트 | 뉴스 | 메이플스토리,,,,medium
3fb499bf7f5b0fb3b941,이벤트 | 뉴스 | 메이플스토리,,,,medium
039d2c8b5a42ccebef0b,이벤트 | 뉴스 | 메이플스토리,,,,medium
85bcec1ad0b6917a94f5,이벤트 | 뉴스 | 메이플스토리,,,,medium
69f26c080c6f8f89cd90,이벤트 | 뉴스 | 메이플스토리,,,,medium
cbda167cee71c21b30d0,이벤트 | 뉴스 | 메이플스토리,,,,medium
ec5d5dd4fe6aabdd1402,이벤트 | 뉴스 | 메이플스토리,,,,medium
b0cf0ff196c7f0856bf0,이벤트 | 뉴스 | 메이플스토리,,,,medium
5814462289ff8f187619,이벤트 | 뉴스 | 메이플스토리,,,,medium
957444484ff611d99cd3,이벤트 | 뉴스 | 메이플스토리,,,,medium
4374ef94134148d5a7dc,이벤트 | 뉴스 | 메이플스토리,,,,medium
e6513e424c788a2c9461,이벤트 | 뉴스 | 메이플스토리,,,,medium
31899e5bd3cf66b599d1,이벤트 | 뉴스 | 메이플스토리,,,,medium
33eda1211bc23d03e39a,이벤트 | 뉴스 | 메이플스토리,,,,medium
f86c368dd85862c3a942,이벤트 | 뉴스 | 메이플스토리,,,,medium
084771b4329259ec98d8,이벤트 | 뉴스 | 메이플스토리,,,,medium
df2a035172b774bd9918,이벤트 | 뉴스 | 메이플스토리,,,,medium
1337dd9c72e490873920,이벤트 | 뉴스 | 메이플스토리,,,,medium
763daaf8dab37578d50f,이벤트 | 뉴스 | 메이플스토리,,,,medium
93f479bf0240b933f11d,이벤트 | 뉴스 | 메이플스토리,,,,medium
4ee967edb8d5a278ce8c,이벤트 | 뉴스 | 메이플스토리,,,,medium
c430a19960a27fda2650,이벤트 | 뉴스 | 메이플스토리,,,,medium
d705030eec14ff0c9f9a,이벤트 | 뉴스 | 메이플스토리,,,,medium
d2128af85b6029b4161f,이벤트 | 뉴스 | 메이플스토리,,,,medium
ab1a5ac89fdce1f9773a,이벤트 | 뉴스 | 메이플스토리,,,,medium
ef7df3004f333c7b871c,이벤트 | 뉴스 | 메이플스토리,,,,medium
341b8f6811e5fdf6abff,이벤트 | 뉴스 | 메이플스토리,,,,medium
104aa727937b684c812d,이벤트 | 뉴스 | 메이플스토리,,,,medium
fc34e789ebe6c2f31471,이벤트 | 뉴스 | 메이플스토리,,,,medium
31d7a7691e08f7191617,이벤트 | 뉴스 | 메이플스토리,,,,medium
935d1e6fc773803c121e,이벤트 | 뉴스 | 메이플스토리,,,,medium
07f66f4275ee72e30ab2,이벤트 | 뉴스 | 메이플스토리,,,,medium
4a5da96fee9d68e17e56,이벤트 | 뉴스 | 메이플스토리,,,,medium
6767bb1f66f6db515d75,이벤트 | 뉴스 | 메이플스토리,,,,medium
b38114484069daac425f,이벤트 | 뉴스 | 메이플스토리,,,,medium
7323569235bac50fe430,이벤트 | 뉴스 | 메이플스토리,,,,medium
b041248f5b1265bd3090,이벤트 | 뉴스 | 메이플스토리,,,,medium
47f71d5970c79e9c373e,이벤트 | 뉴스 | 메이플스토리,,,,medium
35d6cc13e6cdff0de4ef,이벤트 | 뉴스 | 메이플스토리,,,,medium
baf022d63eaa2ea1b6ee,이벤트 | 뉴스 | 메이플스토리,,,,medium
31ce1cb4f236836464fb,이벤트 | 뉴스 | 메이플스토리,,,,medium
78c028563c0a83997cbd,이벤트 | 뉴스 | 메이플스토리,,,,medium
80f904320d4610c75ea5,이벤트 | 뉴스 | 메이플스토리,,,,medium
09693563fa5e493cdb16,이벤트 | 뉴스 | 메이플스토리,,,,medium
391a03c8d52d3a713266,이벤트 | 뉴스 | 메이플스토리,,,,medium
626448181ea3d7f3abd1,이벤트 | 뉴스 | 메이플스토리,,,,medium
cfc7d94a8907e9eb8a6e,이벤트 | 뉴스 | 메이플스토리,,,,medium
74e3c1ae98062868c35c,이벤트 | 뉴스 | 메이플스토리,,,,medium
d79d01f0ebc0a25df634,이벤트 | 뉴스 | 메이플스토리,,,,medium
2ffa81313b56f49f977f,이벤트 | 뉴스 | 메이플스토리,,,,medium
29ddb68dfb886bd3c2a3,이벤트 | 뉴스 | 메이플스토리,,,,medium
6ceba3ec53cefab1b4d0,이벤트 | 뉴스 | 메이플스토리,,,,medium
86e1b92d8fded3562d47,이벤트 | 뉴스 | 메이플스토리,,,,medium
de80b667a3087b4ebe07,이벤트 | 뉴스 | 메이플스토리,,,,medium
9a14cca13e1370236341,이벤트 | 뉴스 | 메이플스토리,,,,medium
78ffbd67928cf185fe76,이벤트 | 뉴스 | 메이플스토리,,,,medium
d0161ea90e2ef5e263f7,이벤트 | 뉴스 | 메이플스토리,,,,medium
bc9fe68f65345907d6b0,이벤트 | 뉴스 | 메이플스토리,,,,medium
11cb76d6d52071a88a33,이벤트 | 뉴스 | 메이플스토리,,,,medium
9f3deb947d648532dc47,이벤트 | 뉴스 | 메이플스토리,,,,medium
00dceb6ec1efd105edde,이벤트 | 뉴스 | 메이플스토리,,,,medium
6ef367b67ff26924df8d,이벤트 | 뉴스 | 메이플스토리,,,,medium
77ad39c35120c7a5220b,이벤트 | 뉴스 | 메이플스토리,,,,medium
556cba15829864662e0f,이벤트 | 뉴스 | 메이플스토리,,,,medium
a5d91411b6901f634aa0,이벤트 | 뉴스 | 메이플스토리,,,,medium
ac77fafe515d6e8f4604,이벤트 | 뉴스 | 메이플스토리,,,,medium
4141786bcf36768cb7b3,이벤트 | 뉴스 | 메이플스토리,,,,medium
1ea8ec71650b7fc811b6,이벤트 | 뉴스 | 메이플스토리,,,,medium
2d349c3114dffa30a7ec,이벤트 | 뉴스 | 메이플스토리,,,,medium
26572bf5187224741916,이벤트 | 뉴스 | 메이플스토리,,,,medium
791779ee394ac96dbf07,이벤트 | 뉴스 | 메이플스토리,,,,medium
c1e008fcb6bef123ca9b,이벤트 | 뉴스 | 메이플스토리,,,,medium
714208ca070597b86ac1,이벤트 | 뉴스 | 메이플스토리,,,,medium
c9950f64803f1384d101,이벤트 | 뉴스 | 메이플스토리,,,,medium
5f6fee1d5e2b5dce1bfd,이벤트 | 뉴스 | 메이플스토리,,,,medium
2462d2b12a03fb3fd8ed,이벤트 | 뉴스 | 메이플스토리,,,,medium
0af2f5bc4db1174005e4,이벤트 | 뉴스 | 메이플스토리,,,,medium
07dc1f92a8e1d8f6f3d8,이벤트 | 뉴스 | 메이플스토리,,,,medium
6afd3eeade9f2830eb69,이벤트 | 뉴스 | 메이플스토리,,,,medium
61012322cfd73a580c34,이벤트 | 뉴스 | 메이플스토리,,,,medium
387a2847e02534fcbc07,이벤트 | 뉴스 | 메이플스토리,,,,medium
3802eef2531a024fecbc,이벤트 | 뉴스 | 메이플스토리,,,,medium
be9326e3c5c7aed3b823,이벤트 | 뉴스 | 메이플스토리,,,,medium
50a4d00dc6fe5de876e5,이벤트 | 뉴스 | 메이플스토리,,,,medium
5ad86673f0b3c70382b2,이벤트 | 뉴스 | 메이플스토리,,,,medium
74a4954b5f1853857d01,이벤트 | 뉴스 | 메이플스토리,,,,medium
714293fd97016fd5dc87,이벤트 | 뉴스 | 메이플스토리,,,,medium
f6b06e276ba013e22e63,이벤트 | 뉴스 | 메이플스토리,,,,medium
e9d2da6a43903a7c7faa,이벤트 | 뉴스 | 메이플스토리,,,,medium
15d8a053d0a81cf98262,이벤트 | 뉴스 | 메이플스토리,,,,medium
2ddb9412ea9d35db8971,이벤트 | 뉴스 | 메이플스토리,,,,medium
2e28881227524639139f,이벤트 | 뉴스 | 메이플스토리,,,,medium
d6e41c3d609b33a6d701,이벤트 | 뉴스 | 메이플스토리,,,,medium
4183088cbb3a193f0b70,이벤트 | 뉴스 | 메이플스토리,,,,medium
cd352f9ea21c9eb36c4c,이벤트 | 뉴스 | 메이플스토리,,,,medium
aff9d4361e915eac8439,이벤트 | 뉴스 | 메이플스토리,,,,medium
8568bc8040f1e25a8c56,이벤트 | 뉴스 | 메이플스토리,,,,medium
3d42a136bcc74204f781,이벤트 | 뉴스 | 메이플스토리,,,,medium
680b7d228ff7654dffc2,이벤트 | 뉴스 | 메이플스토리,,,,medium
14829daaed0431374ef5,이벤트 | 뉴스 | 메이플스토리,,,,medium
5c589633330cc2ca8f00,이벤트 | 뉴스 | 메이플스토리,,,,medium
c5fac219519f387f5327,이벤트 | 뉴스 | 메이플스토리,,,,medium
17400bed5495806906ba,이벤트 | 뉴스 | 메이플스토리,,,,medium
997b96af90dc2cc351f0,이벤트 | 뉴스 | 메이플스토리,,,,medium
636f6b507b41308668b0,이벤트 | 뉴스 | 메이플스토리,,,,medium
c58de447444b18d780d5,이벤트 | 뉴스 | 메이플스토리,,,,medium
1d4b400bc3b4f7ef333b,이벤트 | 뉴스 | 메이플스토리,,,,medium
14b70b6adcea24c1245a,이벤트 | 뉴스 | 메이플스토리,,,,medium
7ea45bf4dc275e7b6566,이벤트 | 뉴스 | 메이플스토리,,,,medium
ebb419bea2c3fe2e53aa,이벤트 | 뉴스 | 메이플스토리,,,,medium
643721aa28958ef4909a,이벤트 | 뉴스 | 메이플스토리,,,,medium
86a75de8aeaa591cb64c,이벤트 | 뉴스 | 메이플스토리,,,,medium
6024cac07657ea52db35,이벤트 | 뉴스 | 메이플스토리,,,,medium
d19b04303b0c89a27bf0,이벤트 | 뉴스 | 메이플스토리,,,,medium
f14713329686a0a7ea7a,이벤트 | 뉴스 | 메이플스토리,,,,medium
ee73d81f6dbdb6dbd6d7,이벤트 | 뉴스 | 메이플스토리,,,,medium
8e1379eb9aebbf52af98,이벤트 | 뉴스 | 메이플스토리,,,,medium
07f4fd9955d6ae5508f4,이벤트 | 뉴스 | 메이플스토리,,,,medium
a4ed1d46d7245125cd2c,이벤트 | 뉴스 | 메이플스토리,,,,medium
e53fec7c3691526dc609,이벤트 | 뉴스 | 메이플스토리,,,,medium
1ab29c7286a36e7fbe9e,이벤트 | 뉴스 | 메이플스토리,,,,medium
12b0690d9411040bc39b,이벤트 | 뉴스 | 메이플스토리,,,,medium
28ffd322f18c87ea2d95,이벤트 | 뉴스 | 메이플스토리,,,,medium
22eeddc842f5de5703ee,이벤트 | 뉴스 | 메이플스토리,,,,medium
05f93bc6615138be24e7,이벤트 | 뉴스 | 메이플스토리,,,,medium
ac13ac2c71063cdb2c36,이벤트 | 뉴스 | 메이플스토리,,,,medium
e60cf28e1711b8f16a37,이벤트 | 뉴스 | 메이플스토리,,,,medium
a8ef0cfc0c6bbf187105,이벤트 | 뉴스 | 메이플스토리,,,,medium
c9b8e478205af58a8702,이벤트 | 뉴스 | 메이플스토리,,,,medium
eafd18fdc0fde4df2c5f,이벤트 | 뉴스 | 메이플스토리,,,,medium
ca265bae9bd96dd7ed3b,이벤트 | 뉴스 | 메이플스토리,,,,medium
cab414a87e48ca6951aa,이벤트 | 뉴스 | 메이플스토리,,,,medium
b89efdeca1c0a0c08b66,이벤트 | 뉴스 | 메이플스토리,,,,medium
bdfc1bd746a088843fdc,이벤트 | 뉴스 | 메이플스토리,,,,medium
61481f02b4f4a83971f1,이벤트 | 뉴스 | 메이플스토리,,,,medium
10f2cc8a2b588b84153c,이벤트 | 뉴스 | 메이플스토리,,,,medium
a39ee7e52b1d9bb7dae8,이벤트 | 뉴스 | 메이플스토리,,,,medium
bbc193f2df9c253a76b9,이벤트 | 뉴스 | 메이플스토리,,,,medium
99bc0d57a084b90379bb,이벤트 | 뉴스 | 메이플스토리,,,,medium
5b368bfb478f8b8324dd,이벤트 | 뉴스 | 메이플스토리,,,,medium
3fd88f2d60e11601e9ab,이벤트 | 뉴스 | 메이플스토리,,,,medium
6f14fb0736a1a0bd7876,이벤트 | 뉴스 | 메이플스토리,,,,medium
b808c8f25fc7a8623624,이벤트 | 뉴스 | 메이플스토리,,,,medium
e04250b6bf554b84c19a,이벤트 | 뉴스 | 메이플스토리,,,,medium
b4d4d653f89b782ec463,이벤트 | 뉴스 | 메이플스토리,,,,medium
8ab014cbdb0ab500c47b,이벤트 | 뉴스 | 메이플스토리,,,,medium
db84ddf606b77ebd6015,이벤트 | 뉴스 | 메이플스토리,,,,medium
27c78ddf041b9c149c59,이벤트 | 뉴스 | 메이플스토리,,,,medium
29277f93ec5a24eb1e36,이벤트 | 뉴스 | 메이플스토리,,,,medium
aea25c25a2318ecf3bbf,이벤트 | 뉴스 | 메이플스토리,,,,medium
4883ce34918c4e8c526e,이벤트 | 뉴스 | 메이플스토리,,,,medium
616fa2696a2cf7d03d1e,이벤트 | 뉴스 | 메이플스토리,,,,medium
849ed913fce9cb947223,이벤트 | 뉴스 | 메이플스토리,,,,medium
2fb1494c277833fd8418,이벤트 | 뉴스 | 메이플스토리,,,,medium
d2215c1b10a190965c9a,이벤트 | 뉴스 | 메이플스토리,,,,medium
29ae467ce969b07e2a5e,이벤트 | 뉴스 | 메이플스토리,,,,medium
d801cd14ba05c05de8e6,이벤트 | 뉴스 | 메이플스토리,,,,medium
5b99508c3148d2b5e10a,이벤트 | 뉴스 | 메이플스토리,,,,medium
48d656cd937e8b5b5a8a,이벤트 | 뉴스 | 메이플스토리,,,,medium
a06ca43d07965408bb89,이벤트 | 뉴스 | 메이플스토리,,,,medium
a316807a1f2215d59999,이벤트 | 뉴스 | 메이플스토리,,,,medium
21220f6af142a1dd3a12,이벤트 | 뉴스 | 메이플스토리,,,,medium
f5e33f45ba45aa0526fc,이벤트 | 뉴스 | 메이플스토리,,,,medium
c57e4abb5f5fc21d3715,이벤트 | 뉴스 | 메이플스토리,,,,medium
c80a19a6802b271cd194,이벤트 | 뉴스 | 메이플스토리,,,,medium
c6f63ebb338162ab1526,이벤트 | 뉴스 | 메이플스토리,,,,medium
848845d1b9dc938a07c4,이벤트 | 뉴스 | 메이플스토리,,,,medium
9c485065bef58afce5a4,이벤트 | 뉴스 | 메이플스토리,,,,medium
fac680ec3b7c95299ceb,이벤트 | 뉴스 | 메이플스토리,,,,medium
ba1d73a4ff4b4505b07a,이벤트 | 뉴스 | 메이플스토리,,,,medium
6638294ea3db4c254f2a,이벤트 | 뉴스 | 메이플스토리,,,,medium
ffdfee7650d13e7744a7,이벤트 | 뉴스 | 메이플스토리,,,,medium
a639be515ae82d01ab1b,이벤트 | 뉴스 | 메이플스토리,,,,medium
355c010ff3546f37754c,이벤트 | 뉴스 | 메이플스토리,,,,medium
e85363b23a94f1fe251c,이벤트 | 뉴스 | 메이플스토리,,,,medium
872c77352b95ccab8f6c,이벤트 | 뉴스 | 메이플스토리,,,,medium
5c858944cc9efb662fb7,이벤트 | 뉴스 | 메이플스토리,,,,medium
a63a18b5ba007b97a702,이벤트 | 뉴스 | 메이플스토리,,,,medium
12ec9dd497eff4f88462,이벤트 | 뉴스 | 메이플스토리,,,,medium
b4a2accb9a0041bddc96,이벤트 | 뉴스 | 메이플스토리,,,,medium
9224a10a5239842d7f3e,이벤트 | 뉴스 | 메이플스토리,,,,medium
9c4d3465267642b71d1f,이벤트 | 뉴스 | 메이플스토리,,,,medium
a7395460a7bce605f773,이벤트 | 뉴스 | 메이플스토리,,,,medium
fe1fc29764ef429bf67b,이벤트 | 뉴스 | 메이플스토리,,,,medium
a9e98e25d98303cba05a,이벤트 | 뉴스 | 메이플스토리,,,,medium
afe72050848cd3b43735,이벤트 | 뉴스 | 메이플스토리,,,,medium
d4c0a53d57198239c0bd,이벤트 | 뉴스 | 메이플스토리,,,,medium
47944ce101055c14d1ee,이벤트 | 뉴스 | 메이플스토리,,,,medium
e356cd90ad7df57559f5,이벤트 | 뉴스 | 메이플스토리,,,,medium
64e5db3c53bdc5bba2ab,이벤트 | 뉴스 | 메이플스토리,,,,medium
ad1bd4298632dce4d579,이벤트 | 뉴스 | 메이플스토리,,,,medium
28edfa297a9017351236,이벤트 | 뉴스 | 메이플스토리,,,,medium
13e9b6d6af811142a5aa,이벤트 | 뉴스 | 메이플스토리,,,,medium
c274e5e2adba0dd63a2c,이벤트 | 뉴스 | 메이플스토리,,,,medium
6f66ab658150eb3cb38e,이벤트 | 뉴스 | 메이플스토리,,,,medium
91515f2e33c75a18d07b,이벤트 | 뉴스 | 메이플스토리,,,,medium
8e7bd207271e672fd4e7,이벤트 | 뉴스 | 메이플스토리,,,,medium
ee2347d11b0e5fbdb22d,이벤트 | 뉴스 | 메이플스토리,,,,medium
8c575531ff39612bf6c5,이벤트 | 뉴스 | 메이플스토리,,,,medium
ef1184caf2f24eeccb37,이벤트 | 뉴스 | 메이플스토리,,,,medium
479273616b694bca2208,이벤트 | 뉴스 | 메이플스토리,,,,medium
867432545dfb25fc414d,이벤트 | 뉴스 | 메이플스토리,,,,medium
0c306f34253de4c0599a,이벤트 | 뉴스 | 메이플스토리,,,,medium
e7917eeb90fa7f742f94,이벤트 | 뉴스 | 메이플스토리,,,,medium
6b58682bd36c9509e125,이벤트 | 뉴스 | 메이플스토리,,,,medium
65508412904702fe3d9a,이벤트 | 뉴스 | 메이플스토리,,,,medium
a01aae60197dcb6feec3,이벤트 | 뉴스 | 메이플스토리,,,,medium
72f902cf63ccda308a83,이벤트 | 뉴스 | 메이플스토리,,,,medium
7fb823b60067cdea92a7,이벤트 | 뉴스 | 메이플스토리,,,,medium
d89dd3c13a6e84cfeecd,이벤트 | 뉴스 | 메이플스토리,,,,medium
e175e90db91b5091a856,이벤트 | 뉴스 | 메이플스토리,,,,medium
97c51ae6af4323eec5c0,이벤트 | 뉴스 | 메이플스토리,,,,medium
97dd374e61925865d8eb,이벤트 | 뉴스 | 메이플스토리,,,,medium
905518e6a2524aaedaff,이벤트 | 뉴스 | 메이플스토리,,,,medium
0a7442315fb9dccdc47e,이벤트 | 뉴스 | 메이플스토리,,,,medium
43f454f371a8f4f6b377,이벤트 | 뉴스 | 메이플스토리,,,,medium
bfcad8fbfad9a6e3ea3d,이벤트 | 뉴스 | 메이플스토리,,,,medium
30ed84914f4fb31ce732,이벤트 | 뉴스 | 메이플스토리,,,,medium
c12f513c32a2d9655be3,이벤트 | 뉴스 | 메이플스토리,,,,medium
c0b55c452496c185173c,이벤트 | 뉴스 | 메이플스토리,,,,medium
103c3106ee9dc9cffa54,이벤트 | 뉴스 | 메이플스토리,,,,medium
93f3e7087e071f407628,이벤트 | 뉴스 | 메이플스토리,,,,medium
4202ceb9f2dc4275af20,이벤트 | 뉴스 | 메이플스토리,,,,medium
af8f8c8c9146ac15eb8a,이벤트 | 뉴스 | 메이플스토리,,,,medium
80eb04567cf29996e367,이벤트 | 뉴스 | 메이플스토리,,,,medium
986c42d73fc49293b149,이벤트 | 뉴스 | 메이플스토리,,,,medium
903480dd8c6960a77207,이벤트 | 뉴스 | 메이플스토리,,,,medium
4ed121b99108643116f0,이벤트 | 뉴스 | 메이플스토리,,,,medium
abc2c1275b5a3cf64eb2,이벤트 | 뉴스 | 메이플스토리,,,,medium
39f134f497b62a92f094,이벤트 | 뉴스 | 메이플스토리,,,,medium
aa4456a469570a09df9f,이벤트 | 뉴스 | 메이플스토리,,,,medium
11747a9d3292056c7718,이벤트 | 뉴스 | 메이플스토리,,,,medium
1e40970c67cc4137cf6c,이벤트 | 뉴스 | 메이플스토리,,,,medium
86f5424f1abf00933a5f,이벤트 | 뉴스 | 메이플스토리,,,,medium
1f5518fd01f49c0f4c8b,이벤트 | 뉴스 | 메이플스토리,,,,medium
658e14506852f72b1719,이벤트 | 뉴스 | 메이플스토리,,,,medium
4d702822b563464079cf,이벤트 | 뉴스 | 메이플스토리,,,,medium
60521d272cf575446b72,이벤트 | 뉴스 | 메이플스토리,,,,medium
888b99749fed9e8dac67,이벤트 | 뉴스 | 메이플스토리,,,,medium
23fcf2a7599796c67c2a,이벤트 | 뉴스 | 메이플스토리,,,,medium
6d34777c49ba73144cf1,이벤트 | 뉴스 | 메이플스토리,,,,medium
48e86e1df74b43cc204f,이벤트 | 뉴스 | 메이플스토리,,,,medium
947bf9c718e56224873a,이벤트 | 뉴스 | 메이플스토리,,,,medium
deca90e249351683b8e1,이벤트 | 뉴스 | 메이플스토리,,,,medium
2954c08c5cd4e4af0ca7,이벤트 | 뉴스 | 메이플스토리,,,,medium
e5c7763d93544d9eaacd,이벤트 | 뉴스 | 메이플스토리,,,,medium
dfd107fd862777a52381,이벤트 | 뉴스 | 메이플스토리,,,,medium
97b43abe5cb3746cfd5f,이벤트 | 뉴스 | 메이플스토리,,,,medium
cd0a7adc3d4e43799456,이벤트 | 뉴스 | 메이플스토리,,,,medium
d0c4142068d952b5f4bd,이벤트 | 뉴스 | 메이플스토리,,,,medium
7379418cc99dfd08c7df,이벤트 | 뉴스 | 메이플스토리,,,,medium
ab4a86679b266b30a5f0,이벤트 | 뉴스 | 메이플스토리,,,,medium
7f70daf0d85b0ccc1275,이벤트 | 뉴스 | 메이플스토리,,,,medium
7f95d8ef5e823c05d52f,이벤트 | 뉴스 | 메이플스토리,,,,medium
f6c8331ebfb3146621fe,이벤트 | 뉴스 | 메이플스토리,,,,medium
e7ed5a9dfd00dca4d4ea,이벤트 | 뉴스 | 메이플스토리,,,,medium
06805a29547e965d28e3,이벤트 | 뉴스 | 메이플스토리,,,,medium
24a0f378389db751c9af,이벤트 | 뉴스 | 메이플스토리,,,,medium
65ba13008d9c99229a36,이벤트 | 뉴스 | 메이플스토리,,,,medium
a3bde5efc36b04ab8a09,이벤트 | 뉴스 | 메이플스토리,,,,medium
ecbc34d684c6a23bdf5a,이벤트 | 뉴스 | 메이플스토리,,,,medium
918b6bfa436af08ceaec,이벤트 | 뉴스 | 메이플스토리,,,,medium
cb58f44464ea51143ba4,이벤트 | 뉴스 | 메이플스토리,,,,medium
d0e482253207a4631be7,이벤트 | 뉴스 | 메이플스토리,,,,medium
82aa5f376a0a1d917fd0,이벤트 | 뉴스 | 메이플스토리,,,,medium
1e5e134898d37adc519e,이벤트 | 뉴스 | 메이플스토리,,,,medium
6410317f6a2ca48a7d72,이벤트 | 뉴스 | 메이플스토리,,,,medium
3ead8b8b670a4afed0eb,이벤트 | 뉴스 | 메이플스토리,,,,medium
6f91d205dce30831ff89,이벤트 | 뉴스 | 메이플스토리,,,,medium
c9da27008fd3db348554,이벤트 | 뉴스 | 메이플스토리,,,,medium
ddd053d1a3f86e74eb1a,이벤트 | 뉴스 | 메이플스토리,,,,medium
94b257a76120a8f5d807,이벤트 | 뉴스 | 메이플스토리,,,,medium
48e59ad3fcd1c53ba80a,이벤트 | 뉴스 | 메이플스토리,,,,medium
0d1a3f877e55d9c415c2,이벤트 | 뉴스 | 메이플스토리,,,,medium
b2c92a2d69a70948256d,이벤트 | 뉴스 | 메이플스토리,,,,medium
cf93d3f1ca9f5df2466c,이벤트 | 뉴스 | 메이플스토리,,,,medium
15c69c65a80492003b26,이벤트 | 뉴스 | 메이플스토리,,,,medium
fabfd0f71880284c7d05,이벤트 | 뉴스 | 메이플스토리,,,,medium
8267cee638b42f0604cc,이벤트 | 뉴스 | 메이플스토리,,,,medium
4d959836592d75f8158b,이벤트 | 뉴스 | 메이플스토리,,,,medium
7346d90b1a8bc16e2860,이벤트 | 뉴스 | 메이플스토리,,,,medium
e883cc954e4a7f8d4a9e,이벤트 | 뉴스 | 메이플스토리,,,,medium
4576a27c0c06f6c47442,이벤트 | 뉴스 | 메이플스토리,,,,medium
74a129197769b5f0c657,이벤트 | 뉴스 | 메이플스토리,,,,medium
4073e989d16aab0164c9,이벤트 | 뉴스 | 메이플스토리,,,,medium
7ada33eae2ea0593786b,이벤트 | 뉴스 | 메이플스토리,,,,medium
388041f66ac49b20306d,이벤트 | 뉴스 | 메이플스토리,,,,medium
c210fc1887e8df9f91a4,이벤트 | 뉴스 | 메이플스토리,,,,medium
208ef4c66bd9b8cebb22,이벤트 | 뉴스 | 메이플스토리,,,,medium
284680d4918a89ec1e00,이벤트 | 뉴스 | 메이플스토리,,,,medium
b54fd1ae27d07331f6fe,이벤트 | 뉴스 | 메이플스토리,,,,medium
a573086c2d4ff9b7c3f3,이벤트 | 뉴스 | 메이플스토리,,,,medium
bc25b2e12633620f2357,이벤트 | 뉴스 | 메이플스토리,,,,medium
c0623cc828f7edba8f21,이벤트 | 뉴스 | 메이플스토리,,,,medium
1d1c1b327f81da9bf122,이벤트 | 뉴스 | 메이플스토리,,,,medium
67440fdfc23ab99ea4e6,이벤트 | 뉴스 | 메이플스토리,,,,medium
60df219f6723acbf9dce,이벤트 | 뉴스 | 메이플스토리,,,,medium
5c5e0dec73bc95f81d8f,이벤트 | 뉴스 | 메이플스토리,,,,medium
f00e6cd6e147da6e90b1,이벤트 | 뉴스 | 메이플스토리,,,,medium
ed4eefb594242a471e99,이벤트 | 뉴스 | 메이플스토리,,,,medium
16f3be0a762ec347fd4b,이벤트 | 뉴스 | 메이플스토리,,,,medium
80b3a1d3111a9e823e09,이벤트 | 뉴스 | 메이플스토리,,,,medium
4dfb3136626cef4300a2,이벤트 | 뉴스 | 메이플스토리,,,,medium
094aadd053c5a2773d35,이벤트 | 뉴스 | 메이플스토리,,,,medium
a6705a55119e75f8b2a1,이벤트 | 뉴스 | 메이플스토리,,,,medium
87eec961fbad6e5eb472,이벤트 | 뉴스 | 메이플스토리,,,,medium
10474b90de50d891ab20,이벤트 | 뉴스 | 메이플스토리,,,,medium
69ff053d0625ef6cd829,이벤트 | 뉴스 | 메이플스토리,,,,medium
17a4528d804672b74197,이벤트 | 뉴스 | 메이플스토리,,,,medium
14b312952446372f4474,이벤트 | 뉴스 | 메이플스토리,,,,medium
1c935524443866c23876,이벤트 | 뉴스 | 메이플스토리,,,,medium
6e4057d60a0d222f22c9,이벤트 | 뉴스 | 메이플스토리,,,,medium
a89281f08da936e9f7bc,이벤트 | 뉴스 | 메이플스토리,,,,medium
6feed402ad5db2f6dc6e,이벤트 | 뉴스 | 메이플스토리,,,,medium
262fe0317e4c9efe04ac,이벤트 | 뉴스 | 메이플스토리,,,,medium
8613d7c32e67be6e4b40,이벤트 | 뉴스 | 메이플스토리,,,,medium
48ca62710c22024d2164,이벤트 | 뉴스 | 메이플스토리,,,,medium
a044babc57877b106403,이벤트 | 뉴스 | 메이플스토리,,,,medium
a4eaa5ed7b3e6e0aad3c,이벤트 | 뉴스 | 메이플스토리,,,,medium
1fc18e718bd8a478be8c,이벤트 | 뉴스 | 메이플스토리,,,,medium
a52b269374909564f4fd,이벤트 | 뉴스 | 메이플스토리,,,,medium
4df567ecb9eba55bae71,이벤트 | 뉴스 | 메이플스토리,,,,medium
5632d5e68eb84768d853,이벤트 | 뉴스 | 메이플스토리,,,,medium
9cf2ce9d2a93193f9eca,이벤트 | 뉴스 | 메이플스토리,,,,medium
1616792ad97e954d71a8,이벤트 | 뉴스 | 메이플스토리,,,,medium
3cc64140f10d4bc00b98,이벤트 | 뉴스 | 메이플스토리,,,,medium
f346ed3ab4062e2095b0,이벤트 | 뉴스 | 메이플스토리,,,,medium
242119fdc99447f375c2,이벤트 | 뉴스 | 메이플스토리,,,,medium
c6fd132d9f58a2229af7,이벤트 | 뉴스 | 메이플스토리,,,,medium
18ac6e38162861a031f4,이벤트 | 뉴스 | 메이플스토리,,,,medium
7e8714577227863e1e19,이벤트 | 뉴스 | 메이플스토리,,,,medium
17db13602a48dcd2c3a3,이벤트 | 뉴스 | 메이플스토리,,,,medium
490a15a3b0d586dbfd47,이벤트 | 뉴스 | 메이플스토리,,,,medium
d2073562fd0a33fb017f,이벤트 | 뉴스 | 메이플스토리,,,,medium
e8d452b26eea58403241,이벤트 | 뉴스 | 메이플스토리,,,,medium
051ea6934db7dc636199,이벤트 | 뉴스 | 메이플스토리,,,,medium
e0b0004ca1adc5b0dd6d,이벤트 | 뉴스 | 메이플스토리,,,,medium
f5494d9912c4d3c5b0e6,이벤트 | 뉴스 | 메이플스토리,,,,medium
0e6a69fcbca50b0d7665,이벤트 | 뉴스 | 메이플스토리,,,,medium
f32184ae18fc0bfbee60,이벤트 | 뉴스 | 메이플스토리,,,,medium
424eca0400806e75b7c1,이벤트 | 뉴스 | 메이플스토리,,,,medium
88c0dd50722cea34addc,이벤트 | 뉴스 | 메이플스토리,,,,medium
d35f54731fb07a4f43c2,이벤트 | 뉴스 | 메이플스토리,,,,medium
e3a5037b302f8c7f35dc,이벤트 | 뉴스 | 메이플스토리,,,,medium
0ac264b51d09eb933bed,이벤트 | 뉴스 | 메이플스토리,,,,medium
2487ff6526a2feb75ee2,이벤트 | 뉴스 | 메이플스토리,,,,medium
75784e12bf6ebe614562,이벤트 | 뉴스 | 메이플스토리,,,,medium
f1bebcf99e34bc967911,이벤트 | 뉴스 | 메이플스토리,,,,medium
43b1545c831cfafb36ce,이벤트 | 뉴스 | 메이플스토리,,,,medium
793c7751a0259daa92d9,이벤트 | 뉴스 | 메이플스토리,,,,medium
d5b7d565b3e992dc7498,이벤트 | 뉴스 | 메이플스토리,,,,medium
034bbe5f125053865414,이벤트 | 뉴스 | 메이플스토리,,,,medium
0f3ae5d9d77aabb733b5,이벤트 | 뉴스 | 메이플스토리,,,,medium
55d0273b0179690e64ed,이벤트 | 뉴스 | 메이플스토리,,,,medium
14f11756336a3c532381,이벤트 | 뉴스 | 메이플스토리,,,,medium
665b2ae78c08a383e801,이벤트 | 뉴스 | 메이플스토리,,,,medium
5074d41eecadff5e465b,이벤트 | 뉴스 | 메이플스토리,,,,medium
f1abf3f29e32891e7458,이벤트 | 뉴스 | 메이플스토리,,,,medium
3d8cfa232b224b4e0108,이벤트 | 뉴스 | 메이플스토리,,,,medium
edf656cf493dd1049d78,이벤트 | 뉴스 | 메이플스토리,,,,medium
acded901cb4f57b89c59,이벤트 | 뉴스 | 메이플스토리,,,,medium
ca16d8da0c86d4475291,이벤트 | 뉴스 | 메이플스토리,,,,medium
e6ed750ced8f09a725ea,이벤트 | 뉴스 | 메이플스토리,,,,medium
69815d8780aa9a919855,이벤트 | 뉴스 | 메이플스토리,,,,medium
157f270e35f3f8acae70,이벤트 | 뉴스 | 메이플스토리,,,,medium
bac0e483ff74aa368706,이벤트 | 뉴스 | 메이플스토리,,,,medium
784d55cf37daf4da00e8,이벤트 | 뉴스 | 메이플스토리,,,,medium
c0398a412c4030091de2,이벤트 | 뉴스 | 메이플스토리,,,,medium
bc5823473af20d1e177e,이벤트 | 뉴스 | 메이플스토리,,,,medium
5fa3d1324a93713d25ba,이벤트 | 뉴스 | 메이플스토리,,,,medium
3353b610ad93975e12b8,이벤트 | 뉴스 | 메이플스토리,,,,medium
d5588b2efa37c77978f2,이벤트 | 뉴스 | 메이플스토리,,,,medium
a08cf4e2ab1bc8e60a52,이벤트 | 뉴스 | 메이플스토리,,,,medium
f54ef7f4d44c04cd91ed,이벤트 | 뉴스 | 메이플스토리,,,,medium
1b2def319a99b77539fa,이벤트 | 뉴스 | 메이플스토리,,,,medium
e44d9b18dacb9b5d1487,이벤트 | 뉴스 | 메이플스토리,,,,medium
b038f9c88069e7a1d537,이벤트 | 뉴스 | 메이플스토리,,,,medium
8527a1d0734ba219ebd3,이벤트 | 뉴스 | 메이플스토리,,,,medium
68b94ea55eab38861bb0,이벤트 | 뉴스 | 메이플스토리,,,,medium
16914b5cb55ee7b873c8,이벤트 | 뉴스 | 메이플스토리,,,,medium
b3422e5bcaaf49136d17,이벤트 | 뉴스 | 메이플스토리,,,,medium
8c15b2e8bd949e18b4ef,이벤트 | 뉴스 | 메이플스토리,,,,medium
1e0e7b6110cb75837849,이벤트 | 뉴스 | 메이플스토리,,,,medium
6673943467bd5ab39e70,이벤트 | 뉴스 | 메이플스토리,,,,medium
4c56a7a037fdc06db383,이벤트 | 뉴스 | 메이플스토리,,,,medium
5e249bb246946a9ec9b5,이벤트 | 뉴스 | 메이플스토리,,,,medium
91f41cdc4a8c5087a903,이벤트 | 뉴스 | 메이플스토리,,,,medium
3c3f4679bb41c82612f9,이벤트 | 뉴스 | 메이플스토리,,,,medium
fce69e5667a1282dc34d,이벤트 | 뉴스 | 메이플스토리,,,,medium
89d571f9a07adb54d15e,이벤트 | 뉴스 | 메이플스토리,,,,medium
18494bbdec35c67c6ddf,이벤트 | 뉴스 | 메이플스토리,,,,medium
e8f8821bc7469fa88f3d,이벤트 | 뉴스 | 메이플스토리,,,,medium
51d2b438651a5a9fb692,이벤트 | 뉴스 | 메이플스토리,,,,medium
00220a88542dcee615e9,이벤트 | 뉴스 | 메이플스토리,,,,medium
57dbf192cb4f08d8ab4e,이벤트 | 뉴스 | 메이플스토리,,,,medium
d93f73a08dc8edb257c1,이벤트 | 뉴스 | 메이플스토리,,,,medium
aadf8cf5046a694de09d,이벤트 | 뉴스 | 메이플스토리,,,,medium
d388f2dc9ebefa80149d,이벤트 | 뉴스 | 메이플스토리,,,,medium
3e2a5e2dfd36728c9b43,이벤트 | 뉴스 | 메이플스토리,,,,medium
1b921afb109222c09db2,이벤트 | 뉴스 | 메이플스토리,,,,medium
b293b5ab60daa77ba9c0,이벤트 | 뉴스 | 메이플스토리,,,,medium
f83858aa7c8a789fe607,이벤트 | 뉴스 | 메이플스토리,,,,medium
635f5820ddb4b7757e96,이벤트 | 뉴스 | 메이플스토리,,,,medium
ae5a609ef1bcb535e846,이벤트 | 뉴스 | 메이플스토리,,,,medium
8870b9882f1cb3fd72c0,이벤트 | 뉴스 | 메이플스토리,,,,medium
95098d39753d8c323c92,이벤트 | 뉴스 | 메이플스토리,,,,medium
bb45f6985f0ee6d8ec8a,이벤트 | 뉴스 | 메이플스토리,,,,medium
2ff69bf0a235b808bc64,이벤트 | 뉴스 | 메이플스토리,,,,medium
b83174e64bd410f22b2a,이벤트 | 뉴스 | 메이플스토리,,,,medium
93a7e9e1b281598e6407,이벤트 | 뉴스 | 메이플스토리,,,,medium
a5103ec39565a9db23b5,이벤트 | 뉴스 | 메이플스토리,,,,medium
8f28144665caef0485ad,이벤트 | 뉴스 | 메이플스토리,,,,medium
b85df30bab9f5a659ba0,이벤트 | 뉴스 | 메이플스토리,,,,medium
4764732ac9f080f53519,이벤트 | 뉴스 | 메이플스토리,,,,medium
308404eb00d6893ed459,이벤트 | 뉴스 | 메이플스토리,,,,medium
d94c7ffbcaff961365f8,이벤트 | 뉴스 | 메이플스토리,,,,medium
c55f81451de3e0667a3f,이벤트 | 뉴스 | 메이플스토리,,,,medium
0c52ede0cbab84946fef,이벤트 | 뉴스 | 메이플스토리,,,,medium
2900b9610c0f7b863154,이벤트 | 뉴스 | 메이플스토리,,,,medium
bc31f9d6b1f0b6e8eee9,이벤트 | 뉴스 | 메이플스토리,,,,medium
ff559eccd18683287051,이벤트 | 뉴스 | 메이플스토리,,,,medium
a1739d3860ed82a60f10,이벤트 | 뉴스 | 메이플스토리,,,,medium
9dd3e282af87ee0796b6,이벤트 | 뉴스 | 메이플스토리,,,,medium
2e9adc77a4b55ffba96c,이벤트 | 뉴스 | 메이플스토리,,,,medium
00956004c017daa00f77,이벤트 | 뉴스 | 메이플스토리,,,,medium
f30336d45aabb78fd33c,이벤트 | 뉴스 | 메이플스토리,,,,medium
76d6f55c8ba57e23b3b0,이벤트 | 뉴스 | 메이플스토리,,,,medium
b2a6fc10fa5f4c8957af,이벤트 | 뉴스 | 메이플스토리,,,,medium
610e2053dd571ac0267c,이벤트 | 뉴스 | 메이플스토리,,,,medium
e68eb684b21f9fead32f,이벤트 | 뉴스 | 메이플스토리,,,,medium
3a8eb797d8e30c6befef,이벤트 | 뉴스 | 메이플스토리,,,,medium
ad3dd8f9249d5ad42b50,이벤트 | 뉴스 | 메이플스토리,,,,medium
53bdc7eec4f3d75ef4e4,이벤트 | 뉴스 | 메이플스토리,,,,medium
99f6476b4791048dbb21,이벤트 | 뉴스 | 메이플스토리,,,,medium
e18a9dfd4fcc69399012,이벤트 | 뉴스 | 메이플스토리,,,,medium
89fe4a9942cf95c3a8cb,이벤트 | 뉴스 | 메이플스토리,,,,medium
95f07d78e3770241b5a4,이벤트 | 뉴스 | 메이플스토리,,,,medium
aed8acc8d45b71089372,이벤트 | 뉴스 | 메이플스토리,,,,medium
887613c15985a951176a,이벤트 | 뉴스 | 메이플스토리,,,,medium
aa8f21a0fecb857a2da1,이벤트 | 뉴스 | 메이플스토리,,,,medium
bc6d4c845d5d5571dde3,이벤트 | 뉴스 | 메이플스토리,,,,medium
dae6a5f9ee4539aa9c35,이벤트 | 뉴스 | 메이플스토리,,,,medium
d1b64b4c1a6a536bb1c7,이벤트 | 뉴스 | 메이플스토리,,,,medium
0ed863f0173fbd8ffd3b,이벤트 | 뉴스 | 메이플스토리,,,,medium
f23d00de3c8f9597f6e4,이벤트 | 뉴스 | 메이플스토리,,,,medium
0e06731fb2485288aab7,이벤트 | 뉴스 | 메이플스토리,,,,medium
2b7280b416a45a8a0d03,이벤트 | 뉴스 | 메이플스토리,,,,medium
fbce930c164ce5fa2b1f,이벤트 | 뉴스 | 메이플스토리,,,,medium
9e3f318e770f4646dc24,이벤트 | 뉴스 | 메이플스토리,,,,medium
eef77ffe3c86a3413924,이벤트 | 뉴스 | 메이플스토리,,,,medium
644a12a7b5845b92eeed,이벤트 | 뉴스 | 메이플스토리,,,,medium
44587e8c6686a04a36da,이벤트 | 뉴스 | 메이플스토리,,,,medium
ee22fb09d414a8bbd82c,이벤트 | 뉴스 | 메이플스토리,,,,medium
48399174526576117924,이벤트 | 뉴스 | 메이플스토리,,,,medium
03843548adc50658c7cd,이벤트 | 뉴스 | 메이플스토리,,,,medium
c9a4e4fa77761d50fc60,이벤트 | 뉴스 | 메이플스토리,,,,medium
dc85365a0fe169e6df9c,이벤트 | 뉴스 | 메이플스토리,,,,medium
1eba405a1739e627259d,이벤트 | 뉴스 | 메이플스토리,,,,medium
4358d5b5f1e2d9c48fa1,이벤트 | 뉴스 | 메이플스토리,,,,medium
1898c509858e70590aff,이벤트 | 뉴스 | 메이플스토리,,,,medium
f0622d4af79e8bb00c5e,이벤트 | 뉴스 | 메이플스토리,,,,medium
e645c97ab6705bdf0526,이벤트 | 뉴스 | 메이플스토리,,,,medium
a1eff4f75b5c47243db8,이벤트 | 뉴스 | 메이플스토리,,,,medium
39c416d93bb1ce4bd78a,이벤트 | 뉴스 | 메이플스토리,,,,medium
d8b4e83178bf7fffe3a1,이벤트 | 뉴스 | 메이플스토리,,,,medium
39990c43ccaa3059ed47,이벤트 | 뉴스 | 메이플스토리,,,,medium
e5bd430e45cf0b39d35e,이벤트 | 뉴스 | 메이플스토리,,,,medium
5e3dcfceb0b2a0eb83c5,이벤트 | 뉴스 | 메이플스토리,,,,medium
fc662ccee2255d3a388d,이벤트 | 뉴스 | 메이플스토리,,,,medium
a5703c4a754915f5d5fa,이벤트 | 뉴스 | 메이플스토리,,,,medium
9cd43fe77a9f317acd58,이벤트 | 뉴스 | 메이플스토리,,,,medium
3c362da1f44e3533e14a,이벤트 | 뉴스 | 메이플스토리,,,,medium
fb19083cc40f94c221fe,이벤트 | 뉴스 | 메이플스토리,,,,medium
28ba961c2c495e85e222,이벤트 | 뉴스 | 메이플스토리,,,,medium
bc7fefdbcdfe4f592fc3,이벤트 | 뉴스 | 메이플스토리,,,,medium
5ef399ca181c63070e36,이벤트 | 뉴스 | 메이플스토리,,,,medium
5674b2c18d0c4e0e0c74,이벤트 | 뉴스 | 메이플스토리,,,,medium
ec298cca67bdc10b43ff,이벤트 | 뉴스 | 메이플스토리,,,,medium
5d16eb5ab82b580819f9,이벤트 | 뉴스 | 메이플스토리,,,,medium
ed89d4c83315e7d9ecab,이벤트 | 뉴스 | 메이플스토리,,,,medium
c6a0489d74182223b25b,이벤트 | 뉴스 | 메이플스토리,,,,medium
45a28a874790ebcfea93,이벤트 | 뉴스 | 메이플스토리,,,,medium
d7e9e41a60661dc1605d,이벤트 | 뉴스 | 메이플스토리,,,,medium
aa4f654e8fa13c53f01f,이벤트 | 뉴스 | 메이플스토리,,,,medium
78c6f70aa07d6dd882f8,이벤트 | 뉴스 | 메이플스토리,,,,medium
22f4cbb630260e4959d7,이벤트 | 뉴스 | 메이플스토리,,,,medium
faca28c24b88a7dd9c52,이벤트 | 뉴스 | 메이플스토리,,,,medium
ca807a45f2ab5a159b83,이벤트 | 뉴스 | 메이플스토리,,,,medium
92617a7ca45fa16fd11e,이벤트 | 뉴스 | 메이플스토리,,,,medium
ee6e0484b8ec07dded96,이벤트 | 뉴스 | 메이플스토리,,,,medium
6b3ac37652ced399d05f,이벤트 | 뉴스 | 메이플스토리,,,,medium
21eab9d180e85482e317,이벤트 | 뉴스 | 메이플스토리,,,,medium
680727f12ee22e58588f,이벤트 | 뉴스 | 메이플스토리,,,,medium
74e7a01e8851ef2dafdf,이벤트 | 뉴스 | 메이플스토리,,,,medium
abdccaed8b61690de975,이벤트 | 뉴스 | 메이플스토리,,,,medium
beaa17429353e5bdcd0a,이벤트 | 뉴스 | 메이플스토리,,,,medium
129af994ab1d55f2d3ac,이벤트 | 뉴스 | 메이플스토리,,,,medium
9c7e8500a00cbd0fd302,이벤트 | 뉴스 | 메이플스토리,,,,medium
602a961ba72f9e0e2d24,이벤트 | 뉴스 | 메이플스토리,,,,medium
65e8a9b0de38c43b4be3,이벤트 | 뉴스 | 메이플스토리,,,,medium
ce8fec4509b46e4a475e,이벤트 | 뉴스 | 메이플스토리,,,,medium
52c9c4cec71fe5e6a168,이벤트 | 뉴스 | 메이플스토리,,,,medium
84ca9278668b1a42bc7a,이벤트 | 뉴스 | 메이플스토리,,,,medium
f7191b9f9c755e75a58a,이벤트 | 뉴스 | 메이플스토리,,,,medium
f9b1b2c291d472cfc682,이벤트 | 뉴스 | 메이플스토리,,,,medium
9f6d33b8c11ec5e4ef6a,이벤트 | 뉴스 | 메이플스토리,,,,medium
898ea32a00b99ad2ee77,이벤트 | 뉴스 | 메이플스토리,,,,medium
dbaf3e4b124cd5ea3534,이벤트 | 뉴스 | 메이플스토리,,,,medium
1641a57b661710fd5503,이벤트 | 뉴스 | 메이플스토리,,,,medium
7e4cad631d5affc2a410,이벤트 | 뉴스 | 메이플스토리,,,,medium
a1005619c59eedc26c64,이벤트 | 뉴스 | 메이플스토리,,,,medium
47650db2b8e1f66dc764,이벤트 | 뉴스 | 메이플스토리,,,,medium
89a533aefc2722530ac0,이벤트 | 뉴스 | 메이플스토리,,,,medium
2bf0a68a6a59f8d6b6d6,이벤트 | 뉴스 | 메이플스토리,,,,medium
b420e6f4f280a0760de1,이벤트 | 뉴스 | 메이플스토리,,,,medium
bee5c8057f19bbe406c3,이벤트 | 뉴스 | 메이플스토리,,,,medium
89f0bcefaa466458786d,이벤트 | 뉴스 | 메이플스토리,,,,medium
d815458f5e5ce789c6f5,이벤트 | 뉴스 | 메이플스토리,,,,medium
6c5a9595f2124625a761,이벤트 | 뉴스 | 메이플스토리,,,,medium
137e1b670855fd891ae6,이벤트 | 뉴스 | 메이플스토리,,,,medium
70d3c1dfa63ccbdb5b91,이벤트 | 뉴스 | 메이플스토리,,,,medium
6626ac5324ee4d9ce9d6,이벤트 | 뉴스 | 메이플스토리,,,,medium
ccb646b9a3f5ac591544,이벤트 | 뉴스 | 메이플스토리,,,,medium
e50281abea0848a16af4,이벤트 | 뉴스 | 메이플스토리,,,,medium
0393e3ed49616753fec4,이벤트 | 뉴스 | 메이플스토리,,,,medium
b029946bdf109bf9c33f,이벤트 | 뉴스 | 메이플스토리,,,,medium
257dca514649894ab8fe,이벤트 | 뉴스 | 메이플스토리,,,,medium
f483dd8985f8f1b1645c,이벤트 | 뉴스 | 메이플스토리,,,,medium
ec3041af513a1c322a9e,이벤트 | 뉴스 | 메이플스토리,,,,medium
722436ebbef008e488de,이벤트 | 뉴스 | 메이플스토리,,,,medium
ddd88d6d001b2cfaca37,이벤트 | 뉴스 | 메이플스토리,,,,medium
4b3071096590c18f4a62,이벤트 | 뉴스 | 메이플스토리,,,,medium
5f00c91db9a961e32c3a,이벤트 | 뉴스 | 메이플스토리,,,,medium
c45223e93af4201d6b90,이벤트 | 뉴스 | 메이플스토리,,,,medium
84d392bec19291208ccd,이벤트 | 뉴스 | 메이플스토리,,,,medium
d23c20af994e5f2e4f14,이벤트 | 뉴스 | 메이플스토리,,,,medium
8a09cd01c0e91007a41c,이벤트 | 뉴스 | 메이플스토리,,,,medium
b13491bf078430163285,이벤트 | 뉴스 | 메이플스토리,,,,medium
71ae5c13d4a14df67cf5,이벤트 | 뉴스 | 메이플스토리,,,,medium
1b50943f9150db58d1fa,이벤트 | 뉴스 | 메이플스토리,,,,medium
0dad1c8c6413f1e6cb4a,이벤트 | 뉴스 | 메이플스토리,,,,medium
65caa5e2dd33490b47fc,이벤트 | 뉴스 | 메이플스토리,,,,medium
3347bb4c64c1695801dc,이벤트 | 뉴스 | 메이플스토리,,,,medium
93d0a55d236462cebfad,이벤트 | 뉴스 | 메이플스토리,,,,medium
0fe5e38038fe8c209926,이벤트 | 뉴스 | 메이플스토리,,,,medium
63f177bcd1093de5dfea,이벤트 | 뉴스 | 메이플스토리,,,,medium
23665e6dd9c220ca503e,이벤트 | 뉴스 | 메이플스토리,,,,medium
2ce58dd0810a6930c18c,이벤트 | 뉴스 | 메이플스토리,,,,medium
b4066cc6b4ec9c5cd6ee,이벤트 | 뉴스 | 메이플스토리,,,,medium
a15a06248e09aa601286,이벤트 | 뉴스 | 메이플스토리,,,,medium
c1cb637add485943b4a2,이벤트 | 뉴스 | 메이플스토리,,,,medium
e2c8f61def638c9756ab,이벤트 | 뉴스 | 메이플스토리,,,,medium
c1531272f77d86a98c8a,이벤트 | 뉴스 | 메이플스토리,,,,medium
b896980cec55e9b3d32d,이벤트 | 뉴스 | 메이플스토리,,,,medium
40a18182d53fdb847c0d,이벤트 | 뉴스 | 메이플스토리,,,,medium
a322aa0d9d671ae72246,이벤트 | 뉴스 | 메이플스토리,,,,medium
208f8532ab15820aca88,이벤트 | 뉴스 | 메이플스토리,,,,medium
6974e30274aac89143dc,이벤트 | 뉴스 | 메이플스토리,,,,medium
39866f9299b62d770651,이벤트 | 뉴스 | 메이플스토리,,,,medium
aec8283abbafb1243d76,이벤트 | 뉴스 | 메이플스토리,,,,medium
4ed08520808603c80709,이벤트 | 뉴스 | 메이플스토리,,,,medium
4a77a81b6f97c02a66b2,이벤트 | 뉴스 | 메이플스토리,,,,medium
fc9aed178c8e53b6f4a1,이벤트 | 뉴스 | 메이플스토리,,,,medium
33ab89d22b916078d52b,이벤트 | 뉴스 | 메이플스토리,,,,medium
8003c3306cd8e1022dd0,이벤트 | 뉴스 | 메이플스토리,,,,medium
8c95f22005e7af25b26a,이벤트 | 뉴스 | 메이플스토리,,,,medium
b53b9df91cf53782345d,이벤트 | 뉴스 | 메이플스토리,,,,medium
07acabd02532aabe5d56,이벤트 | 뉴스 | 메이플스토리,,,,medium
d09f01705f79b497bc60,이벤트 | 뉴스 | 메이플스토리,,,,medium
490724ced7f53b40a14a,이벤트 | 뉴스 | 메이플스토리,,,,medium
2eebc4962629ef8fb4d5,이벤트 | 뉴스 | 메이플스토리,,,,medium
8ca95adad205668618d0,이벤트 | 뉴스 | 메이플스토리,,,,medium
00e879e24eb4b624ac4a,이벤트 | 뉴스 | 메이플스토리,,,,medium
f91c7602038a83c88e91,이벤트 | 뉴스 | 메이플스토리,,,,medium
e64232f8ce9d161123a1,이벤트 | 뉴스 | 메이플스토리,,,,medium
08b4d4136f46727dfa1c,이벤트 | 뉴스 | 메이플스토리,,,,medium
b6602f7b49a494d2e40b,이벤트 | 뉴스 | 메이플스토리,,,,medium
16cbfba84cf4b356297b,이벤트 | 뉴스 | 메이플스토리,,,,medium
5232fe99d43653532cde,이벤트 | 뉴스 | 메이플스토리,,,,medium
813c92683a6be6507178,이벤트 | 뉴스 | 메이플스토리,,,,medium
7a1e59c5e20e8fd1274d,이벤트 | 뉴스 | 메이플스토리,,,,medium
82efbb5b87851df26ace,이벤트 | 뉴스 | 메이플스토리,,,,medium
6d2368583f442fe07ab8,이벤트 | 뉴스 | 메이플스토리,,,,medium
d3455bf0be41b17e941a,이벤트 | 뉴스 | 메이플스토리,,,,medium
68b3424b0a4c016fd6bc,이벤트 | 뉴스 | 메이플스토리,,,,medium
673d2058a98eaf512674,이벤트 | 뉴스 | 메이플스토리,,,,medium
1b5b5d1e591179e53a33,이벤트 | 뉴스 | 메이플스토리,,,,medium
fb8346dae1768391334d,이벤트 | 뉴스 | 메이플스토리,,,,medium
d9ab2421d8710dec91ae,이벤트 | 뉴스 | 메이플스토리,,,,medium
1407b90e6ee1e00619b7,이벤트 | 뉴스 | 메이플스토리,,,,medium
5a312e659946585b62aa,이벤트 | 뉴스 | 메이플스토리,,,,medium
a64ba2f6ab8fbe9a2f9f,이벤트 | 뉴스 | 메이플스토리,,,,medium
ea566058529101cd6a17,이벤트 | 뉴스 | 메이플스토리,,,,medium
30373e97f4a6f0132c21,이벤트 | 뉴스 | 메이플스토리,,,,medium
10985a101595783a1cee,이벤트 | 뉴스 | 메이플스토리,,,,medium
9aa0fc0219962b26f96d,이벤트 | 뉴스 | 메이플스토리,,,,medium
26a53b9420127ad3d81f,이벤트 | 뉴스 | 메이플스토리,,,,medium
5d7cc095fd5056e1d682,이벤트 | 뉴스 | 메이플스토리,,,,medium
a52357fdac172679dbc5,이벤트 | 뉴스 | 메이플스토리,,,,medium
baffe7f79dccd898a256,이벤트 | 뉴스 | 메이플스토리,,,,medium
651bf25ea5630efebc4c,이벤트 | 뉴스 | 메이플스토리,,,,medium
947bca03661688fc3d4e,이벤트 | 뉴스 | 메이플스토리,,,,medium
3080957ca67a7df2b3bb,이벤트 | 뉴스 | 메이플스토리,,,,medium
a5a95c85fe4f1c2757f1,이벤트 | 뉴스 | 메이플스토리,,,,medium
a335f73b052f6078bf39,이벤트 | 뉴스 | 메이플스토리,,,,medium
76eb88ebcc35cad10fa2,이벤트 | 뉴스 | 메이플스토리,,,,medium
973316d8ad10be529467,이벤트 | 뉴스 | 메이플스토리,,,,medium
0bd1ebcc1361259a04be,이벤트 | 뉴스 | 메이플스토리,,,,medium
d9ecac33fd3f3ec48fc7,이벤트 | 뉴스 | 메이플스토리,,,,medium
88b5da2cab66fae22009,이벤트 | 뉴스 | 메이플스토리,,,,medium
4a9639f75f8af17bf40d,이벤트 | 뉴스 | 메이플스토리,,,,medium
acb918297a8b1eae09c3,이벤트 | 뉴스 | 메이플스토리,,,,medium
8a15ad5be32bf0cac0a4,이벤트 | 뉴스 | 메이플스토리,,,,medium
d16eb61f0cdf1b42b515,이벤트 | 뉴스 | 메이플스토리,,,,medium
bcf33656d2bbb4047520,이벤트 | 뉴스 | 메이플스토리,,,,medium
e7b52bc997bcc35ce0c5,이벤트 | 뉴스 | 메이플스토리,,,,medium
9c61d1c03ff64779b107,이벤트 | 뉴스 | 메이플스토리,,,,medium
cc92855a80c2dea07054,이벤트 | 뉴스 | 메이플스토리,,,,medium
7f01bf2d875ef0e667b6,이벤트 | 뉴스 | 메이플스토리,,,,medium
740ef4e7b0c3ff3f3958,이벤트 | 뉴스 | 메이플스토리,,,,medium
a7e87afacf95c3c88745,이벤트 | 뉴스 | 메이플스토리,,,,medium
ebd3425a795e8a5ff693,이벤트 | 뉴스 | 메이플스토리,,,,medium
9575af021321932f818e,이벤트 | 뉴스 | 메이플스토리,,,,medium
b21236eeffeb58a53e53,이벤트 | 뉴스 | 메이플스토리,,,,medium
186bab5ec436fc8dc542,이벤트 | 뉴스 | 메이플스토리,,,,medium
dc337aa60e752b42e172,이벤트 | 뉴스 | 메이플스토리,,,,medium
49a17b545083c3fc830b,이벤트 | 뉴스 | 메이플스토리,,,,medium
3b9270192014bbaadd81,이벤트 | 뉴스 | 메이플스토리,,,,medium
ef3494b7526095d87272,이벤트 | 뉴스 | 메이플스토리,,,,medium
3ad938fa79fdf2873c0f,이벤트 | 뉴스 | 메이플스토리,,,,medium
ca03a440055318e4b3c5,이벤트 | 뉴스 | 메이플스토리,,,,medium
5e3d7032bfaa84b81f31,이벤트 | 뉴스 | 메이플스토리,,,,medium
a4bbc549fa81ec75caa6,이벤트 | 뉴스 | 메이플스토리,,,,medium
b20cb44408603d87aced,이벤트 | 뉴스 | 메이플스토리,,,,medium
dd176398c21d9a0e8cda,이벤트 | 뉴스 | 메이플스토리,,,,medium
2788fcd93ae572e593c4,이벤트 | 뉴스 | 메이플스토리,,,,medium
4fe7bcfea9989876a9e6,이벤트 | 뉴스 | 메이플스토리,,,,medium
b426a07cbfc63d5041f5,이벤트 | 뉴스 | 메이플스토리,,,,medium
626b2548f94347ad89a4,이벤트 | 뉴스 | 메이플스토리,,,,medium
e3071944f154e84bbaeb,이벤트 | 뉴스 | 메이플스토리,,,,medium
20efead23fc4c67ebd86,이벤트 | 뉴스 | 메이플스토리,,,,medium
f8247fdaedc9cd69b6f4,이벤트 | 뉴스 | 메이플스토리,,,,medium
0d4cc9ce0be321b1b213,이벤트 | 뉴스 | 메이플스토리,,,,medium
8f95b62844bd77fffe10,이벤트 | 뉴스 | 메이플스토리,,,,medium
84c2478631c743e41ca7,이벤트 | 뉴스 | 메이플스토리,,,,medium
e4e974e21786c1cb34b9,이벤트 | 뉴스 | 메이플스토리,,,,medium
b9b5772b6d00e43aa3e8,이벤트 | 뉴스 | 메이플스토리,,,,medium
a96f2cdaf36d2571bdf6,이벤트 | 뉴스 | 메이플스토리,,,,medium
dd7f4feac66c6ae21b65,이벤트 | 뉴스 | 메이플스토리,,,,medium
08f3d28041ad1cfd3a1a,이벤트 | 뉴스 | 메이플스토리,,,,medium
ee1c7812560d3d59a867,이벤트 | 뉴스 | 메이플스토리,,,,medium
6265867272f6849c75e6,이벤트 | 뉴스 | 메이플스토리,,,,medium
a193d840e8f7625b80d3,이벤트 | 뉴스 | 메이플스토리,,,,medium
24de7b3ad50849a27dfb,이벤트 | 뉴스 | 메이플스토리,,,,medium
7ba54e2ed03e128ea8bc,이벤트 | 뉴스 | 메이플스토리,,,,medium
3edebb32dbce595f4f10,이벤트 | 뉴스 | 메이플스토리,,,,medium
79694c950f096d74dbaf,이벤트 | 뉴스 | 메이플스토리,,,,medium
d5c84212ea2a6a68a38b,이벤트 | 뉴스 | 메이플스토리,,,,medium
10f70432d07857c1a35d,이벤트 | 뉴스 | 메이플스토리,,,,medium
b6d9d08bbb58e52ddeb7,이벤트 | 뉴스 | 메이플스토리,,,,medium
ad71b0bcf765164debc8,이벤트 | 뉴스 | 메이플스토리,,,,medium
ed792627678d1dbbae1a,이벤트 | 뉴스 | 메이플스토리,,,,medium
1d4920abfa3a9d0cec81,이벤트 | 뉴스 | 메이플스토리,,,,medium
b0a9a9f90839b764045c,이벤트 | 뉴스 | 메이플스토리,,,,medium
fa031f2f1e8fd97ffc34,이벤트 | 뉴스 | 메이플스토리,,,,medium
9ad2c6324ce291f7637f,이벤트 | 뉴스 | 메이플스토리,,,,medium
1ff560a72a381b75ed73,이벤트 | 뉴스 | 메이플스토리,,,,medium
5cc2db684d1e9bffd26d,이벤트 | 뉴스 | 메이플스토리,,,,medium
e652835e2ea857b63f05,이벤트 | 뉴스 | 메이플스토리,,,,medium
092cd2fb57758bc4d38a,이벤트 | 뉴스 | 메이플스토리,,,,medium
142d59d5de79c9f6f0b7,이벤트 | 뉴스 | 메이플스토리,,,,medium
1e3a743d3a105045316b,이벤트 | 뉴스 | 메이플스토리,,,,medium
a5cf396639e0d8f6f07d,이벤트 | 뉴스 | 메이플스토리,,,,medium
ffd5da95e4dd865738dc,이벤트 | 뉴스 | 메이플스토리,,,,medium
f75820c4f1b915a784f9,이벤트 | 뉴스 | 메이플스토리,,,,medium
1c8a03f5e1efccf04f00,이벤트 | 뉴스 | 메이플스토리,,,,medium
450c2d1002d419b2e9b4,이벤트 | 뉴스 | 메이플스토리,,,,medium
8dfafac460075406cae8,이벤트 | 뉴스 | 메이플스토리,,,,medium
e195da00ed53956df02d,이벤트 | 뉴스 | 메이플스토리,,,,medium
55fb6b9865f7118c97b0,이벤트 | 뉴스 | 메이플스토리,,,,medium
23a3aad920efa4487a9a,이벤트 | 뉴스 | 메이플스토리,,,,medium
8a3415b371b175db4bc6,이벤트 | 뉴스 | 메이플스토리,,,,medium
b2a08b96ac72bfdf0090,이벤트 | 뉴스 | 메이플스토리,,,,medium
44554f6ed079f3b6321d,이벤트 | 뉴스 | 메이플스토리,,,,medium
35aa2c5eea69f77d6606,이벤트 | 뉴스 | 메이플스토리,,,,medium
5d1b1ace243397fee67e,이벤트 | 뉴스 | 메이플스토리,,,,medium
885c5482b0ab90503edb,이벤트 | 뉴스 | 메이플스토리,,,,medium
8bc6dbc15a8e1ca759d3,이벤트 | 뉴스 | 메이플스토리,,,,medium
5f2ce2bab5e74671ed3a,이벤트 | 뉴스 | 메이플스토리,,,,medium
37e4d79e68af1b4b0d30,이벤트 | 뉴스 | 메이플스토리,,,,medium
5f5fe356c516a29a8278,이벤트 | 뉴스 | 메이플스토리,,,,medium
0ebb0bf5fb4f6cd0b34b,이벤트 | 뉴스 | 메이플스토리,,,,medium
d3f4cd742fd3b91fa760,이벤트 | 뉴스 | 메이플스토리,,,,medium
946f9b46ed64e634f9a5,이벤트 | 뉴스 | 메이플스토리,,,,medium
b361471b866e5743ba93,이벤트 | 뉴스 | 메이플스토리,,,,medium
67464530da58430350f0,이벤트 | 뉴스 | 메이플스토리,,,,medium
ded188253db4cb77deae,이벤트 | 뉴스 | 메이플스토리,,,,medium
2ee1a70a45c6ed6b5990,이벤트 | 뉴스 | 메이플스토리,,,,medium
4c9eb5cd2ae0532c068e,이벤트 | 뉴스 | 메이플스토리,,,,medium
23a05c13764506bf1ac3,이벤트 | 뉴스 | 메이플스토리,,,,medium
cc4c1404fdb0a812e8f5,이벤트 | 뉴스 | 메이플스토리,,,,medium
9ed11098906e1d28e3ad,이벤트 | 뉴스 | 메이플스토리,,,,medium
56aa8826ec75a9539477,이벤트 | 뉴스 | 메이플스토리,,,,medium
79d7365dbd57e990e746,이벤트 | 뉴스 | 메이플스토리,,,,medium
de948095cd21a9df2c68,이벤트 | 뉴스 | 메이플스토리,,,,medium
58a5f3410e5274623f5b,이벤트 | 뉴스 | 메이플스토리,,,,medium
0aafeccbfa457967b3b2,이벤트 | 뉴스 | 메이플스토리,,,,medium
bdda466e38fcfff06072,이벤트 | 뉴스 | 메이플스토리,,,,medium
84fc03c66f5b5fa3a00a,이벤트 | 뉴스 | 메이플스토리,,,,medium
00bab69d1bd64e671111,이벤트 | 뉴스 | 메이플스토리,,,,medium
2c6dc29106408f4e9308,이벤트 | 뉴스 | 메이플스토리,,,,medium
c41efa802902d467a8ae,이벤트 | 뉴스 | 메이플스토리,,,,medium
e7705e6756b832066c54,이벤트 | 뉴스 | 메이플스토리,,,,medium
924adedface48ea69328,이벤트 | 뉴스 | 메이플스토리,,,,medium
f6e4c38ff329ec97e290,이벤트 | 뉴스 | 메이플스토리,,,,medium
03199c41ff506d9ea605,이벤트 | 뉴스 | 메이플스토리,,,,medium
aad9285a5d72729be69a,이벤트 | 뉴스 | 메이플스토리,,,,medium
ca3937192acc12af7eb3,이벤트 | 뉴스 | 메이플스토리,,,,medium
67756139bf3615517b99,이벤트 | 뉴스 | 메이플스토리,,,,medium
cc1f258a7f7796fd842c,이벤트 | 뉴스 | 메이플스토리,,,,medium
c928ea8ec92bf7ad302f,이벤트 | 뉴스 | 메이플스토리,,,,medium
e6fa770625e054246018,이벤트 | 뉴스 | 메이플스토리,,,,medium
20bbbec50fe6c7c55b7f,이벤트 | 뉴스 | 메이플스토리,,,,medium
73a06733d9aaf11018ef,이벤트 | 뉴스 | 메이플스토리,,,,medium
4b24093f4c2071628860,이벤트 | 뉴스 | 메이플스토리,,,,medium
9aedf7a532b0f0abcd65,이벤트 | 뉴스 | 메이플스토리,,,,medium
d4c634490c2c9f14669c,이벤트 | 뉴스 | 메이플스토리,,,,medium
8f67f10d955abf6a0b66,이벤트 | 뉴스 | 메이플스토리,,,,medium
ff2888af28ed488b7363,이벤트 | 뉴스 | 메이플스토리,,,,medium
17e8f6d34c881b17d464,이벤트 | 뉴스 | 메이플스토리,,,,medium
7086dabb9b2727db4ed1,이벤트 | 뉴스 | 메이플스토리,,,,medium
7a41c148f9c2fe4d1df1,이벤트 | 뉴스 | 메이플스토리,,,,medium
8db812120fe995e3608f,이벤트 | 뉴스 | 메이플스토리,,,,medium
2a15680e7c106384030b,이벤트 | 뉴스 | 메이플스토리,,,,medium
105900554c59c5c753ca,이벤트 | 뉴스 | 메이플스토리,,,,medium
581bc3c069902a8cbc6a,이벤트 | 뉴스 | 메이플스토리,,,,medium
7e0bbd4018fe2be985f9,이벤트 | 뉴스 | 메이플스토리,,,,medium
053674f41e4a2ba1323e,이벤트 | 뉴스 | 메이플스토리,,,,medium
c4ee9135b5a0ab134e54,이벤트 | 뉴스 | 메이플스토리,,,,medium
4a930a5001e98a2a08af,이벤트 | 뉴스 | 메이플스토리,,,,medium
3bf31255c17d8fae28dd,이벤트 | 뉴스 | 메이플스토리,,,,medium
66503adeadbbac1c82bd,이벤트 | 뉴스 | 메이플스토리,,,,medium
82a37395ef96925093f2,이벤트 | 뉴스 | 메이플스토리,,,,medium
84c7f313b6a6018524cb,이벤트 | 뉴스 | 메이플스토리,,,,medium
421114d215feea221d6c,이벤트 | 뉴스 | 메이플스토리,,,,medium
c18d115683f64551b5b9,이벤트 | 뉴스 | 메이플스토리,,,,medium
8c48ecde1175a627701f,이벤트 | 뉴스 | 메이플스토리,,,,medium
0122369f6dda7161ab02,이벤트 | 뉴스 | 메이플스토리,,,,medium
264bc760c9dfe7ce4dff,이벤트 | 뉴스 | 메이플스토리,,,,medium
694634fd74adc4b3a4c5,이벤트 | 뉴스 | 메이플스토리,,,,medium
781c0b6f66fbe9d2538f,이벤트 | 뉴스 | 메이플스토리,,,,medium
a2b197cc4cb14e7ab1f9,이벤트 | 뉴스 | 메이플스토리,,,,medium
96bb89e35b3ee9090ee3,이벤트 | 뉴스 | 메이플스토리,,,,medium
af8aa3e60b4a7fa72211,이벤트 | 뉴스 | 메이플스토리,,,,medium
9b11be1f39073f49ee40,이벤트 | 뉴스 | 메이플스토리,,,,medium
b364ee93d2edc0bfbce9,이벤트 | 뉴스 | 메이플스토리,,,,medium
c5979441fc59d52957ea,이벤트 | 뉴스 | 메이플스토리,,,,medium
efa9b44da4fbd304cead,이벤트 | 뉴스 | 메이플스토리,,,,medium
bc4d27ce495baa77a177,이벤트 | 뉴스 | 메이플스토리,,,,medium
8b630453b6a4bc56fbf9,이벤트 | 뉴스 | 메이플스토리,,,,medium
335975dbd20c4a83fe41,이벤트 | 뉴스 | 메이플스토리,,,,medium
f7027b10d665cde777c8,이벤트 | 뉴스 | 메이플스토리,,,,medium
eca7a5df69b46100b880,이벤트 | 뉴스 | 메이플스토리,,,,medium
9a813a4790bb6ab404fa,이벤트 | 뉴스 | 메이플스토리,,,,medium
2a42cd5ffd1c086056fd,이벤트 | 뉴스 | 메이플스토리,,,,medium
b0893f27d1fc429c0e0d,이벤트 | 뉴스 | 메이플스토리,,,,medium
e7950030b0b985f62769,이벤트 | 뉴스 | 메이플스토리,,,,medium
fbebd69698954526830f,이벤트 | 뉴스 | 메이플스토리,,,,medium
695508a58ab79fdc553c,이벤트 | 뉴스 | 메이플스토리,,,,medium
fdbc722adf3d8947aff0,이벤트 | 뉴스 | 메이플스토리,,,,medium
2373f97a8820b7eb54c5,이벤트 | 뉴스 | 메이플스토리,,,,medium
6d28c77355756d473a2d,이벤트 | 뉴스 | 메이플스토리,,,,medium
ad7766452ca672b6d3bb,이벤트 | 뉴스 | 메이플스토리,,,,medium
ea7819d1c50ea901757b,이벤트 | 뉴스 | 메이플스토리,,,,medium
f501a4252b506e222f96,이벤트 | 뉴스 | 메이플스토리,,,,medium
a5cee06fe2a4bb7ccab0,이벤트 | 뉴스 | 메이플스토리,,,,medium
dad2c48a795619f5f031,이벤트 | 뉴스 | 메이플스토리,,,,medium
4622adfef5e7360177b8,이벤트 | 뉴스 | 메이플스토리,,,,medium
5ebca42a6af17063a4ec,이벤트 | 뉴스 | 메이플스토리,,,,medium
54deedf0246409da3a94,이벤트 | 뉴스 | 메이플스토리,,,,medium
3dcfc0f84de6afc898f8,이벤트 | 뉴스 | 메이플스토리,,,,medium
cd619e3c15e2648b7b96,이벤트 | 뉴스 | 메이플스토리,,,,medium
5e44f020e1abb13f216c,이벤트 | 뉴스 | 메이플스토리,,,,medium
ef2f8000386c05b84fb6,이벤트 | 뉴스 | 메이플스토리,,,,medium
0656c3684d2bc56a879f,이벤트 | 뉴스 | 메이플스토리,,,,medium
54533c4c730f72fca97a,이벤트 | 뉴스 | 메이플스토리,,,,medium
e478860153cfb829d9c0,이벤트 | 뉴스 | 메이플스토리,,,,medium
1a06075a9cc8646c8e23,이벤트 | 뉴스 | 메이플스토리,,,,medium
121511f5cbf520a59d68,이벤트 | 뉴스 | 메이플스토리,,,,medium
14693e6399e0b7359c74,이벤트 | 뉴스 | 메이플스토리,,,,medium
3793348b31ba041a2d51,이벤트 | 뉴스 | 메이플스토리,,,,medium
e76e76cef679cb7eb7da,이벤트 | 뉴스 | 메이플스토리,,,,medium
574d635da88e1e2210c8,이벤트 | 뉴스 | 메이플스토리,,,,medium
27b91e2e7b37c20f6b8a,이벤트 | 뉴스 | 메이플스토리,,,,medium
f88b019d7339f164cb86,이벤트 | 뉴스 | 메이플스토리,,,,medium
c9fb24059e5fa2afb5c2,이벤트 | 뉴스 | 메이플스토리,,,,medium
002d711e0a2ee9094b62,이벤트 | 뉴스 | 메이플스토리,,,,medium
d1d036c4834699e926be,이벤트 | 뉴스 | 메이플스토리,,,,medium
afd0f398b08935b26196,이벤트 | 뉴스 | 메이플스토리,,,,medium
42f176e04f6d3a238532,이벤트 | 뉴스 | 메이플스토리,,,,medium
0f896afa3f5f06a41c34,이벤트 | 뉴스 | 메이플스토리,,,,medium
4bf5d743691bf3380d52,이벤트 | 뉴스 | 메이플스토리,,,,medium
99a9fda708871ad8d30a,이벤트 | 뉴스 | 메이플스토리,,,,medium
cdd2f037dab770c46856,이벤트 | 뉴스 | 메이플스토리,,,,medium
bf3240c792dbb9133962,이벤트 | 뉴스 | 메이플스토리,,,,medium
be955f29d0f767a951f1,이벤트 | 뉴스 | 메이플스토리,,,,medium
d62760461c25e0894421,이벤트 | 뉴스 | 메이플스토리,,,,medium
dd8c0afe232322df59ba,이벤트 | 뉴스 | 메이플스토리,,,,medium
ab1aee830d33b4f2f40b,이벤트 | 뉴스 | 메이플스토리,,,,medium
cff9ad0844dc8a3082f7,이벤트 | 뉴스 | 메이플스토리,,,,medium
2dc9499ce00f0a9f37dd,이벤트 | 뉴스 | 메이플스토리,,,,medium
a37e2a1235c77963f20d,이벤트 | 뉴스 | 메이플스토리,,,,medium
16176c9cf3294e256ca4,이벤트 | 뉴스 | 메이플스토리,,,,medium
942aa7d3820b34bf77ce,이벤트 | 뉴스 | 메이플스토리,,,,medium
ddf735ef7b1639b5c894,이벤트 | 뉴스 | 메이플스토리,,,,medium
4b604bf061b049b2f812,이벤트 | 뉴스 | 메이플스토리,,,,medium
c916a2a8a4fe19c5dd08,이벤트 | 뉴스 | 메이플스토리,,,,medium
8270a8a802bf71fce7b7,이벤트 | 뉴스 | 메이플스토리,,,,medium
0b8aabf851c177a8bce2,이벤트 | 뉴스 | 메이플스토리,,,,medium
2c5eff5e893901aa286f,이벤트 | 뉴스 | 메이플스토리,,,,medium
173cb1809d354c33a7af,이벤트 | 뉴스 | 메이플스토리,,,,medium
9859251b794086fa1b10,이벤트 | 뉴스 | 메이플스토리,,,,medium
eb61a8bd886731c43e86,이벤트 | 뉴스 | 메이플스토리,,,,medium
6ff3d4ce9d1abf8743e4,이벤트 | 뉴스 | 메이플스토리,,,,medium
e418add071b4bf2e2dd2,이벤트 | 뉴스 | 메이플스토리,,,,medium
cd699f4d5fdfd6d7a58d,이벤트 | 뉴스 | 메이플스토리,,,,medium
52f5d4a15ae16d1200af,이벤트 | 뉴스 | 메이플스토리,,,,medium
a1efaed44d03f11e1d2f,이벤트 | 뉴스 | 메이플스토리,,,,medium
ac4c8e54cc5de602bbb7,이벤트 | 뉴스 | 메이플스토리,,,,medium
3d9d5636fff647e0e17e,이벤트 | 뉴스 | 메이플스토리,,,,medium
397836d1999fb66cea89,이벤트 | 뉴스 | 메이플스토리,,,,medium
ac62c456bfec8521b1de,이벤트 | 뉴스 | 메이플스토리,,,,medium
b6bcac5f04d695978205,이벤트 | 뉴스 | 메이플스토리,,,,medium
6d70f3c8e35e52e480ba,이벤트 | 뉴스 | 메이플스토리,,,,medium
ae05134fe854aaa98a4e,이벤트 | 뉴스 | 메이플스토리,,,,medium
fce8b50bf91565e14796,이벤트 | 뉴스 | 메이플스토리,,,,medium
1c74778b36af56866500,이벤트 | 뉴스 | 메이플스토리,,,,medium
ade40bff517444988ac1,이벤트 | 뉴스 | 메이플스토리,,,,medium
133ff79d78b11e00e489,이벤트 | 뉴스 | 메이플스토리,,,,medium
516cc1919a0cfff4f60d,이벤트 | 뉴스 | 메이플스토리,,,,medium
e557a0dcab32c0b76984,이벤트 | 뉴스 | 메이플스토리,,,,medium
d5c85aff6396817ec4fc,이벤트 | 뉴스 | 메이플스토리,,,,medium
ed7d95b27775ac37a871,이벤트 | 뉴스 | 메이플스토리,,,,medium
65bc8327a6bc840e837b,이벤트 | 뉴스 | 메이플스토리,,,,medium
d0a642aea3cf5f445559,이벤트 | 뉴스 | 메이플스토리,,,,medium
1cc50de1dbd11b2fc209,이벤트 | 뉴스 | 메이플스토리,,,,medium
f832d611bbd5a60b129a,이벤트 | 뉴스 | 메이플스토리,,,,medium
07b1cfce5ef7ad590680,이벤트 | 뉴스 | 메이플스토리,,,,medium
cda292bf3f93b51271da,이벤트 | 뉴스 | 메이플스토리,,,,medium
a63965491440798f4bce,이벤트 | 뉴스 | 메이플스토리,,,,medium
c31640be53e83c487d43,이벤트 | 뉴스 | 메이플스토리,,,,medium
ae846581095923408e69,이벤트 | 뉴스 | 메이플스토리,,,,medium
90ac463815c252cace29,이벤트 | 뉴스 | 메이플스토리,,,,medium
d06cde6702ac258272c9,이벤트 | 뉴스 | 메이플스토리,,,,medium
aae6e4a5c04c4459874b,이벤트 | 뉴스 | 메이플스토리,,,,medium
3c566c880c53f21bea96,이벤트 | 뉴스 | 메이플스토리,,,,medium
6055323e2e01c17e1dcf,이벤트 | 뉴스 | 메이플스토리,,,,medium
9bb6c1f9bea4810233eb,이벤트 | 뉴스 | 메이플스토리,,,,medium
e2be41d582697e1d293b,이벤트 | 뉴스 | 메이플스토리,,,,medium
6d6e5cd23bbcea4ed29f,이벤트 | 뉴스 | 메이플스토리,,,,medium
d18d77c84783d0ffb266,이벤트 | 뉴스 | 메이플스토리,,,,medium
7c964d56851336da58fb,이벤트 | 뉴스 | 메이플스토리,,,,medium
61a86b2f4b575eca837d,이벤트 | 뉴스 | 메이플스토리,,,,medium
cd31adc0f81530012dd0,이벤트 | 뉴스 | 메이플스토리,,,,medium
38a00b0e040fc75f2180,이벤트 | 뉴스 | 메이플스토리,,,,medium
5cc4254a1de3697500e0,이벤트 | 뉴스 | 메이플스토리,,,,medium
797de21db43463bc489e,이벤트 | 뉴스 | 메이플스토리,,,,medium
7e8d5a3780a4a0feab87,이벤트 | 뉴스 | 메이플스토리,,,,medium
560528a50adf19593914,이벤트 | 뉴스 | 메이플스토리,,,,medium
b88159d1bd247ee2f953,이벤트 | 뉴스 | 메이플스토리,,,,medium
f01aff9cd4d1fbf03a6f,이벤트 | 뉴스 | 메이플스토리,,,,medium
85669097909f18ab6d7a,이벤트 | 뉴스 | 메이플스토리,,,,medium
b9394620833c5b31cead,이벤트 | 뉴스 | 메이플스토리,,,,medium
26e095c4a8ec084ad645,이벤트 | 뉴스 | 메이플스토리,,,,medium
74290f2e8f91537efeba,이벤트 | 뉴스 | 메이플스토리,,,,medium
bd803a3e0971a0c13b51,이벤트 | 뉴스 | 메이플스토리,,,,medium
ec31deb03d074bd152d3,이벤트 | 뉴스 | 메이플스토리,,,,medium
5d9cce0875c8f0615077,이벤트 | 뉴스 | 메이플스토리,,,,medium
84027ec56f0ebf46e150,이벤트 | 뉴스 | 메이플스토리,,,,medium
7c8c5cc81b886ae16307,이벤트 | 뉴스 | 메이플스토리,,,,medium
2f397db80e50dda1b6b6,이벤트 | 뉴스 | 메이플스토리,,,,medium
73dbffcbf6a76cadaeea,이벤트 | 뉴스 | 메이플스토리,,,,medium
53be96b0cef266566506,이벤트 | 뉴스 | 메이플스토리,,,,medium
ce21c871a73aadbafc18,이벤트 | 뉴스 | 메이플스토리,,,,medium
122a690792276b4bfff9,이벤트 | 뉴스 | 메이플스토리,,,,medium
29a772cafc9160d62e18,이벤트 | 뉴스 | 메이플스토리,,,,medium
59ab617de518f945ece6,이벤트 | 뉴스 | 메이플스토리,,,,medium
3d9b5ebc5f8286b77989,이벤트 | 뉴스 | 메이플스토리,,,,medium
5f98292bc3d842680041,이벤트 | 뉴스 | 메이플스토리,,,,medium
972ebd3ee8ffcc180e19,이벤트 | 뉴스 | 메이플스토리,,,,medium
dfb3cfb5d57b45569720,이벤트 | 뉴스 | 메이플스토리,,,,medium
2a0ce675ab379878ef9a,이벤트 | 뉴스 | 메이플스토리,,,,medium
01abb7c61b92b7db8dda,이벤트 | 뉴스 | 메이플스토리,,,,medium
0b139642d877e1dc7840,이벤트 | 뉴스 | 메이플스토리,,,,medium
dff4c1d865d5d69ba3c7,이벤트 | 뉴스 | 메이플스토리,,,,medium
ec3d14cb7765f2580312,이벤트 | 뉴스 | 메이플스토리,,,,medium
84e989480ff6260a1b60,이벤트 | 뉴스 | 메이플스토리,,,,medium
2d41be9868da948af747,이벤트 | 뉴스 | 메이플스토리,,,,medium
df1b200dceef04159c94,이벤트 | 뉴스 | 메이플스토리,,,,medium
82a21c2eae7288c7998b,이벤트 | 뉴스 | 메이플스토리,,,,medium
0b0eb26d8f5fbf1b2fee,이벤트 | 뉴스 | 메이플스토리,,,,medium
12833ca27c4aa14a5662,이벤트 | 뉴스 | 메이플스토리,,,,medium
7f7a644c0e89713ae133,이벤트 | 뉴스 | 메이플스토리,,,,medium
451971e2c6c729df3361,이벤트 | 뉴스 | 메이플스토리,,,,medium
2689e1faafaaf9c8241e,이벤트 | 뉴스 | 메이플스토리,,,,medium
a13f997c83d24b6a44dc,이벤트 | 뉴스 | 메이플스토리,,,,medium
ec2191ae38116a678df7,이벤트 | 뉴스 | 메이플스토리,,,,medium
e04a205569c420c22323,이벤트 | 뉴스 | 메이플스토리,,,,medium
9dc5e117fb5aefa90a56,이벤트 | 뉴스 | 메이플스토리,,,,medium
fe03417a64f30e4b0176,이벤트 | 뉴스 | 메이플스토리,,,,medium
1f9aaa511fedb3bd45b5,이벤트 | 뉴스 | 메이플스토리,,,,medium
acf8726749bec68a3862,이벤트 | 뉴스 | 메이플스토리,,,,medium
27e7d06ac778aadbfbb5,이벤트 | 뉴스 | 메이플스토리,,,,medium
61e1dc56410907f457a7,이벤트 | 뉴스 | 메이플스토리,,,,medium
eefaddaef605600340c0,이벤트 | 뉴스 | 메이플스토리,,,,medium
e5d133e7cb767e1534fa,이벤트 | 뉴스 | 메이플스토리,,,,medium
b1e4a705d14a70f7abb8,이벤트 | 뉴스 | 메이플스토리,,,,medium
6536cd2de9ac3d4b1d26,이벤트 | 뉴스 | 메이플스토리,,,,medium
dbd710fb3b8d6624b755,이벤트 | 뉴스 | 메이플스토리,,,,medium
b443e36d25a7503b484b,이벤트 | 뉴스 | 메이플스토리,,,,medium
5fb94e79354e5a9c22f7,이벤트 | 뉴스 | 메이플스토리,,,,medium
cb069b8395b12e5247b8,이벤트 | 뉴스 | 메이플스토리,,,,medium
96379536a26cfc005831,이벤트 | 뉴스 | 메이플스토리,,,,medium
12a64f93fbf00ce05557,이벤트 | 뉴스 | 메이플스토리,,,,medium
e4ef9edf7d20ef9f973a,이벤트 | 뉴스 | 메이플스토리,,,,medium
fde36f0bc984ce8307b6,이벤트 | 뉴스 | 메이플스토리,,,,medium
bb33def24ab6b90f80f7,이벤트 | 뉴스 | 메이플스토리,,,,medium
88785fe14eabc244d5d7,이벤트 | 뉴스 | 메이플스토리,,,,medium
769416ea3e76a9ea2bd8,이벤트 | 뉴스 | 메이플스토리,,,,medium
9a1911bbf1aeb6a62bd3,이벤트 | 뉴스 | 메이플스토리,,,,medium
28af84a396201814ae44,이벤트 | 뉴스 | 메이플스토리,,,,medium
b5744e2c9aab883c31b6,이벤트 | 뉴스 | 메이플스토리,,,,medium
f21b1968afc1dff79f0e,이벤트 | 뉴스 | 메이플스토리,,,,medium
e7c624df8d652de0940c,이벤트 | 뉴스 | 메이플스토리,,,,medium
062222a5c771910d0281,이벤트 | 뉴스 | 메이플스토리,,,,medium
f884937744005b45b223,이벤트 | 뉴스 | 메이플스토리,,,,medium
ec2f6bfea8d021c444d9,이벤트 | 뉴스 | 메이플스토리,,,,medium
4438a2fae99f1a61ae82,이벤트 | 뉴스 | 메이플스토리,,,,medium
d39a43d5b9eb3f4c4fa6,이벤트 | 뉴스 | 메이플스토리,,,,medium
0d2c8c9aaaf528a45a5c,이벤트 | 뉴스 | 메이플스토리,,,,medium
ec5e8b28ea13250c38cf,이벤트 | 뉴스 | 메이플스토리,,,,medium
e1d8c9759d37e814772d,이벤트 | 뉴스 | 메이플스토리,,,,medium
8cc51a6ebf71355f24bf,이벤트 | 뉴스 | 메이플스토리,,,,medium
f3a8d32929aec1bb02d2,이벤트 | 뉴스 | 메이플스토리,,,,medium
c7cf120f7e25e0b24bf8,이벤트 | 뉴스 | 메이플스토리,,,,medium
68f8be34a073abbe422d,이벤트 | 뉴스 | 메이플스토리,,,,medium
be50b973192d41163bce,이벤트 | 뉴스 | 메이플스토리,,,,medium
ac06f343b599e09ae740,이벤트 | 뉴스 | 메이플스토리,,,,medium
0c15c5df74d7616b2156,이벤트 | 뉴스 | 메이플스토리,,,,medium
02b88aad26db8c76d835,이벤트 | 뉴스 | 메이플스토리,,,,medium
ff8defe13a7ae588f57f,이벤트 | 뉴스 | 메이플스토리,,,,medium
885ad5b0e121b0fa1866,이벤트 | 뉴스 | 메이플스토리,,,,medium
3c6607005730cd447fe6,이벤트 | 뉴스 | 메이플스토리,,,,medium
8c1bac744de4817fae8b,이벤트 | 뉴스 | 메이플스토리,,,,medium
30e14772e3d86da23ef9,이벤트 | 뉴스 | 메이플스토리,,,,medium
757976ea1ee269739f39,이벤트 | 뉴스 | 메이플스토리,,,,medium
a726d711ef2a5636cf3a,이벤트 | 뉴스 | 메이플스토리,,,,medium
08f21e2e4fe699a101c7,이벤트 | 뉴스 | 메이플스토리,,,,medium
428e338d78b47c34b825,이벤트 | 뉴스 | 메이플스토리,,,,medium
be51cc095427428a5e89,이벤트 | 뉴스 | 메이플스토리,,,,medium
6a18e15a16e9d90111f8,이벤트 | 뉴스 | 메이플스토리,,,,medium
cf684e8bdde9725407c5,이벤트 | 뉴스 | 메이플스토리,,,,medium
bdfa10ea8c964a071835,이벤트 | 뉴스 | 메이플스토리,,,,medium
28ceaf75cb4f9a138958,이벤트 | 뉴스 | 메이플스토리,,,,medium
396cb3c840b8a91a4c83,이벤트 | 뉴스 | 메이플스토리,,,,medium
80515d4b65ac2e4d0dd9,이벤트 | 뉴스 | 메이플스토리,,,,medium
45b93054c0d5c7cde07e,이벤트 | 뉴스 | 메이플스토리,,,,medium
9ef57203f914b1849f3d,이벤트 | 뉴스 | 메이플스토리,,,,medium
390a6189dd097a988bb5,이벤트 | 뉴스 | 메이플스토리,,,,medium
2ec785ab4a7c0eb5652f,이벤트 | 뉴스 | 메이플스토리,,,,medium
a477312b82eaa23d5c89,이벤트 | 뉴스 | 메이플스토리,,,,medium
6fb32e14aa8fb463429b,이벤트 | 뉴스 | 메이플스토리,,,,medium
c9e24d00ba38d60075d8,이벤트 | 뉴스 | 메이플스토리,,,,medium
e58ecff7116d4b7c573c,이벤트 | 뉴스 | 메이플스토리,,,,medium
9d90d6f87e5ef1baab64,이벤트 | 뉴스 | 메이플스토리,,,,medium
104221f570cc22eba39b,이벤트 | 뉴스 | 메이플스토리,,,,medium
950cffa7963c36608b65,이벤트 | 뉴스 | 메이플스토리,,,,medium
12fc9d978f3dbb70a1a6,이벤트 | 뉴스 | 메이플스토리,,,,medium
2069370d8675bd0bb59c,이벤트 | 뉴스 | 메이플스토리,,,,medium
6ce552f78bc245111552,이벤트 | 뉴스 | 메이플스토리,,,,medium
c5db159ecf98cfa16d90,이벤트 | 뉴스 | 메이플스토리,,,,medium
b7fca83466200bc57bbd,이벤트 | 뉴스 | 메이플스토리,,,,medium
5054bcbb9bfe1a50b600,이벤트 | 뉴스 | 메이플스토리,,,,medium
43de9a1388caf1a83277,이벤트 | 뉴스 | 메이플스토리,,,,medium
3ddd0de060156a2b6f51,이벤트 | 뉴스 | 메이플스토리,,,,medium
28d9121c45f20a3e027c,이벤트 | 뉴스 | 메이플스토리,,,,medium
0044362c300461343b6f,이벤트 | 뉴스 | 메이플스토리,,,,medium
bd41a10233353b1c8622,이벤트 | 뉴스 | 메이플스토리,,,,medium
30720292921350c99899,이벤트 | 뉴스 | 메이플스토리,,,,medium
ca0b93ad65fa0fdb9030,이벤트 | 뉴스 | 메이플스토리,,,,medium
14b804c9f8d3e3ba464d,이벤트 | 뉴스 | 메이플스토리,,,,medium
55564078b61818cb44f5,이벤트 | 뉴스 | 메이플스토리,,,,medium
bbec877fd6d2c2206a69,이벤트 | 뉴스 | 메이플스토리,,,,medium
a73be2058d1aa4651e3a,이벤트 | 뉴스 | 메이플스토리,,,,medium
b10e5cbe66aaea39d830,이벤트 | 뉴스 | 메이플스토리,,,,medium
4666b49f42cdab2d38fc,이벤트 | 뉴스 | 메이플스토리,,,,medium
c59a7e67345a63303599,이벤트 | 뉴스 | 메이플스토리,,,,medium
9f675e75ccf76b07d0e5,이벤트 | 뉴스 | 메이플스토리,,,,medium
75e948250d0970e7cf9b,이벤트 | 뉴스 | 메이플스토리,,,,medium
aadb759016fb6a988b45,이벤트 | 뉴스 | 메이플스토리,,,,medium
19d09c8e9425d7c190f7,이벤트 | 뉴스 | 메이플스토리,,,,medium
7415dbc0e8c744e78849,이벤트 | 뉴스 | 메이플스토리,,,,medium
feb0921860faafe6a522,이벤트 | 뉴스 | 메이플스토리,,,,medium
d36cef0f37687d3e3d0f,이벤트 | 뉴스 | 메이플스토리,,,,medium
5b8fbc0db059dc011e17,이벤트 | 뉴스 | 메이플스토리,,,,medium
1b5a688e1937f04efacb,이벤트 | 뉴스 | 메이플스토리,,,,medium
22cb291ae2bef7762972,이벤트 | 뉴스 | 메이플스토리,,,,medium
d815a4c86bedb3102c9c,이벤트 | 뉴스 | 메이플스토리,,,,medium
7e0f60f2e3917e02e698,이벤트 | 뉴스 | 메이플스토리,,,,medium
a0562b162f75d9772006,이벤트 | 뉴스 | 메이플스토리,,,,medium
f8b1c55b9fa6d30b421c,이벤트 | 뉴스 | 메이플스토리,,,,medium
f7a1f6b29de5c231c915,이벤트 | 뉴스 | 메이플스토리,,,,medium
d57a5ad1ee96cdf7e862,이벤트 | 뉴스 | 메이플스토리,,,,medium
da2e57b00bc5396f66d4,이벤트 | 뉴스 | 메이플스토리,,,,medium
3bcda43ceedf76383a0d,이벤트 | 뉴스 | 메이플스토리,,,,medium
ded8b2f84951cc9e0b74,이벤트 | 뉴스 | 메이플스토리,,,,medium
b6919a15a7e1623b22a3,이벤트 | 뉴스 | 메이플스토리,,,,medium
74fc12e918b59af1c9dc,이벤트 | 뉴스 | 메이플스토리,,,,medium
145d1346efeb873f0225,이벤트 | 뉴스 | 메이플스토리,,,,medium
b300dd4d231eafe92c6e,이벤트 | 뉴스 | 메이플스토리,,,,medium
c58083b355f009cc9681,이벤트 | 뉴스 | 메이플스토리,,,,medium
587ce8328ece65be2004,이벤트 | 뉴스 | 메이플스토리,,,,medium
09dd6a6a47a6db02fb33,이벤트 | 뉴스 | 메이플스토리,,,,medium
f4836a07565ba3a1355b,이벤트 | 뉴스 | 메이플스토리,,,,medium
b7eed04f143461948253,이벤트 | 뉴스 | 메이플스토리,,,,medium
d008ed5331358641f564,이벤트 | 뉴스 | 메이플스토리,,,,medium
cceab56cf10acd06f9cf,이벤트 | 뉴스 | 메이플스토리,,,,medium
250b979e43c96287f3e8,이벤트 | 뉴스 | 메이플스토리,,,,medium
52d73e26c3b4abfb2a3e,이벤트 | 뉴스 | 메이플스토리,,,,medium
3eb36436cab5df848ce6,이벤트 | 뉴스 | 메이플스토리,,,,medium
cbd65511b1acd151497f,이벤트 | 뉴스 | 메이플스토리,,,,medium
35ea8bede47d81eeff0f,이벤트 | 뉴스 | 메이플스토리,,,,medium
0740b303718bb0c1b751,이벤트 | 뉴스 | 메이플스토리,,,,medium
86dc22c2444df5f07f3c,이벤트 | 뉴스 | 메이플스토리,,,,medium
b1c20e659a1b18220285,이벤트 | 뉴스 | 메이플스토리,,,,medium
c7c41caf95edded9e136,이벤트 | 뉴스 | 메이플스토리,,,,medium
85cf06bdd6ad0cbe24bc,이벤트 | 뉴스 | 메이플스토리,,,,medium
6cc8d231c0a05e6a9e9d,이벤트 | 뉴스 | 메이플스토리,,,,medium
b4351e1edec19b477ef2,이벤트 | 뉴스 | 메이플스토리,,,,medium
9c8081f8d8744d30f766,이벤트 | 뉴스 | 메이플스토리,,,,medium
a16009392f7430d63913,이벤트 | 뉴스 | 메이플스토리,,,,medium
6887c04e8dd58749d0c2,이벤트 | 뉴스 | 메이플스토리,,,,medium
5b95ebbdfb1c9d52dfbc,이벤트 | 뉴스 | 메이플스토리,,,,medium
a5d7b9ae2246502a6d01,이벤트 | 뉴스 | 메이플스토리,,,,medium
100017d39f82ebe25057,이벤트 | 뉴스 | 메이플스토리,,,,medium
0c4f1d9f3e8749ee43eb,이벤트 | 뉴스 | 메이플스토리,,,,medium
bbf78fb58efb4a30b7fb,이벤트 | 뉴스 | 메이플스토리,,,,medium
6c007ef8a2b8cccfb97c,이벤트 | 뉴스 | 메이플스토리,,,,medium
88485ae1e1895dbb6f3f,이벤트 | 뉴스 | 메이플스토리,,,,medium
8128dc94e3abdd5a27f7,이벤트 | 뉴스 | 메이플스토리,,,,medium
0e285db1403e5a1448cf,이벤트 | 뉴스 | 메이플스토리,,,,medium
36f80d4558286b5eb7f7,이벤트 | 뉴스 | 메이플스토리,,,,medium
1f79ada235fa8f602b4c,이벤트 | 뉴스 | 메이플스토리,,,,medium
18995412834a40d429d9,이벤트 | 뉴스 | 메이플스토리,,,,medium
a7a68729254a398319b3,이벤트 | 뉴스 | 메이플스토리,,,,medium
16ef9a6d86912c45e356,이벤트 | 뉴스 | 메이플스토리,,,,medium
09396e98dddae5050248,이벤트 | 뉴스 | 메이플스토리,,,,medium
52cff52ed9be481166a2,이벤트 | 뉴스 | 메이플스토리,,,,medium
8115a671f68505ca6aca,이벤트 | 뉴스 | 메이플스토리,,,,medium
02ab22ff0b858743940e,이벤트 | 뉴스 | 메이플스토리,,,,medium
3320dc0c940010d7a17a,이벤트 | 뉴스 | 메이플스토리,,,,medium
fbfac4a98614c8fe7849,이벤트 | 뉴스 | 메이플스토리,,,,medium
b9ff3ff4a1c60b26bc24,이벤트 | 뉴스 | 메이플스토리,,,,medium
a81774dbb322610e037e,이벤트 | 뉴스 | 메이플스토리,,,,medium
c4a65d78ffb9cc4a129f,이벤트 | 뉴스 | 메이플스토리,,,,medium
301d24d618fe0021e9b5,이벤트 | 뉴스 | 메이플스토리,,,,medium
ac0bc0712a43cb22eea1,이벤트 | 뉴스 | 메이플스토리,,,,medium
9550e4dab28acab522a1,이벤트 | 뉴스 | 메이플스토리,,,,medium
e54180623c634f7bef27,이벤트 | 뉴스 | 메이플스토리,,,,medium
c2a71c8ef3348e8e9f60,이벤트 | 뉴스 | 메이플스토리,,,,medium
98e9c851ed4ae6d0489b,이벤트 | 뉴스 | 메이플스토리,,,,medium
6cd83cc75b41fa797636,이벤트 | 뉴스 | 메이플스토리,,,,medium
90a5c89fe22b22524e01,이벤트 | 뉴스 | 메이플스토리,,,,medium
0e2e1f88d3da426a267d,이벤트 | 뉴스 | 메이플스토리,,,,medium
63ad31138b277779cbca,이벤트 | 뉴스 | 메이플스토리,,,,medium
58dc0671cf1fa0b41861,이벤트 | 뉴스 | 메이플스토리,,,,medium
39586fe968ffd978ac49,이벤트 | 뉴스 | 메이플스토리,,,,medium
df5f0756a0a9f10212dd,이벤트 | 뉴스 | 메이플스토리,,,,medium
9cadc35139acbc3ff6b3,이벤트 | 뉴스 | 메이플스토리,,,,medium
6cc24e963373364e05dc,이벤트 | 뉴스 | 메이플스토리,,,,medium
9c6eab36eaf3fd616490,이벤트 | 뉴스 | 메이플스토리,,,,medium
1002090cf520029b6221,이벤트 | 뉴스 | 메이플스토리,,,,medium
0b4ea5bd17adad8f6117,이벤트 | 뉴스 | 메이플스토리,,,,medium
fd25dda56b4c3d2880ae,이벤트 | 뉴스 | 메이플스토리,,,,medium
ac1e11c8028bc2bff159,이벤트 | 뉴스 | 메이플스토리,,,,medium
6cef8571eaed5c5dd2c1,이벤트 | 뉴스 | 메이플스토리,,,,medium
340cb816fd709fc5d519,이벤트 | 뉴스 | 메이플스토리,,,,medium
45980e0e4d2814c3a971,이벤트 | 뉴스 | 메이플스토리,,,,medium
13fc6591ab42561b98c6,이벤트 | 뉴스 | 메이플스토리,,,,medium
5578c3ae1274c00f3ca0,이벤트 | 뉴스 | 메이플스토리,,,,medium
caf5fbffceafebcdc513,이벤트 | 뉴스 | 메이플스토리,,,,medium
ecfdd0f57d7c0ad1b07e,이벤트 | 뉴스 | 메이플스토리,,,,medium
3f525d3af621065d6ed8,이벤트 | 뉴스 | 메이플스토리,,,,medium
25ebb6fceb8ce2a9dbde,이벤트 | 뉴스 | 메이플스토리,,,,medium
6bfe42c21e29aa5a37d7,이벤트 | 뉴스 | 메이플스토리,,,,medium
f0069ef38eedaa22b175,이벤트 | 뉴스 | 메이플스토리,,,,medium
f5350b8260afde52b1f9,이벤트 | 뉴스 | 메이플스토리,,,,medium
6ae11ad591d4b2db0419,이벤트 | 뉴스 | 메이플스토리,,,,medium
5cedbd227d1235528e9a,이벤트 | 뉴스 | 메이플스토리,,,,medium
43bd0600defb260a07a5,이벤트 | 뉴스 | 메이플스토리,,,,medium
2489c1724e286a9ee1dd,이벤트 | 뉴스 | 메이플스토리,,,,medium
e9434cec572cab5abca9,이벤트 | 뉴스 | 메이플스토리,,,,medium
71cde665c764f7654fb0,이벤트 | 뉴스 | 메이플스토리,,,,medium
31ecc1c1b24f811813f3,이벤트 | 뉴스 | 메이플스토리,,,,medium
54636f7d8e533cb70378,이벤트 | 뉴스 | 메이플스토리,,,,medium
8f17b2f6efacef28dc71,이벤트 | 뉴스 | 메이플스토리,,,,medium
90ccf9554c8b49450394,이벤트 | 뉴스 | 메이플스토리,,,,medium
b52b7262844be6f63047,이벤트 | 뉴스 | 메이플스토리,,,,medium
c040347dffa228490b9e,이벤트 | 뉴스 | 메이플스토리,,,,medium
4baabd51c94b4b35d9c1,이벤트 | 뉴스 | 메이플스토리,,,,medium
b7f578204ca3b6f19ddc,이벤트 | 뉴스 | 메이플스토리,,,,medium
9587a25e0dea26f0d0f6,이벤트 | 뉴스 | 메이플스토리,,,,medium
727b4b1b05b16a193949,이벤트 | 뉴스 | 메이플스토리,,,,medium
8be420159fec6e1b9ee3,이벤트 | 뉴스 | 메이플스토리,,,,medium
0206af2ae0c29907e5de,이벤트 | 뉴스 | 메이플스토리,,,,medium
2d935241f41d495a1eeb,이벤트 | 뉴스 | 메이플스토리,,,,medium
c0e652bf1e6533d89822,이벤트 | 뉴스 | 메이플스토리,,,,medium
8fea8a8d59744944e0e2,이벤트 | 뉴스 | 메이플스토리,,,,medium
b1dfdf890f2b4a72d774,이벤트 | 뉴스 | 메이플스토리,,,,medium
10ee429c88c318a41ae5,이벤트 | 뉴스 | 메이플스토리,,,,medium
37ec437b4b0ab3551f05,이벤트 | 뉴스 | 메이플스토리,,,,medium
a5ff815c7a512166caf2,이벤트 | 뉴스 | 메이플스토리,,,,medium
e70b328e0114170ebc34,이벤트 | 뉴스 | 메이플스토리,,,,medium
cbbd0bd9b9c8b19bc277,이벤트 | 뉴스 | 메이플스토리,,,,medium
4a59714898d512993012,이벤트 | 뉴스 | 메이플스토리,,,,medium
1c0127bdf096aa74dc3c,이벤트 | 뉴스 | 메이플스토리,,,,medium
0f92d50bb2e62c77d8fe,이벤트 | 뉴스 | 메이플스토리,,,,medium
b1d7524f42cef8ed0eee,이벤트 | 뉴스 | 메이플스토리,,,,medium
8d88172d3ad823110207,이벤트 | 뉴스 | 메이플스토리,,,,medium
d750a1fa0f017f6b7b4e,이벤트 | 뉴스 | 메이플스토리,,,,medium
dd66387363d8acd02e00,이벤트 | 뉴스 | 메이플스토리,,,,medium
182d94a71b2ed803e9f9,이벤트 | 뉴스 | 메이플스토리,,,,medium
4c55a2c162e46e5bcaef,이벤트 | 뉴스 | 메이플스토리,,,,medium
21ae6154e64149523960,이벤트 | 뉴스 | 메이플스토리,,,,medium
8bc99d00ddd8c15891a2,이벤트 | 뉴스 | 메이플스토리,,,,medium
f0c4250d5034f0eed246,이벤트 | 뉴스 | 메이플스토리,,,,medium
b10259e42ea1821b09e8,이벤트 | 뉴스 | 메이플스토리,,,,medium
5a2c951a3ee75a8d506e,이벤트 | 뉴스 | 메이플스토리,,,,medium
78a4edfb60c0eba14fa4,이벤트 | 뉴스 | 메이플스토리,,,,medium
b3eadfdacce7711c7a4f,이벤트 | 뉴스 | 메이플스토리,,,,medium
a86809a7031f4ae6b83f,이벤트 | 뉴스 | 메이플스토리,,,,medium
75a47530e35df74f4dbd,이벤트 | 뉴스 | 메이플스토리,,,,medium
d14630c576d5777e75de,이벤트 | 뉴스 | 메이플스토리,,,,medium
ca00046761e00736741b,이벤트 | 뉴스 | 메이플스토리,,,,medium
31c8f7838664bac4655c,이벤트 | 뉴스 | 메이플스토리,,,,medium
8f53db0e040150fd8da7,이벤트 | 뉴스 | 메이플스토리,,,,medium
0c2df5c151bc57ee3cea,이벤트 | 뉴스 | 메이플스토리,,,,medium
fa4fbc697f56bf070c47,이벤트 | 뉴스 | 메이플스토리,,,,medium
ad7eb2f191eb6b83fdc6,이벤트 | 뉴스 | 메이플스토리,,,,medium
e8356401b7c10ed0d7a4,이벤트 | 뉴스 | 메이플스토리,,,,medium
dcd1d27e06579f7751be,이벤트 | 뉴스 | 메이플스토리,,,,medium
9244db48f20a94489144,이벤트 | 뉴스 | 메이플스토리,,,,medium
7b9ed2f6b4b6f7fc2c18,이벤트 | 뉴스 | 메이플스토리,,,,medium
857005b39649a4f59cb3,이벤트 | 뉴스 | 메이플스토리,,,,medium
8d149ea8845410a74d75,이벤트 | 뉴스 | 메이플스토리,,,,medium
502c3af2fa22f5f78733,이벤트 | 뉴스 | 메이플스토리,,,,medium
83f5babfb70f1034336f,이벤트 | 뉴스 | 메이플스토리,,,,medium
66faa3e723e5a8490260,이벤트 | 뉴스 | 메이플스토리,,,,medium
46d872ebe590b1904991,이벤트 | 뉴스 | 메이플스토리,,,,medium
10b47e1d8b9a841d1b77,이벤트 | 뉴스 | 메이플스토리,,,,medium
87886d62a077bc4a048e,이벤트 | 뉴스 | 메이플스토리,,,,medium
9c7de8d0788e6953abc7,이벤트 | 뉴스 | 메이플스토리,,,,medium
d58a7f638b2b2d2b1db6,이벤트 | 뉴스 | 메이플스토리,,,,medium
2f0f6ac255a036b4c36a,이벤트 | 뉴스 | 메이플스토리,,,,medium
0b4ae6f7bfb48a7a0b9e,이벤트 | 뉴스 | 메이플스토리,,,,medium
b49bb44e43774af57845,이벤트 | 뉴스 | 메이플스토리,,,,medium
78e680b3ff71b5457026,이벤트 | 뉴스 | 메이플스토리,,,,medium
322c323e1fccb28c3cc4,이벤트 | 뉴스 | 메이플스토리,,,,medium
bb1e3f0626ab7465b889,이벤트 | 뉴스 | 메이플스토리,,,,medium
dad22c51eef9a69cb659,이벤트 | 뉴스 | 메이플스토리,,,,medium
5d1e8d3a2126d6cf07e3,이벤트 | 뉴스 | 메이플스토리,,,,medium
f2c8b65e2c7fc4052209,이벤트 | 뉴스 | 메이플스토리,,,,medium
3833ebb0c1d083777dc2,이벤트 | 뉴스 | 메이플스토리,,,,medium
ae335ed3c4e87a35b573,이벤트 | 뉴스 | 메이플스토리,,,,medium
3a5514a9c088df6a9a4c,이벤트 | 뉴스 | 메이플스토리,,,,medium
178ff30908589208a3ee,이벤트 | 뉴스 | 메이플스토리,,,,medium
3d382d8e4dd5c5863f19,이벤트 | 뉴스 | 메이플스토리,,,,medium
691866715d515c68cef9,이벤트 | 뉴스 | 메이플스토리,,,,medium
e5f92d537b5a8a7e2bb7,이벤트 | 뉴스 | 메이플스토리,,,,medium
23923e596482bc7e7ade,이벤트 | 뉴스 | 메이플스토리,,,,medium
4a793646e22c7d576c99,이벤트 | 뉴스 | 메이플스토리,,,,medium
2cd7cb7853bb9f9c6f24,이벤트 | 뉴스 | 메이플스토리,,,,medium
5bb894e7c0b11d8a6d80,이벤트 | 뉴스 | 메이플스토리,,,,medium
f96541beeea9d51cfe63,이벤트 | 뉴스 | 메이플스토리,,,,medium
e4a2ba1071356ad39b76,이벤트 | 뉴스 | 메이플스토리,,,,medium
bb132cf8eb9cab109beb,이벤트 | 뉴스 | 메이플스토리,,,,medium
9fcd48ca58e129af0173,이벤트 | 뉴스 | 메이플스토리,,,,medium
314ba0518f48c1080a5e,이벤트 | 뉴스 | 메이플스토리,,,,medium
8ad179cd6319f3637d9a,이벤트 | 뉴스 | 메이플스토리,,,,medium
082a2bb3e117f1dcf95b,이벤트 | 뉴스 | 메이플스토리,,,,medium
b5f12944163d15420c9b,이벤트 | 뉴스 | 메이플스토리,,,,medium
d725934c2b7b1aa93ca1,이벤트 | 뉴스 | 메이플스토리,,,,medium
47de1a0d7142f6e0d2f9,이벤트 | 뉴스 | 메이플스토리,,,,medium
1594e6d5e79d474cb80b,이벤트 | 뉴스 | 메이플스토리,,,,medium
6199d712874a1a319e2c,이벤트 | 뉴스 | 메이플스토리,,,,medium
4339681a9b73a7ca65cf,이벤트 | 뉴스 | 메이플스토리,,,,medium
6f86dd9cf0c9bf49527f,이벤트 | 뉴스 | 메이플스토리,,,,medium
8144dc806eb7dce1c985,이벤트 | 뉴스 | 메이플스토리,,,,medium
2569a179ca9b1c77b289,이벤트 | 뉴스 | 메이플스토리,,,,medium
09dc1a495cdaf2506616,이벤트 | 뉴스 | 메이플스토리,,,,medium
bfbcfbaf205bf12835dc,이벤트 | 뉴스 | 메이플스토리,,,,medium
399d4ed24412c2df66f3,이벤트 | 뉴스 | 메이플스토리,,,,medium
77e5e8918307b30420a7,이벤트 | 뉴스 | 메이플스토리,,,,medium
0259becf52778bff57ee,이벤트 | 뉴스 | 메이플스토리,,,,medium
db4be12934b5f6843a06,이벤트 | 뉴스 | 메이플스토리,,,,medium
ca5c07d3ee96ba036a93,이벤트 | 뉴스 | 메이플스토리,,,,medium
f994bf249e845183fefe,이벤트 | 뉴스 | 메이플스토리,,,,medium
3c2a1a6ef286ae22a5f9,이벤트 | 뉴스 | 메이플스토리,,,,medium
d0913f513683bdb292e3,이벤트 | 뉴스 | 메이플스토리,,,,medium
7bdd81098bcc61a59595,이벤트 | 뉴스 | 메이플스토리,,,,medium
6a90709c23f0dce9663f,이벤트 | 뉴스 | 메이플스토리,,,,medium
3884bf126c5aac366a7e,이벤트 | 뉴스 | 메이플스토리,,,,medium
3d86dd6db5b73a3d6623,이벤트 | 뉴스 | 메이플스토리,,,,medium
4c5ffbaf187d64210c66,이벤트 | 뉴스 | 메이플스토리,,,,medium
6e4cf2862d694a80a474,이벤트 | 뉴스 | 메이플스토리,,,,medium
c9d849c7ab3bb85fed0d,이벤트 | 뉴스 | 메이플스토리,,,,medium
67dc6352fa51536ea3bf,이벤트 | 뉴스 | 메이플스토리,,,,medium
d574752d5515823d181a,이벤트 | 뉴스 | 메이플스토리,,,,medium
4fba4aea0cbf5bf578c1,이벤트 | 뉴스 | 메이플스토리,,,,medium
c8cd2eb96ba245aa641d,이벤트 | 뉴스 | 메이플스토리,,,,medium
be83107ea1676ec083f3,이벤트 | 뉴스 | 메이플스토리,,,,medium
8dfbbaff461131b7dc64,이벤트 | 뉴스 | 메이플스토리,,,,medium
9eb8b99a92f6d5c71183,이벤트 | 뉴스 | 메이플스토리,,,,medium
8554c8f5db691a2350df,이벤트 | 뉴스 | 메이플스토리,,,,medium
a7ed85499b6910394c00,이벤트 | 뉴스 | 메이플스토리,,,,medium
295b9bf9074d588b8085,이벤트 | 뉴스 | 메이플스토리,,,,medium
b17501a37f46d2ac6d5b,이벤트 | 뉴스 | 메이플스토리,,,,medium
1bb1c390976c405c1d66,이벤트 | 뉴스 | 메이플스토리,,,,medium
cf88d2cc2c6969ba88e4,이벤트 | 뉴스 | 메이플스토리,,,,medium
037e95fb4147ac548955,이벤트 | 뉴스 | 메이플스토리,,,,medium
3022c657824ce25b55dc,이벤트 | 뉴스 | 메이플스토리,,,,medium
ca5beebb67281b9ed045,이벤트 | 뉴스 | 메이플스토리,,,,medium
839c6594fdcedd7945b7,이벤트 | 뉴스 | 메이플스토리,,,,medium
f5a690b49451810c45e9,이벤트 | 뉴스 | 메이플스토리,,,,medium
631a986f06b96240dd2d,이벤트 | 뉴스 | 메이플스토리,,,,medium
08d985367aa894f10d1f,이벤트 | 뉴스 | 메이플스토리,,,,medium
9a0da794c8b9eb78707d,이벤트 | 뉴스 | 메이플스토리,,,,medium
badbd2fa38698e1e501c,이벤트 | 뉴스 | 메이플스토리,,,,medium
c55cb55aa9ff8b17af83,이벤트 | 뉴스 | 메이플스토리,,,,medium
1c71152682adc6868faa,이벤트 | 뉴스 | 메이플스토리,,,,medium
8c1fe380c34d99b6182c,이벤트 | 뉴스 | 메이플스토리,,,,medium
d343d95638e504d342fe,이벤트 | 뉴스 | 메이플스토리,,,,medium
92d9dc17f2df32e92602,이벤트 | 뉴스 | 메이플스토리,,,,medium
bfea18cae9f7a0f6f3a3,이벤트 | 뉴스 | 메이플스토리,,,,medium
f678785d58ecadb01e11,이벤트 | 뉴스 | 메이플스토리,,,,medium
8bf0d66fb47ae9b72231,이벤트 | 뉴스 | 메이플스토리,,,,medium
b1cdbbe6a701dee43879,이벤트 | 뉴스 | 메이플스토리,,,,medium
386be3b7d3627c2caeaf,이벤트 | 뉴스 | 메이플스토리,,,,medium
f2608fe90f1cd804f3b5,이벤트 | 뉴스 | 메이플스토리,,,,medium
356ed4b8e01d1a074844,이벤트 | 뉴스 | 메이플스토리,,,,medium
88b56dadf452190bc554,이벤트 | 뉴스 | 메이플스토리,,,,medium
1cc3679eb1e433a2dd7b,이벤트 | 뉴스 | 메이플스토리,,,,medium
e2c6b97ce8322cec9d9e,이벤트 | 뉴스 | 메이플스토리,,,,medium
5830eb5a808ec6933ca7,이벤트 | 뉴스 | 메이플스토리,,,,medium
a089f052caff076149ad,이벤트 | 뉴스 | 메이플스토리,,,,medium
540e6cbe9de4b8b382da,이벤트 | 뉴스 | 메이플스토리,,,,medium
2841ab64d7158bcf2cdf,이벤트 | 뉴스 | 메이플스토리,,,,medium
19475567b8428da8074f,이벤트 | 뉴스 | 메이플스토리,,,,medium
2a1d542c84a42eff74f6,이벤트 | 뉴스 | 메이플스토리,,,,medium
2fd9912541399c922866,이벤트 | 뉴스 | 메이플스토리,,,,medium
ebf4a7a3048c015deaca,이벤트 | 뉴스 | 메이플스토리,,,,medium
be20649da7d237259ef9,이벤트 | 뉴스 | 메이플스토리,,,,medium
6734b9342350efbb0141,이벤트 | 뉴스 | 메이플스토리,,,,medium
2e27e058df282514568a,이벤트 | 뉴스 | 메이플스토리,,,,medium
5d15f649586a090a933f,이벤트 | 뉴스 | 메이플스토리,,,,medium
eb0e6024f40c3a54bdf1,이벤트 | 뉴스 | 메이플스토리,,,,medium
162fadf58d85cfec2b6c,이벤트 | 뉴스 | 메이플스토리,,,,medium
d780bafa9c9d2e9ef219,이벤트 | 뉴스 | 메이플스토리,,,,medium
5d9761f447f05fb371e5,이벤트 | 뉴스 | 메이플스토리,,,,medium
a8d0d6c241635f6fae88,이벤트 | 뉴스 | 메이플스토리,,,,medium
bf4f06633174b80d1c6c,이벤트 | 뉴스 | 메이플스토리,,,,medium
506266548d6607c44dfa,이벤트 | 뉴스 | 메이플스토리,,,,medium
b420055b0a250c76a3fa,이벤트 | 뉴스 | 메이플스토리,,,,medium
790360ceda87410c9462,이벤트 | 뉴스 | 메이플스토리,,,,medium
686542f8a8066ec9f4f6,이벤트 | 뉴스 | 메이플스토리,,,,medium
a07baeb7a0e6046da9f9,이벤트 | 뉴스 | 메이플스토리,,,,medium
7d2f826b3fc04823a7bb,이벤트 | 뉴스 | 메이플스토리,,,,medium
c970abec6929af90352d,이벤트 | 뉴스 | 메이플스토리,,,,medium
ddab2479644e00e1048a,이벤트 | 뉴스 | 메이플스토리,,,,medium
ced6332dff903e239082,이벤트 | 뉴스 | 메이플스토리,,,,medium
77e0f8f6da22aa8c7310,이벤트 | 뉴스 | 메이플스토리,,,,medium
1db3c92a6f0a1d49138d,이벤트 | 뉴스 | 메이플스토리,,,,medium
65578f11e654e51b373c,이벤트 | 뉴스 | 메이플스토리,,,,medium
5511347ef74ae468363d,이벤트 | 뉴스 | 메이플스토리,,,,medium
27772fbca2cbc552f6e2,이벤트 | 뉴스 | 메이플스토리,,,,medium
ffc6d265391f92572ffe,이벤트 | 뉴스 | 메이플스토리,,,,medium
b617b8c7c99b44d6e76b,이벤트 | 뉴스 | 메이플스토리,,,,medium
c0b8f6d23d77636a4ee1,이벤트 | 뉴스 | 메이플스토리,,,,medium
c64408274dd229fb627f,이벤트 | 뉴스 | 메이플스토리,,,,medium
5ee3e9636647031757e0,이벤트 | 뉴스 | 메이플스토리,,,,medium
24eaf044d2e4a36338bc,이벤트 | 뉴스 | 메이플스토리,,,,medium
9ac56c2a8cfeb5d73491,이벤트 | 뉴스 | 메이플스토리,,,,medium
749b74dbfc43ade019d6,이벤트 | 뉴스 | 메이플스토리,,,,medium
bcd009a8c9142e0fbf02,이벤트 | 뉴스 | 메이플스토리,,,,medium
87bc8d61228d6b2681d9,이벤트 | 뉴스 | 메이플스토리,,,,medium
5ac9304a21454ba8e6cb,이벤트 | 뉴스 | 메이플스토리,,,,medium
b0a89b278f02b1b4dce3,이벤트 | 뉴스 | 메이플스토리,,,,medium
6d89df39582d5a7d6ca1,이벤트 | 뉴스 | 메이플스토리,,,,medium
d74e9c08e8c56e53de98,이벤트 | 뉴스 | 메이플스토리,,,,medium
59167852d4dcce705fa6,이벤트 | 뉴스 | 메이플스토리,,,,medium
05f3a86ef1bc6f57f13e,이벤트 | 뉴스 | 메이플스토리,,,,medium
5996a2557f266b945b74,이벤트 | 뉴스 | 메이플스토리,,,,medium
887482d8aae0f27aaaa0,이벤트 | 뉴스 | 메이플스토리,,,,medium
1c4bcd23e3327136fc7e,이벤트 | 뉴스 | 메이플스토리,,,,medium
339d3a67ede1326f1fc0,이벤트 | 뉴스 | 메이플스토리,,,,medium
f1d9aa37f8942a211f64,이벤트 | 뉴스 | 메이플스토리,,,,medium
4f2808132f657bc691cc,이벤트 | 뉴스 | 메이플스토리,,,,medium
1e3a23c9b70d0fd84579,이벤트 | 뉴스 | 메이플스토리,,,,medium
8fbb7da618dd3195962a,이벤트 | 뉴스 | 메이플스토리,,,,medium
7aa1a694e4a6c27f0903,이벤트 | 뉴스 | 메이플스토리,,,,medium
2f9c32df33b7ec319607,이벤트 | 뉴스 | 메이플스토리,,,,medium
9d9fe3eb12a903c59fca,이벤트 | 뉴스 | 메이플스토리,,,,medium
ca9fcb15519aa8d71aa4,이벤트 | 뉴스 | 메이플스토리,,,,medium
b3f50ce277a809632f10,이벤트 | 뉴스 | 메이플스토리,,,,medium
15a1d2d550e76bd86eb6,이벤트 | 뉴스 | 메이플스토리,,,,medium
a68d392c6ef49d576c32,이벤트 | 뉴스 | 메이플스토리,,,,medium
37393eb843db5fc12408,이벤트 | 뉴스 | 메이플스토리,,,,medium
67437887e7840850e099,이벤트 | 뉴스 | 메이플스토리,,,,medium
b406c29ad1df3e4c047f,이벤트 | 뉴스 | 메이플스토리,,,,medium
69e4ec0ef4b48fd2b9d7,이벤트 | 뉴스 | 메이플스토리,,,,medium
55eb61252d1f3dd867c5,이벤트 | 뉴스 | 메이플스토리,,,,medium
d9e5a33e7c058e5f504f,이벤트 | 뉴스 | 메이플스토리,,,,medium
b6736dff4cdf64e6ec8a,이벤트 | 뉴스 | 메이플스토리,,,,medium
d1f5753f0f629fe7c6b3,이벤트 | 뉴스 | 메이플스토리,,,,medium
8648346ce57f204dc4ba,이벤트 | 뉴스 | 메이플스토리,,,,medium
f1ff2da98e46df731b8c,이벤트 | 뉴스 | 메이플스토리,,,,medium
d2c3170ac4c52011574a,이벤트 | 뉴스 | 메이플스토리,,,,medium
bdf2ae49b9dbe35037f7,이벤트 | 뉴스 | 메이플스토리,,,,medium
18ed4961f99182fdedc2,이벤트 | 뉴스 | 메이플스토리,,,,medium
f07d504c9d4a0e990378,이벤트 | 뉴스 | 메이플스토리,,,,medium
75575a0a27d066e29783,이벤트 | 뉴스 | 메이플스토리,,,,medium
a80cdd28b342a7626bda,이벤트 | 뉴스 | 메이플스토리,,,,medium
87d26a952e189ac04d6f,이벤트 | 뉴스 | 메이플스토리,,,,medium
fdb3ecd1fc0b9d788f29,이벤트 | 뉴스 | 메이플스토리,,,,medium
d4c94cd4df5c8a605731,이벤트 | 뉴스 | 메이플스토리,,,,medium
15866a91937408e5f82f,이벤트 | 뉴스 | 메이플스토리,,,,medium
9a85bf74283aefbd2280,이벤트 | 뉴스 | 메이플스토리,,,,medium
302e3d45cafe90a2fc70,이벤트 | 뉴스 | 메이플스토리,,,,medium
df54ea616186d8fb5f28,이벤트 | 뉴스 | 메이플스토리,,,,medium
ced2b63e3163e619b189,이벤트 | 뉴스 | 메이플스토리,,,,medium
c53d8c36e2f2e180c6d3,이벤트 | 뉴스 | 메이플스토리,,,,medium
f4044994f58ab883363e,이벤트 | 뉴스 | 메이플스토리,,,,medium
73c444cc5d986cb8eb75,이벤트 | 뉴스 | 메이플스토리,,,,medium
08a10e0a24e79ba211fd,이벤트 | 뉴스 | 메이플스토리,,,,medium
42ccf7fa9f217ecb09f8,이벤트 | 뉴스 | 메이플스토리,,,,medium
dcb9267f4b6acde4f44e,이벤트 | 뉴스 | 메이플스토리,,,,medium
3d2d0b1e736997b18451,이벤트 | 뉴스 | 메이플스토리,,,,medium
1407495799902954170e,이벤트 | 뉴스 | 메이플스토리,,,,medium
69711e3e140f57e8ae35,이벤트 | 뉴스 | 메이플스토리,,,,medium
a87c29353d67a55d9af2,이벤트 | 뉴스 | 메이플스토리,,,,medium
013e7c81a3cff76bd0a4,이벤트 | 뉴스 | 메이플스토리,,,,medium
9bfcbf3e2f8011b881db,이벤트 | 뉴스 | 메이플스토리,,,,medium
165948b04e3d060c5cb5,이벤트 | 뉴스 | 메이플스토리,,,,medium
947c721ba86e8c026f8b,이벤트 | 뉴스 | 메이플스토리,,,,medium
6d6bdce94d4785444668,이벤트 | 뉴스 | 메이플스토리,,,,medium
081209c0ec054f352aca,이벤트 | 뉴스 | 메이플스토리,,,,medium
1c2d22bae549c45c4776,이벤트 | 뉴스 | 메이플스토리,,,,medium
47b235998f2fd2d0a1ab,이벤트 | 뉴스 | 메이플스토리,,,,medium
9fa01fc375bcd8946015,이벤트 | 뉴스 | 메이플스토리,,,,medium
1605b7fe300d0ffd876c,이벤트 | 뉴스 | 메이플스토리,,,,medium
50c1c6bd914a877adfd2,이벤트 | 뉴스 | 메이플스토리,,,,medium
96a935adb5b6151c2b98,이벤트 | 뉴스 | 메이플스토리,,,,medium
8d527888b41e9984142c,이벤트 | 뉴스 | 메이플스토리,,,,medium
962153d912e5af0c7276,이벤트 | 뉴스 | 메이플스토리,,,,medium
af76e5aff15f128862a3,이벤트 | 뉴스 | 메이플스토리,,,,medium
8488d60def752abec24c,이벤트 | 뉴스 | 메이플스토리,,,,medium
d47ae46b91de883cfc16,이벤트 | 뉴스 | 메이플스토리,,,,medium
2d9462784f2a6f309445,이벤트 | 뉴스 | 메이플스토리,,,,medium
d01c1d138fae5445a8a7,이벤트 | 뉴스 | 메이플스토리,,,,medium
40f69d903df6e50cb474,이벤트 | 뉴스 | 메이플스토리,,,,medium
c9b7d2836e6e69174157,이벤트 | 뉴스 | 메이플스토리,,,,medium
21dfcec93c90404d5b79,이벤트 | 뉴스 | 메이플스토리,,,,medium
8964e729a6c003b17ab3,이벤트 | 뉴스 | 메이플스토리,,,,medium
8fc27fdb4e64da2ec0bc,이벤트 | 뉴스 | 메이플스토리,,,,medium
5094658b2f250ebb34e5,이벤트 | 뉴스 | 메이플스토리,,,,medium
0981ce34f062576cf276,이벤트 | 뉴스 | 메이플스토리,,,,medium
bfdaceb469033f1629a7,이벤트 | 뉴스 | 메이플스토리,,,,medium
2c0f841482d060105b49,이벤트 | 뉴스 | 메이플스토리,,,,medium
61dead7cb1bab6b7433f,이벤트 | 뉴스 | 메이플스토리,,,,medium
c436069c81625f7ffe3b,이벤트 | 뉴스 | 메이플스토리,,,,medium
c2da7c8f4a1d7693d693,이벤트 | 뉴스 | 메이플스토리,,,,medium
a705b22f311dc4e49793,이벤트 | 뉴스 | 메이플스토리,,,,medium
ab1556dafe839ec36dfe,이벤트 | 뉴스 | 메이플스토리,,,,medium
b4d1fccf5f5cfe3c1a8f,이벤트 | 뉴스 | 메이플스토리,,,,medium
d07844e0b8b2f2d35420,이벤트 | 뉴스 | 메이플스토리,,,,medium
98a0845bf7bae08cadf3,이벤트 | 뉴스 | 메이플스토리,,,,medium
332d2b9b0730a0b36a72,이벤트 | 뉴스 | 메이플스토리,,,,medium
16ef00a263cfaaa80a02,이벤트 | 뉴스 | 메이플스토리,,,,medium
476151a87dc44481f2d3,이벤트 | 뉴스 | 메이플스토리,,,,medium
15b8698ee0ff8d483b94,이벤트 | 뉴스 | 메이플스토리,,,,medium
e200cfa9828ff7f2e9e5,이벤트 | 뉴스 | 메이플스토리,,,,medium
441e81fa365e18530bf3,이벤트 | 뉴스 | 메이플스토리,,,,medium
2132f5ccf3bb800086cf,이벤트 | 뉴스 | 메이플스토리,,,,medium
43e99fc7f371476a10b4,이벤트 | 뉴스 | 메이플스토리,,,,medium
def6a7dbd96c33df5fea,이벤트 | 뉴스 | 메이플스토리,,,,medium
e9259cfcdbc81af3ab79,이벤트 | 뉴스 | 메이플스토리,,,,medium
859814566d0024bb700d,이벤트 | 뉴스 | 메이플스토리,,,,medium
2229f88fe8daf6513278,이벤트 | 뉴스 | 메이플스토리,,,,medium
0f81ff155ea021e9a3fc,이벤트 | 뉴스 | 메이플스토리,,,,medium
0dad03dc116733e85764,이벤트 | 뉴스 | 메이플스토리,,,,medium
f315076efb3abbe43412,이벤트 | 뉴스 | 메이플스토리,,,,medium
ca9f90075779c16ab026,이벤트 | 뉴스 | 메이플스토리,,,,medium
ffb6bc1c5ca3cd968915,이벤트 | 뉴스 | 메이플스토리,,,,medium
9e3d7a8554b5511c47ac,이벤트 | 뉴스 | 메이플스토리,,,,medium
2ab0b7fc03943c1b6ffc,이벤트 | 뉴스 | 메이플스토리,,,,medium
3018371d2a696d057816,이벤트 | 뉴스 | 메이플스토리,,,,medium
78472c38d61e6e2333e5,이벤트 | 뉴스 | 메이플스토리,,,,medium
0cbf57e90d5eec85b392,이벤트 | 뉴스 | 메이플스토리,,,,medium
cb17c250ad5f180a90da,이벤트 | 뉴스 | 메이플스토리,,,,medium
4ced1ae93bba2d13f5b0,이벤트 | 뉴스 | 메이플스토리,,,,medium
cc3cb7004d422c2342a0,이벤트 | 뉴스 | 메이플스토리,,,,medium
a4042ed2ef27093cbab5,이벤트 | 뉴스 | 메이플스토리,,,,medium
bc1f0a3c7e7d46e72746,이벤트 | 뉴스 | 메이플스토리,,,,medium
1115a3efeee4f61757e9,이벤트 | 뉴스 | 메이플스토리,,,,medium
8cde63a494d5ab009c89,이벤트 | 뉴스 | 메이플스토리,,,,medium
53de02d36a5a9bd8ef3b,이벤트 | 뉴스 | 메이플스토리,,,,medium
2b42eec5cebbeb4b40d6,이벤트 | 뉴스 | 메이플스토리,,,,medium
df67dad88237d2fe3313,이벤트 | 뉴스 | 메이플스토리,,,,medium
f96bb4d39683b85d9856,이벤트 | 뉴스 | 메이플스토리,,,,medium
37586e5b82298c7581f6,이벤트 | 뉴스 | 메이플스토리,,,,medium
83a2496acd41b41aa4a2,이벤트 | 뉴스 | 메이플스토리,,,,medium
8d8a54d51960e049fabd,이벤트 | 뉴스 | 메이플스토리,,,,medium
a38acea53d04da132615,이벤트 | 뉴스 | 메이플스토리,,,,medium
3951964eaa4e49a42eff,이벤트 | 뉴스 | 메이플스토리,,,,medium
5c19d6f2f24f6452909e,이벤트 | 뉴스 | 메이플스토리,,,,medium
8ad9ba9955521b86338d,이벤트 | 뉴스 | 메이플스토리,,,,medium
77f1d22906b5a2998b0f,이벤트 | 뉴스 | 메이플스토리,,,,medium
ee00b80fd658249da785,이벤트 | 뉴스 | 메이플스토리,,,,medium
041589e64faa36f555be,이벤트 | 뉴스 | 메이플스토리,,,,medium
9efbee202085f7e89b5e,이벤트 | 뉴스 | 메이플스토리,,,,medium
231c55557a4e4641dd0e,이벤트 | 뉴스 | 메이플스토리,,,,medium
62beb7577e0f4f978b01,이벤트 | 뉴스 | 메이플스토리,,,,medium
4719462d33ae94440af5,이벤트 | 뉴스 | 메이플스토리,,,,medium
1b25f9e232e6b1a1c07f,이벤트 | 뉴스 | 메이플스토리,,,,medium
0fd0d335e91b10dfff06,이벤트 | 뉴스 | 메이플스토리,,,,medium
9cba23c94108b07fd7df,이벤트 | 뉴스 | 메이플스토리,,,,medium
613fe976300631edf158,이벤트 | 뉴스 | 메이플스토리,,,,medium
b1763bf912ef29e88aab,이벤트 | 뉴스 | 메이플스토리,,,,medium
2fdfa0176132b07b252d,이벤트 | 뉴스 | 메이플스토리,,,,medium
c18abfc2e0060f477851,이벤트 | 뉴스 | 메이플스토리,,,,medium
1a82984856c75b3acdf5,이벤트 | 뉴스 | 메이플스토리,,,,medium
396df60b5790e2e49d0e,이벤트 | 뉴스 | 메이플스토리,,,,medium
1286977e76aa88b44f66,이벤트 | 뉴스 | 메이플스토리,,,,medium
337d3c2a013e7eeae43d,이벤트 | 뉴스 | 메이플스토리,,,,medium
c20b73fee728c0f2f9f1,이벤트 | 뉴스 | 메이플스토리,,,,medium
956e224f4b019af52c32,이벤트 | 뉴스 | 메이플스토리,,,,medium
6aba06d911943d4350ec,이벤트 | 뉴스 | 메이플스토리,,,,medium
d3c5946cc71312437789,이벤트 | 뉴스 | 메이플스토리,,,,medium
d7635234b82c89dff320,이벤트 | 뉴스 | 메이플스토리,,,,medium
ec53ac73da9ec5bf28be,이벤트 | 뉴스 | 메이플스토리,,,,medium
68b5d2e5b7f840884824,이벤트 | 뉴스 | 메이플스토리,,,,medium
2c7e6e0b50dcd627141f,이벤트 | 뉴스 | 메이플스토리,,,,medium
572379929a3678b223fc,이벤트 | 뉴스 | 메이플스토리,,,,medium
31baadaeeef735c6c1e2,이벤트 | 뉴스 | 메이플스토리,,,,medium
b5e65748b9ff9c145adb,이벤트 | 뉴스 | 메이플스토리,,,,medium
f70001ea8589d84e924c,이벤트 | 뉴스 | 메이플스토리,,,,medium
2201edfd582675c05ad8,이벤트 | 뉴스 | 메이플스토리,,,,medium
934f25c2129b411840ec,이벤트 | 뉴스 | 메이플스토리,,,,medium
b7593ac23e7a739dc405,이벤트 | 뉴스 | 메이플스토리,,,,medium
8a2fa125590a266ba076,이벤트 | 뉴스 | 메이플스토리,,,,medium
47259b392860fb586b3a,이벤트 | 뉴스 | 메이플스토리,,,,medium
b7effcd3612ac889da1e,이벤트 | 뉴스 | 메이플스토리,,,,medium
f87f105dfca74c4e3333,이벤트 | 뉴스 | 메이플스토리,,,,medium
9d9c33375837f2b76dbd,이벤트 | 뉴스 | 메이플스토리,,,,medium
1fe76461e249db9968d3,이벤트 | 뉴스 | 메이플스토리,,,,medium
7964f4d3e664b339211e,이벤트 | 뉴스 | 메이플스토리,,,,medium
4f51e253aa285bef8e1a,이벤트 | 뉴스 | 메이플스토리,,,,medium
e1f401b94b1d823dfd39,이벤트 | 뉴스 | 메이플스토리,,,,medium
72c4e61cdf0389f46f37,이벤트 | 뉴스 | 메이플스토리,,,,medium
6714fd857677efc8ea4d,이벤트 | 뉴스 | 메이플스토리,,,,medium
ca024cd894d26ef6ad96,이벤트 | 뉴스 | 메이플스토리,,,,medium
19a7dc696fe19a3cc8ce,이벤트 | 뉴스 | 메이플스토리,,,,medium
e9f730a65a00ef7f2d6f,이벤트 | 뉴스 | 메이플스토리,,,,medium
5d9de83eff46a85830ff,이벤트 | 뉴스 | 메이플스토리,,,,medium
d1ed343c793828c0cb5a,이벤트 | 뉴스 | 메이플스토리,,,,medium
f53c0685f8d3e0916dc8,이벤트 | 뉴스 | 메이플스토리,,,,medium
b5047ba1f566cf7af824,이벤트 | 뉴스 | 메이플스토리,,,,medium
e2dbc4364588df276c66,이벤트 | 뉴스 | 메이플스토리,,,,medium
fee4d34b1d79a06100a6,이벤트 | 뉴스 | 메이플스토리,,,,medium
d02711367825712e7487,이벤트 | 뉴스 | 메이플스토리,,,,medium
a29a7c5f5a52e0b73089,이벤트 | 뉴스 | 메이플스토리,,,,medium
6e451b50241cb85e1ba8,이벤트 | 뉴스 | 메이플스토리,,,,medium
008f3477e859ef92e85a,이벤트 | 뉴스 | 메이플스토리,,,,medium
c05b2ed19cac79b3462c,이벤트 | 뉴스 | 메이플스토리,,,,medium
735f36e83f3056e9a6b1,이벤트 | 뉴스 | 메이플스토리,,,,medium
61d9d0ce22e8288aed4e,이벤트 | 뉴스 | 메이플스토리,,,,medium
1e6bec697ce9016332f2,이벤트 | 뉴스 | 메이플스토리,,,,medium
4d5256ac16bc64b5cfe2,이벤트 | 뉴스 | 메이플스토리,,,,medium
913cbac5db11a3e6a38f,이벤트 | 뉴스 | 메이플스토리,,,,medium
785ae9e2bc92f658bdfd,이벤트 | 뉴스 | 메이플스토리,,,,medium
777a81595d321d615a13,이벤트 | 뉴스 | 메이플스토리,,,,medium
256d832f86834d9faa88,이벤트 | 뉴스 | 메이플스토리,,,,medium
71e03dc0ae3cd969e808,이벤트 | 뉴스 | 메이플스토리,,,,medium
83242c66a95b5c7b6e9a,이벤트 | 뉴스 | 메이플스토리,,,,medium
97de0d6fdca9802ea54e,이벤트 | 뉴스 | 메이플스토리,,,,medium
d65b6be06f82ae2ee1f9,이벤트 | 뉴스 | 메이플스토리,,,,medium
2c78d830d4cd1c96f8a4,이벤트 | 뉴스 | 메이플스토리,,,,medium
b504ed9a0b511c0220d1,이벤트 | 뉴스 | 메이플스토리,,,,medium
00cc408c353870f028d7,이벤트 | 뉴스 | 메이플스토리,,,,medium
c10c963761365a58f735,이벤트 | 뉴스 | 메이플스토리,,,,medium
0c4e13064b2c1f20fabd,이벤트 | 뉴스 | 메이플스토리,,,,medium
df25e655004465e6d112,이벤트 | 뉴스 | 메이플스토리,,,,medium
9d407ba4c066038aa084,이벤트 | 뉴스 | 메이플스토리,,,,medium
aff32410cdd7d94cccac,이벤트 | 뉴스 | 메이플스토리,,,,medium
3921ac7c2771806e0821,이벤트 | 뉴스 | 메이플스토리,,,,medium
4ff1ca9d01452b5cb118,이벤트 | 뉴스 | 메이플스토리,,,,medium
b74451b5114f8f6372db,이벤트 | 뉴스 | 메이플스토리,,,,medium
7d343fd61c08fde74aa5,이벤트 | 뉴스 | 메이플스토리,,,,medium
6a0bc430ad7f9441d6ea,이벤트 | 뉴스 | 메이플스토리,,,,medium
d945a3bc91251cb6e553,이벤트 | 뉴스 | 메이플스토리,,,,medium
37f7c82828a5ea3a207a,이벤트 | 뉴스 | 메이플스토리,,,,medium
6cee0ec403798e47842e,이벤트 | 뉴스 | 메이플스토리,,,,medium
729a2dc20f1eeadf0cc4,이벤트 | 뉴스 | 메이플스토리,,,,medium
48d82159ea42d959c0b2,이벤트 | 뉴스 | 메이플스토리,,,,medium
c0ba77381e17bcf9f05b,이벤트 | 뉴스 | 메이플스토리,,,,medium
10929bc2e1b19751c9ef,이벤트 | 뉴스 | 메이플스토리,,,,medium
ab07356f27b6bb4bf78a,이벤트 | 뉴스 | 메이플스토리,,,,medium
0f5311032ee9814a838a,이벤트 | 뉴스 | 메이플스토리,,,,medium
49e18fb42077b8c30b8f,이벤트 | 뉴스 | 메이플스토리,,,,medium
c8ecf2a4428b8d06aac0,이벤트 | 뉴스 | 메이플스토리,,,,medium
691dd712127402d77f76,이벤트 | 뉴스 | 메이플스토리,,,,medium
ea6c4409f11a85fead64,이벤트 | 뉴스 | 메이플스토리,,,,medium
72d2246928fb46a27121,이벤트 | 뉴스 | 메이플스토리,,,,medium
01f3f68550a89536ac91,이벤트 | 뉴스 | 메이플스토리,,,,medium
cb24c8c372b794a0346f,이벤트 | 뉴스 | 메이플스토리,,,,medium
5f63f8a91f008e84e0bb,이벤트 | 뉴스 | 메이플스토리,,,,medium
9ba7b7419af1c782d773,이벤트 | 뉴스 | 메이플스토리,,,,medium
098db9ee83fc66716637,이벤트 | 뉴스 | 메이플스토리,,,,medium
576b72b623ffa5e77ffe,이벤트 | 뉴스 | 메이플스토리,,,,medium
46934623fe1ecc967f46,이벤트 | 뉴스 | 메이플스토리,,,,medium
1ec2764279cf5c7bf6c4,이벤트 | 뉴스 | 메이플스토리,,,,medium
c8937e4be269e9c0f695,이벤트 | 뉴스 | 메이플스토리,,,,medium
9a5b721186a0ceda7af9,이벤트 | 뉴스 | 메이플스토리,,,,medium
87ec90a7c07bc78a4ff6,이벤트 | 뉴스 | 메이플스토리,,,,medium
ead16898ce6173e3bb29,이벤트 | 뉴스 | 메이플스토리,,,,medium
fa443d165b45e8bb3710,이벤트 | 뉴스 | 메이플스토리,,,,medium
b8a3f6dec7fc58848113,이벤트 | 뉴스 | 메이플스토리,,,,medium
8c1312a73627e4be2692,이벤트 | 뉴스 | 메이플스토리,,,,medium
10b14bf1db156ef23f0f,이벤트 | 뉴스 | 메이플스토리,,,,medium
492ae422cb50bc5d5dfa,이벤트 | 뉴스 | 메이플스토리,,,,medium
ca16aed9b6782eded80d,이벤트 | 뉴스 | 메이플스토리,,,,medium
42e3f07653dd6db4fbd7,이벤트 | 뉴스 | 메이플스토리,,,,medium
0c1372573cfdd17b2fc8,이벤트 | 뉴스 | 메이플스토리,,,,medium
6b05d15ed00772a683de,이벤트 | 뉴스 | 메이플스토리,,,,medium
2173fb8ee96d5ed0262a,이벤트 | 뉴스 | 메이플스토리,,,,medium
4932fcbb06812e23f33b,이벤트 | 뉴스 | 메이플스토리,,,,medium
d3718653ea153b0ffed5,이벤트 | 뉴스 | 메이플스토리,,,,medium
f2c8649e72913b36552e,이벤트 | 뉴스 | 메이플스토리,,,,medium
e2fa0bd1921217b33ebf,이벤트 | 뉴스 | 메이플스토리,,,,medium
038e8e7fff949c28e2b3,이벤트 | 뉴스 | 메이플스토리,,,,medium
d8fa9fe266fa578495b6,이벤트 | 뉴스 | 메이플스토리,,,,medium
982dff5085f6209b8c00,이벤트 | 뉴스 | 메이플스토리,,,,medium
3fb0beb3eadd83caaaa0,이벤트 | 뉴스 | 메이플스토리,,,,medium
240fe722a138170b4bd2,이벤트 | 뉴스 | 메이플스토리,,,,medium
45914341340068dbf0ff,이벤트 | 뉴스 | 메이플스토리,,,,medium
fe4f9b437889b7db5cf2,이벤트 | 뉴스 | 메이플스토리,,,,medium
2d508c3e753662f22b39,이벤트 | 뉴스 | 메이플스토리,,,,medium
c7acf4019632e438750b,이벤트 | 뉴스 | 메이플스토리,,,,medium
126f93210828dc835516,이벤트 | 뉴스 | 메이플스토리,,,,medium
0636cb0b2fc687f07afa,이벤트 | 뉴스 | 메이플스토리,,,,medium
f990501e7153739f48b6,이벤트 | 뉴스 | 메이플스토리,,,,medium
7aa64de329b34d88d7f8,이벤트 | 뉴스 | 메이플스토리,,,,medium
558637e9134a7916bf92,이벤트 | 뉴스 | 메이플스토리,,,,medium
0bebbda68355ac81180d,이벤트 | 뉴스 | 메이플스토리,,,,medium
024ec97a827a3831917a,이벤트 | 뉴스 | 메이플스토리,,,,medium
b31cca93ef056acc71bb,이벤트 | 뉴스 | 메이플스토리,,,,medium
1b3cca84176dd5406a96,이벤트 | 뉴스 | 메이플스토리,,,,medium
0a68c2d279b3424b6730,이벤트 | 뉴스 | 메이플스토리,,,,medium
0866224685745064bfd8,이벤트 | 뉴스 | 메이플스토리,,,,medium
00f2b713847028123fbc,이벤트 | 뉴스 | 메이플스토리,,,,medium
e2d8f66f770fdb1f911e,이벤트 | 뉴스 | 메이플스토리,,,,medium
ae37251270d7da4ebe95,이벤트 | 뉴스 | 메이플스토리,,,,medium
d35b7cd8aff91c353741,이벤트 | 뉴스 | 메이플스토리,,,,medium
fe0b8a2fc32d51cecea2,이벤트 | 뉴스 | 메이플스토리,,,,medium
eabaa72a06efd0a13b8b,이벤트 | 뉴스 | 메이플스토리,,,,medium
ec70add2a4c759247717,이벤트 | 뉴스 | 메이플스토리,,,,medium
4370ae95094aa3ce4d43,이벤트 | 뉴스 | 메이플스토리,,,,medium
66c39195a52e6190218d,이벤트 | 뉴스 | 메이플스토리,,,,medium
db2a2d0013c3f18ffd0b,이벤트 | 뉴스 | 메이플스토리,,,,medium
b7497717ccbfcd8bb84e,이벤트 | 뉴스 | 메이플스토리,,,,medium
5be308bfe25bcbc9b897,이벤트 | 뉴스 | 메이플스토리,,,,medium
1acca78051956497db50,이벤트 | 뉴스 | 메이플스토리,,,,medium
88da46d4e855b32e018d,이벤트 | 뉴스 | 메이플스토리,,,,medium
6b1be45faf7ea1940adf,이벤트 | 뉴스 | 메이플스토리,,,,medium
b9b6d125e8a4756ed2e4,이벤트 | 뉴스 | 메이플스토리,,,,medium
039ac76d5a334c42f4b2,이벤트 | 뉴스 | 메이플스토리,,,,medium
e8c3bd07852833d53d34,이벤트 | 뉴스 | 메이플스토리,,,,medium
ed8df3d5781b17b3a62d,이벤트 | 뉴스 | 메이플스토리,,,,medium
143b3b3f08672b3fc653,이벤트 | 뉴스 | 메이플스토리,,,,medium
c74a9353320157c72671,이벤트 | 뉴스 | 메이플스토리,,,,medium
c92b08cc4d386b00c7a1,이벤트 | 뉴스 | 메이플스토리,,,,medium
89c68823bf4099ba2770,이벤트 | 뉴스 | 메이플스토리,,,,medium
79fea7d440d98bdaf1bf,이벤트 | 뉴스 | 메이플스토리,,,,medium
c5f93a187ea0210de13d,이벤트 | 뉴스 | 메이플스토리,,,,medium
6f4c0a6eb13b8cc6879d,이벤트 | 뉴스 | 메이플스토리,,,,medium
ac39a92b3331d5b9b2e0,이벤트 | 뉴스 | 메이플스토리,,,,medium
1d5145aa677fb9d63209,이벤트 | 뉴스 | 메이플스토리,,,,medium
3357dc1d81c18dfb7806,이벤트 | 뉴스 | 메이플스토리,,,,medium
220a2b8699f063e3fcd1,이벤트 | 뉴스 | 메이플스토리,,,,medium
73a5f74c7b6e0a18845f,이벤트 | 뉴스 | 메이플스토리,,,,medium
9b66a490722df5558856,이벤트 | 뉴스 | 메이플스토리,,,,medium
bdb453bc16971e709622,이벤트 | 뉴스 | 메이플스토리,,,,medium
2e51f223cdd90f0dd14e,이벤트 | 뉴스 | 메이플스토리,,,,medium
c282e8e544d592ef9902,이벤트 | 뉴스 | 메이플스토리,,,,medium
de7773ec85ac429d7cbf,이벤트 | 뉴스 | 메이플스토리,,,,medium
dd660cc2c2a934bcd915,이벤트 | 뉴스 | 메이플스토리,,,,medium
34431ecf82120c3d83af,이벤트 | 뉴스 | 메이플스토리,,,,medium
9c1c6852f9b82bc2e450,이벤트 | 뉴스 | 메이플스토리,,,,medium
a3cbefc4def3a48f2e9e,이벤트 | 뉴스 | 메이플스토리,,,,medium
b46d2d7961428d5efe70,이벤트 | 뉴스 | 메이플스토리,,,,medium
43d22fc9a7695cf9e25d,이벤트 | 뉴스 | 메이플스토리,,,,medium
4a249950716c0d9bbe58,이벤트 | 뉴스 | 메이플스토리,,,,medium
7c575073802e1fd76016,이벤트 | 뉴스 | 메이플스토리,,,,medium
8bb8b2c7fc7c114c3ffc,이벤트 | 뉴스 | 메이플스토리,,,,medium
9adafecd5fe743b0aed7,이벤트 | 뉴스 | 메이플스토리,,,,medium
bfec96d5509d76665cd4,이벤트 | 뉴스 | 메이플스토리,,,,medium
ca31bcd5975ed3bb5ede,이벤트 | 뉴스 | 메이플스토리,,,,medium
a92e8cf9a6913c580ed6,이벤트 | 뉴스 | 메이플스토리,,,,medium
26100e3dc386321a3025,이벤트 | 뉴스 | 메이플스토리,,,,medium
0bd6b2df9e72d4b4a382,이벤트 | 뉴스 | 메이플스토리,,,,medium
0a755d2541d81265d4fc,이벤트 | 뉴스 | 메이플스토리,,,,medium
c116f511459096195d44,이벤트 | 뉴스 | 메이플스토리,,,,medium
3fc7f24f10267f0b4d97,이벤트 | 뉴스 | 메이플스토리,,,,medium
4eea8b9c2bbcd190d821,이벤트 | 뉴스 | 메이플스토리,,,,medium
c9356b45753835c1d7aa,이벤트 | 뉴스 | 메이플스토리,,,,medium
3aeb78c480b0abbbb025,이벤트 | 뉴스 | 메이플스토리,,,,medium
6c78580917386b9aff63,이벤트 | 뉴스 | 메이플스토리,,,,medium
0abd0e74970d8c24fa6c,이벤트 | 뉴스 | 메이플스토리,,,,medium
a2a465fc9ea364bc690f,이벤트 | 뉴스 | 메이플스토리,,,,medium
7e5ba43b7d513109b36d,이벤트 | 뉴스 | 메이플스토리,,,,medium
1c86e1f7c2fd617c22a8,이벤트 | 뉴스 | 메이플스토리,,,,medium
48ece09518fa1d1cee38,이벤트 | 뉴스 | 메이플스토리,,,,medium
1bbc4056d01399db8413,이벤트 | 뉴스 | 메이플스토리,,,,medium
291434f2c384627ca796,이벤트 | 뉴스 | 메이플스토리,,,,medium
36edd200dbe93eee13c6,이벤트 | 뉴스 | 메이플스토리,,,,medium
4003839233c4304e1780,이벤트 | 뉴스 | 메이플스토리,,,,medium
5232d9fa7ab608479ac1,이벤트 | 뉴스 | 메이플스토리,,,,medium
397dbce6079751293368,이벤트 | 뉴스 | 메이플스토리,,,,medium
e97fa898223603e0ed3f,이벤트 | 뉴스 | 메이플스토리,,,,medium
5cf4e51652f2fe8a06c9,이벤트 | 뉴스 | 메이플스토리,,,,medium
0686ec758c505c285a91,이벤트 | 뉴스 | 메이플스토리,,,,medium
b168c4a57033edcf9639,이벤트 | 뉴스 | 메이플스토리,,,,medium
b031fa060148f8d1f4fc,이벤트 | 뉴스 | 메이플스토리,,,,medium
54eea77b8e728e694638,이벤트 | 뉴스 | 메이플스토리,,,,medium
af52bca35f70e02e1b9f,이벤트 | 뉴스 | 메이플스토리,,,,medium
1dc5cf62a0c1eef96110,이벤트 | 뉴스 | 메이플스토리,,,,medium
5df523e15063f9fe6811,이벤트 | 뉴스 | 메이플스토리,,,,medium
023bef98e412ceedf8c3,이벤트 | 뉴스 | 메이플스토리,,,,medium
8e1944cd674b9eabb43d,이벤트 | 뉴스 | 메이플스토리,,,,medium
4bdb1f13bce68cf43d4f,이벤트 | 뉴스 | 메이플스토리,,,,medium
613d99b08bceb4655289,이벤트 | 뉴스 | 메이플스토리,,,,medium
4d5b954bdcface55c698,이벤트 | 뉴스 | 메이플스토리,,,,medium
c0f1723b60bb7e2119cf,이벤트 | 뉴스 | 메이플스토리,,,,medium
bf0cb9c295b28bc8969e,이벤트 | 뉴스 | 메이플스토리,,,,medium
841418f8562009ee4705,이벤트 | 뉴스 | 메이플스토리,,,,medium
999909836a8db95a70e2,이벤트 | 뉴스 | 메이플스토리,,,,medium
34fa4133855edd6f8abb,이벤트 | 뉴스 | 메이플스토리,,,,medium
ec497eb931048832546b,이벤트 | 뉴스 | 메이플스토리,,,,medium
72bd711f0fafe2e11111,이벤트 | 뉴스 | 메이플스토리,,,,medium
d9d3f05a7700613b97a9,이벤트 | 뉴스 | 메이플스토리,,,,medium
ed22d0e23114a56f2ce3,이벤트 | 뉴스 | 메이플스토리,,,,medium
8ea2962b0632a55625a0,이벤트 | 뉴스 | 메이플스토리,,,,medium
1ff3bd79c7a3f0cae0e1,이벤트 | 뉴스 | 메이플스토리,,,,medium
dc994317d447d8ae8642,이벤트 | 뉴스 | 메이플스토리,,,,medium
ac5cfa134c9159f7ece6,이벤트 | 뉴스 | 메이플스토리,,,,medium
835c0b3b88fa65fc4b26,이벤트 | 뉴스 | 메이플스토리,,,,medium
eba32e3373d77a2442e9,이벤트 | 뉴스 | 메이플스토리,,,,medium
99fd0bdff7e1a5991e5c,이벤트 | 뉴스 | 메이플스토리,,,,medium
e38b11374a901569fe87,이벤트 | 뉴스 | 메이플스토리,,,,medium
bcf305be26a4f38c7dd8,이벤트 | 뉴스 | 메이플스토리,,,,medium
091a2aaa55b3e717d6bf,이벤트 | 뉴스 | 메이플스토리,,,,medium
325b49a85ccf254d95e8,이벤트 | 뉴스 | 메이플스토리,,,,medium
c030445870ab9257c1c5,이벤트 | 뉴스 | 메이플스토리,,,,medium
4a09b38e86621dc0f16f,이벤트 | 뉴스 | 메이플스토리,,,,medium
8269f2a8a35645dadbf3,이벤트 | 뉴스 | 메이플스토리,,,,medium
4a42f2ab3a1531386302,이벤트 | 뉴스 | 메이플스토리,,,,medium
ce1984d5e1e218a45198,이벤트 | 뉴스 | 메이플스토리,,,,medium
a98debd0550c21e2ddfc,이벤트 | 뉴스 | 메이플스토리,,,,medium
46f0e08f6034f3854804,이벤트 | 뉴스 | 메이플스토리,,,,medium
5d9592dad6567f6cb49c,이벤트 | 뉴스 | 메이플스토리,,,,medium
9c7e616d5234cebe6c56,이벤트 | 뉴스 | 메이플스토리,,,,medium
de5f7ca674cb03e5099e,이벤트 | 뉴스 | 메이플스토리,,,,medium
fa3f02e991e7d224afe8,이벤트 | 뉴스 | 메이플스토리,,,,medium
981911755bcdb92a2a34,이벤트 | 뉴스 | 메이플스토리,,,,medium
8ae4a1bb6b5c0237aa76,이벤트 | 뉴스 | 메이플스토리,,,,medium
31a30e631dffa6511808,이벤트 | 뉴스 | 메이플스토리,,,,medium
77a865d4b3b4cff6e336,이벤트 | 뉴스 | 메이플스토리,,,,medium
7d1c509f4abd02adb488,이벤트 | 뉴스 | 메이플스토리,,,,medium
c697f1e11d152ef499ea,이벤트 | 뉴스 | 메이플스토리,,,,medium
dc2aa6a26ac4e4f67e59,이벤트 | 뉴스 | 메이플스토리,,,,medium
f7a09e5ed3422d3abf00,이벤트 | 뉴스 | 메이플스토리,,,,medium
14aff8c989fa7ff9f6fc,이벤트 | 뉴스 | 메이플스토리,,,,medium
b39baf38cd8249f17913,이벤트 | 뉴스 | 메이플스토리,,,,medium
b4e2bfa502684e0db961,이벤트 | 뉴스 | 메이플스토리,,,,medium
a3cc75844ef845b90434,이벤트 | 뉴스 | 메이플스토리,,,,medium
300b3f22d0819067f527,이벤트 | 뉴스 | 메이플스토리,,,,medium
37cc961e37a4916f8294,이벤트 | 뉴스 | 메이플스토리,,,,medium
e0ca9bcc774e6982c262,이벤트 | 뉴스 | 메이플스토리,,,,medium
26dffb2b748fb770d3b6,이벤트 | 뉴스 | 메이플스토리,,,,medium
ddaeab23d7c5ed27ca63,이벤트 | 뉴스 | 메이플스토리,,,,medium
10e5af3b0e43b22927af,이벤트 | 뉴스 | 메이플스토리,,,,medium
3faf89dc6305a585a581,이벤트 | 뉴스 | 메이플스토리,,,,medium
20471f7d89b3f95b531b,이벤트 | 뉴스 | 메이플스토리,,,,medium
c7dd1f43809d1953ce64,이벤트 | 뉴스 | 메이플스토리,,,,medium
6ae218059972126a6a74,이벤트 | 뉴스 | 메이플스토리,,,,medium
e65750a22dddfa6e07a9,이벤트 | 뉴스 | 메이플스토리,,,,medium
abae44e0ff889f7385b4,이벤트 | 뉴스 | 메이플스토리,,,,medium
d9f44292357239026a61,이벤트 | 뉴스 | 메이플스토리,,,,medium
71ed0695436a18bfc2d3,이벤트 | 뉴스 | 메이플스토리,,,,medium
c6a40d6ef30eab60c82b,이벤트 | 뉴스 | 메이플스토리,,,,medium
7d6cc80bf610abebbda7,이벤트 | 뉴스 | 메이플스토리,,,,medium
c7d85d2042834396ca28,이벤트 | 뉴스 | 메이플스토리,,,,medium
417d9fae6b66760d3eb7,이벤트 | 뉴스 | 메이플스토리,,,,medium
e4438d11e09fa2459e5f,이벤트 | 뉴스 | 메이플스토리,,,,medium
0516b9f977785591579c,이벤트 | 뉴스 | 메이플스토리,,,,medium
18378797cfb080f597b0,이벤트 | 뉴스 | 메이플스토리,,,,medium
7a7d91dcb4c800d2d1ca,이벤트 | 뉴스 | 메이플스토리,,,,medium
c870929abdbc47cd7ffb,이벤트 | 뉴스 | 메이플스토리,,,,medium
2b149125f9f96b70db4d,이벤트 | 뉴스 | 메이플스토리,,,,medium
4f344603fdb052320c12,이벤트 | 뉴스 | 메이플스토리,,,,medium
514ee28d8ad5392b8203,이벤트 | 뉴스 | 메이플스토리,,,,medium
3f38e17ef5f145dea288,이벤트 | 뉴스 | 메이플스토리,,,,medium
51d51b17675a725a1423,이벤트 | 뉴스 | 메이플스토리,,,,medium
383c4274662ec89572fe,이벤트 | 뉴스 | 메이플스토리,,,,medium
e19ae655c24ea2e0a0ff,이벤트 | 뉴스 | 메이플스토리,,,,medium
535c131fdd2ffcd7a11c,이벤트 | 뉴스 | 메이플스토리,,,,medium
4671c688b1864e4fd4a5,이벤트 | 뉴스 | 메이플스토리,,,,medium
4a62be1f01e63020ed65,이벤트 | 뉴스 | 메이플스토리,,,,medium
70eb6a1e15940674ff30,이벤트 | 뉴스 | 메이플스토리,,,,medium
4541e626808c9d8a85be,이벤트 | 뉴스 | 메이플스토리,,,,medium
6d6ebe47a8170a8bb257,이벤트 | 뉴스 | 메이플스토리,,,,medium
a1f39879b9b3ec859e6f,이벤트 | 뉴스 | 메이플스토리,,,,medium
89e64253c2c83255b4fa,이벤트 | 뉴스 | 메이플스토리,,,,medium
2d23bbcc9cdcc74b67b6,이벤트 | 뉴스 | 메이플스토리,,,,medium
7c844db467508d85430e,이벤트 | 뉴스 | 메이플스토리,,,,medium
2eff4060445d1666d270,이벤트 | 뉴스 | 메이플스토리,,,,medium
da772b37407eef5763a5,이벤트 | 뉴스 | 메이플스토리,,,,medium
951d906c49236b66d451,이벤트 | 뉴스 | 메이플스토리,,,,medium
52d9bed6d6c457e38a18,이벤트 | 뉴스 | 메이플스토리,,,,medium
d4d2c59ca23c9de82ed2,이벤트 | 뉴스 | 메이플스토리,,,,medium
f6ea467c788ff416ef1f,이벤트 | 뉴스 | 메이플스토리,,,,medium
9ecad7b4a9604e235ace,이벤트 | 뉴스 | 메이플스토리,,,,medium
18c5fbc770b22dc87ffa,이벤트 | 뉴스 | 메이플스토리,,,,medium
512d1378cc0ea93a54d6,이벤트 | 뉴스 | 메이플스토리,,,,medium
46d1de88f244b21994bd,이벤트 | 뉴스 | 메이플스토리,,,,medium
8bb33426952273981c06,이벤트 | 뉴스 | 메이플스토리,,,,medium
d7959742b357c790f8cd,이벤트 | 뉴스 | 메이플스토리,,,,medium
f64c45f8a22739fa5647,이벤트 | 뉴스 | 메이플스토리,,,,medium
2555245f84aa34324e52,이벤트 | 뉴스 | 메이플스토리,,,,medium
630ae801eb87feb7948e,이벤트 | 뉴스 | 메이플스토리,,,,medium
8ad4b847404fe6635ed5,이벤트 | 뉴스 | 메이플스토리,,,,medium
c495713c37416f3f704a,이벤트 | 뉴스 | 메이플스토리,,,,medium
390ce289df3bd41483a9,이벤트 | 뉴스 | 메이플스토리,,,,medium
961defec492b15afd60d,이벤트 | 뉴스 | 메이플스토리,,,,medium
b7c4266188a679715d39,이벤트 | 뉴스 | 메이플스토리,,,,medium
501d10f470dce5059e71,이벤트 | 뉴스 | 메이플스토리,,,,medium
6a47d17b92c35b794571,이벤트 | 뉴스 | 메이플스토리,,,,medium
d0f54fcf4ec030f0ab73,이벤트 | 뉴스 | 메이플스토리,,,,medium
b820d4047496cb9743a0,이벤트 | 뉴스 | 메이플스토리,,,,medium
584b5738f0c618e304b3,이벤트 | 뉴스 | 메이플스토리,,,,medium
1278dac52645c6082a80,이벤트 | 뉴스 | 메이플스토리,,,,medium
fd468993b79c5a681057,이벤트 | 뉴스 | 메이플스토리,,,,medium
eed43e1f4f6404d3eb32,이벤트 | 뉴스 | 메이플스토리,,,,medium
c3b29e99ccd4798ca9f6,이벤트 | 뉴스 | 메이플스토리,,,,medium
5985406be83e111087a8,이벤트 | 뉴스 | 메이플스토리,,,,medium
ca62acce8090323ec1ca,이벤트 | 뉴스 | 메이플스토리,,,,medium
403249961f843a112da3,이벤트 | 뉴스 | 메이플스토리,,,,medium
6ca1ee244c13af33cfde,이벤트 | 뉴스 | 메이플스토리,,,,medium
3380a08b26dddf45324d,이벤트 | 뉴스 | 메이플스토리,,,,medium
f3ea65a3059c753bff9e,이벤트 | 뉴스 | 메이플스토리,,,,medium
1e34e4f14b6401c67a9b,이벤트 | 뉴스 | 메이플스토리,,,,medium
0cace714c432c3575dff,이벤트 | 뉴스 | 메이플스토리,,,,medium
fb78767d346eebc0ee3a,이벤트 | 뉴스 | 메이플스토리,,,,medium
71126dc45a08ea14cf61,이벤트 | 뉴스 | 메이플스토리,,,,medium
4825cd647d7da829092a,이벤트 | 뉴스 | 메이플스토리,,,,medium
19a5d90011ea99110d2f,이벤트 | 뉴스 | 메이플스토리,,,,medium
aab231bec81ff8bed1e9,이벤트 | 뉴스 | 메이플스토리,,,,medium
3ee6fadd8a4f8d837988,이벤트 | 뉴스 | 메이플스토리,,,,medium
f7f817e7019cab82d597,이벤트 | 뉴스 | 메이플스토리,,,,medium
acdb96d1a958f6995258,이벤트 | 뉴스 | 메이플스토리,,,,medium
d9ac212081991c361e24,이벤트 | 뉴스 | 메이플스토리,,,,medium
3bc9b3812df3c388268a,이벤트 | 뉴스 | 메이플스토리,,,,medium
f99ef7d2c53fee2e5f74,이벤트 | 뉴스 | 메이플스토리,,,,medium
5268308a22f9ae723329,이벤트 | 뉴스 | 메이플스토리,,,,medium
d0a1eb9c69147f93a610,이벤트 | 뉴스 | 메이플스토리,,,,medium
2b583bfa5299822bb1f4,이벤트 | 뉴스 | 메이플스토리,,,,medium
4e5decc767a8cc179363,이벤트 | 뉴스 | 메이플스토리,,,,medium
de912beb7481edfd747e,이벤트 | 뉴스 | 메이플스토리,,,,medium
cdf1c4b7aa9d8684c485,이벤트 | 뉴스 | 메이플스토리,,,,medium
7ff21e197ff6ca15adaf,이벤트 | 뉴스 | 메이플스토리,,,,medium
91d93a90f819b25d38b5,이벤트 | 뉴스 | 메이플스토리,,,,medium
be27f82f33ee316f197b,이벤트 | 뉴스 | 메이플스토리,,,,medium
08334360709d2616d9c0,이벤트 | 뉴스 | 메이플스토리,,,,medium
4c66a260f0906e897115,이벤트 | 뉴스 | 메이플스토리,,,,medium
b21108d0b05b156becce,이벤트 | 뉴스 | 메이플스토리,,,,medium
71c9c7cd4a5e865fc977,이벤트 | 뉴스 | 메이플스토리,,,,medium
73b08104b539c12a342d,이벤트 | 뉴스 | 메이플스토리,,,,medium
4323e861c9a843322120,이벤트 | 뉴스 | 메이플스토리,,,,medium
151d49f25aedc2d4c2c5,이벤트 | 뉴스 | 메이플스토리,,,,medium
7d1b18c4b14c56063119,이벤트 | 뉴스 | 메이플스토리,,,,medium
0968e5deea679ccae5b1,이벤트 | 뉴스 | 메이플스토리,,,,medium
698658bc9b5dfa09cef0,이벤트 | 뉴스 | 메이플스토리,,,,medium
de4b0b1f5352f3c04e03,이벤트 | 뉴스 | 메이플스토리,,,,medium
9fd200191071d66cf707,이벤트 | 뉴스 | 메이플스토리,,,,medium
5d0cd1a70d1e8c0d3a9e,이벤트 | 뉴스 | 메이플스토리,,,,medium
5d5bf18349f9d3e66e3e,이벤트 | 뉴스 | 메이플스토리,,,,medium
4d49d5f0877965e88504,이벤트 | 뉴스 | 메이플스토리,,,,medium
b58d8077760312303a00,이벤트 | 뉴스 | 메이플스토리,,,,medium
6e09c6d3bae0721a7da6,이벤트 | 뉴스 | 메이플스토리,,,,medium
b44ef207a1314da67636,이벤트 | 뉴스 | 메이플스토리,,,,medium
086d2368196479b11a9e,이벤트 | 뉴스 | 메이플스토리,,,,medium
42bc1839f459cce88f03,이벤트 | 뉴스 | 메이플스토리,,,,medium
a1c4646823ce5aafbe55,이벤트 | 뉴스 | 메이플스토리,,,,medium
6d575b116131a7106944,이벤트 | 뉴스 | 메이플스토리,,,,medium
57eaf5335e82b43e205c,이벤트 | 뉴스 | 메이플스토리,,,,medium
76f6b4b269cb2ef1040b,이벤트 | 뉴스 | 메이플스토리,,,,medium
ca944ccaea44eb9a8084,이벤트 | 뉴스 | 메이플스토리,,,,medium
dc1345548af11c228e86,이벤트 | 뉴스 | 메이플스토리,,,,medium
a42bb8e14e0dbbb808a2,이벤트 | 뉴스 | 메이플스토리,,,,medium
c48cc01337e7edeb2536,이벤트 | 뉴스 | 메이플스토리,,,,medium
b564b5e803d3055c5a77,이벤트 | 뉴스 | 메이플스토리,,,,medium
33030944c0d0343e63c5,이벤트 | 뉴스 | 메이플스토리,,,,medium
e203123331cd579740f6,이벤트 | 뉴스 | 메이플스토리,,,,medium
50b0ae9a8f1ec88dc995,이벤트 | 뉴스 | 메이플스토리,,,,medium
ed41848495e6ecf2a7a4,이벤트 | 뉴스 | 메이플스토리,,,,medium
2a84421a9a67b9c6ca04,이벤트 | 뉴스 | 메이플스토리,,,,medium
09eaf36f572464852205,이벤트 | 뉴스 | 메이플스토리,,,,medium
4a1fd34f721b7ce1870b,이벤트 | 뉴스 | 메이플스토리,,,,medium
2467768dd35b3beb3afb,이벤트 | 뉴스 | 메이플스토리,,,,medium
96da63e735f6495b8644,이벤트 | 뉴스 | 메이플스토리,,,,medium
6e0497c190bce161a5a5,이벤트 | 뉴스 | 메이플스토리,,,,medium
71e44f5ad5e86e0baa59,이벤트 | 뉴스 | 메이플스토리,,,,medium
7324d6674ac80a0ab77f,이벤트 | 뉴스 | 메이플스토리,,,,medium
99c3321ce6876a42e884,이벤트 | 뉴스 | 메이플스토리,,,,medium
11637a3ac29295c1857e,이벤트 | 뉴스 | 메이플스토리,,,,medium
16d0576ee670272be600,이벤트 | 뉴스 | 메이플스토리,,,,medium
31c6786c2223956f88b4,이벤트 | 뉴스 | 메이플스토리,,,,medium
7a39a7716007c2adf902,이벤트 | 뉴스 | 메이플스토리,,,,medium
6b392e2bc5742966faf4,이벤트 | 뉴스 | 메이플스토리,,,,medium
1d6742f53d1e64a34d37,이벤트 | 뉴스 | 메이플스토리,,,,medium
1d580a2fedbc659ca471,이벤트 | 뉴스 | 메이플스토리,,,,medium
b3e8fcdcea914b77981c,이벤트 | 뉴스 | 메이플스토리,,,,medium
5ff9e2ca542d992b0ba2,이벤트 | 뉴스 | 메이플스토리,,,,medium
7a3793ffbc2f5400b58b,이벤트 | 뉴스 | 메이플스토리,,,,medium
a5571f0530b15c9d64b0,이벤트 | 뉴스 | 메이플스토리,,,,medium
376a7493bcc4b61df961,이벤트 | 뉴스 | 메이플스토리,,,,medium
5b8b9a61d369e8467915,이벤트 | 뉴스 | 메이플스토리,,,,medium
374559c2552ae25d8436,이벤트 | 뉴스 | 메이플스토리,,,,medium
e06e195a536a05c6a106,이벤트 | 뉴스 | 메이플스토리,,,,medium
e327cfdad6d93747f82a,이벤트 | 뉴스 | 메이플스토리,,,,medium
9efdf7dc11802ac229ca,이벤트 | 뉴스 | 메이플스토리,,,,medium
c35db59fa775c32ccd43,이벤트 | 뉴스 | 메이플스토리,,,,medium
4f945084b3c5c720025d,이벤트 | 뉴스 | 메이플스토리,,,,medium
790bdb3c085ef2086518,이벤트 | 뉴스 | 메이플스토리,,,,medium
c498c79b46c838f21aba,이벤트 | 뉴스 | 메이플스토리,,,,medium
d8bd3f96fdea8be014df,이벤트 | 뉴스 | 메이플스토리,,,,medium
97fc3baed333c84c9d69,이벤트 | 뉴스 | 메이플스토리,,,,medium
d6d707e85ad159c58bff,이벤트 | 뉴스 | 메이플스토리,,,,medium
b39d5fa5c9353c8c1224,이벤트 | 뉴스 | 메이플스토리,,,,medium
04e813d1e3c2d4c8d413,이벤트 | 뉴스 | 메이플스토리,,,,medium
f9592f502dfefb4dc0c1,이벤트 | 뉴스 | 메이플스토리,,,,medium
83f9be0a86e442eda895,이벤트 | 뉴스 | 메이플스토리,,,,medium
743e9b8ec2c9f3265aca,이벤트 | 뉴스 | 메이플스토리,,,,medium
22c107d079bfdc5fc132,이벤트 | 뉴스 | 메이플스토리,,,,medium
f0db3dfc48c331a12e06,이벤트 | 뉴스 | 메이플스토리,,,,medium
db65638b9689e266d9fd,이벤트 | 뉴스 | 메이플스토리,,,,medium
6aff38da052862366373,이벤트 | 뉴스 | 메이플스토리,,,,medium
2538194e97cd1078ef78,이벤트 | 뉴스 | 메이플스토리,,,,medium
487e713372701633fa6c,이벤트 | 뉴스 | 메이플스토리,,,,medium
e980807c7dbc6f8303e4,이벤트 | 뉴스 | 메이플스토리,,,,medium
4bcf23bee5a7fa263b09,이벤트 | 뉴스 | 메이플스토리,,,,medium
41356d318f0668df4c13,이벤트 | 뉴스 | 메이플스토리,,,,medium
db3b124566b50d54eece,이벤트 | 뉴스 | 메이플스토리,,,,medium
b4fa2607d6ab6cd09036,이벤트 | 뉴스 | 메이플스토리,,,,medium
3cd0ccee3dc0418ccd90,이벤트 | 뉴스 | 메이플스토리,,,,medium
9c9123aad0db7b6fc643,이벤트 | 뉴스 | 메이플스토리,,,,medium
7daf8197b7198ed3c445,이벤트 | 뉴스 | 메이플스토리,,,,medium
177ee482897848f4563d,이벤트 | 뉴스 | 메이플스토리,,,,medium
d7b5abeeb7497292ff36,이벤트 | 뉴스 | 메이플스토리,,,,medium
2291a3ac3cd37a0ba2f4,이벤트 | 뉴스 | 메이플스토리,,,,medium
3994cf28a3b6f749b45b,이벤트 | 뉴스 | 메이플스토리,,,,medium
23d4b8bf76f8f6621c2d,이벤트 | 뉴스 | 메이플스토리,,,,medium
47fa9e598b5626485dc2,이벤트 | 뉴스 | 메이플스토리,,,,medium
5686c16124328effc9d8,이벤트 | 뉴스 | 메이플스토리,,,,medium
9a98576ebaf81df4e7b7,이벤트 | 뉴스 | 메이플스토리,,,,medium
5a49230efed19891c5a9,이벤트 | 뉴스 | 메이플스토리,,,,medium
0fea9ffb99939d57108f,이벤트 | 뉴스 | 메이플스토리,,,,medium
4d18f76c18ca26b4b033,이벤트 | 뉴스 | 메이플스토리,,,,medium
031e9a54b3bb75291205,이벤트 | 뉴스 | 메이플스토리,,,,medium
6d56c2075d6eaa768e91,이벤트 | 뉴스 | 메이플스토리,,,,medium
354d5197bba1af8f0152,이벤트 | 뉴스 | 메이플스토리,,,,medium
5d52a014f2a1534fff56,이벤트 | 뉴스 | 메이플스토리,,,,medium
9d9328f1df08a00a6a04,이벤트 | 뉴스 | 메이플스토리,,,,medium
951d0398b1eb05e16e9d,이벤트 | 뉴스 | 메이플스토리,,,,medium
d2b4d326cd1847dc8c86,이벤트 | 뉴스 | 메이플스토리,,,,medium
b7ab2f04dd08a4063e07,이벤트 | 뉴스 | 메이플스토리,,,,medium
c096e9ffe58ed5876d5f,이벤트 | 뉴스 | 메이플스토리,,,,medium
c626b3ef36e171c343d6,이벤트 | 뉴스 | 메이플스토리,,,,medium
6662ec64853b4bfa29e9,이벤트 | 뉴스 | 메이플스토리,,,,medium
aba85549d1ec6344a0e3,이벤트 | 뉴스 | 메이플스토리,,,,medium
5d096363793b2d734ff1,이벤트 | 뉴스 | 메이플스토리,,,,medium
f52d123543e1bee9ade3,이벤트 | 뉴스 | 메이플스토리,,,,medium
0c428d4851cc16aae3f1,이벤트 | 뉴스 | 메이플스토리,,,,medium
0dca16d10b6506cf9ffd,이벤트 | 뉴스 | 메이플스토리,,,,medium
643b8ddbab5211585062,이벤트 | 뉴스 | 메이플스토리,,,,medium
310c27796a9f1f6d2098,이벤트 | 뉴스 | 메이플스토리,,,,medium
77f3cdcc91bc6c97992f,이벤트 | 뉴스 | 메이플스토리,,,,medium
ba1be5e7744c4b13370a,이벤트 | 뉴스 | 메이플스토리,,,,medium
f60fa4bae34eb4716e0c,이벤트 | 뉴스 | 메이플스토리,,,,medium
e3567013b575b822997a,이벤트 | 뉴스 | 메이플스토리,,,,medium
ee2028575bbe8a13a792,이벤트 | 뉴스 | 메이플스토리,,,,medium
ed0622265bc9bfdc40c8,이벤트 | 뉴스 | 메이플스토리,,,,medium
7e5f446745deeabb90ed,이벤트 | 뉴스 | 메이플스토리,,,,medium
a88161558ad0fe3e2ca5,이벤트 | 뉴스 | 메이플스토리,,,,medium
6b196825d873195849d7,이벤트 | 뉴스 | 메이플스토리,,,,medium
202cb1fcc50c5f927fb4,이벤트 | 뉴스 | 메이플스토리,,,,medium
c2f2b50fbd601ef110e6,이벤트 | 뉴스 | 메이플스토리,,,,medium
2a618bd451d058a7e6b7,이벤트 | 뉴스 | 메이플스토리,,,,medium
268dcc67620b63e211e1,이벤트 | 뉴스 | 메이플스토리,,,,medium
63de36d80d9ae9a8c660,이벤트 | 뉴스 | 메이플스토리,,,,medium
2f0c04514d7fcc01e075,이벤트 | 뉴스 | 메이플스토리,,,,medium
f65b11a96f6b22dfc90e,이벤트 | 뉴스 | 메이플스토리,,,,medium
44fc1b4576bbe2acb59b,이벤트 | 뉴스 | 메이플스토리,,,,medium
ce9a2c9b08b67269afb6,이벤트 | 뉴스 | 메이플스토리,,,,medium
c9ed9fdbe80dfea9fbc4,이벤트 | 뉴스 | 메이플스토리,,,,medium
ff90ec5352f13c17f22c,이벤트 | 뉴스 | 메이플스토리,,,,medium
f2946de3daf037272068,이벤트 | 뉴스 | 메이플스토리,,,,medium
da5a956c132b42d7f5e7,이벤트 | 뉴스 | 메이플스토리,,,,medium
8e4cd04807dce461605b,이벤트 | 뉴스 | 메이플스토리,,,,medium
4169c14e4363d462cb1f,이벤트 | 뉴스 | 메이플스토리,,,,medium
4fed23a22710151e41aa,이벤트 | 뉴스 | 메이플스토리,,,,medium
b7b20d94f31285bf4a09,이벤트 | 뉴스 | 메이플스토리,,,,medium
b186b742a9736a281350,이벤트 | 뉴스 | 메이플스토리,,,,medium
31445b5a3568fbce5cc6,이벤트 | 뉴스 | 메이플스토리,,,,medium
b0df75aee14aa669741b,이벤트 | 뉴스 | 메이플스토리,,,,medium
0c09ae06b6842e44cd90,이벤트 | 뉴스 | 메이플스토리,,,,medium
8d70efca31e601a37b5e,이벤트 | 뉴스 | 메이플스토리,,,,medium
180fe556b21a039cd71b,이벤트 | 뉴스 | 메이플스토리,,,,medium
71b967f05e225070639d,이벤트 | 뉴스 | 메이플스토리,,,,medium
90f46d7233453dab4a01,이벤트 | 뉴스 | 메이플스토리,,,,medium
2eec5c26d634de5c1690,이벤트 | 뉴스 | 메이플스토리,,,,medium
a01473754793a919d11b,이벤트 | 뉴스 | 메이플스토리,,,,medium
0748087068585f153eed,이벤트 | 뉴스 | 메이플스토리,,,,medium
77d017aca00818edfd5b,이벤트 | 뉴스 | 메이플스토리,,,,medium
cca97b764d9ac5a4b3e7,이벤트 | 뉴스 | 메이플스토리,,,,medium
0168182ea27fd6a5d6d1,이벤트 | 뉴스 | 메이플스토리,,,,medium
56b7686e4366ffab131d,이벤트 | 뉴스 | 메이플스토리,,,,medium
a9d3219804fbeb9092f2,이벤트 | 뉴스 | 메이플스토리,,,,medium
2a1ff1f79f8c57ae8c53,이벤트 | 뉴스 | 메이플스토리,,,,medium
fa797d4e563f6001baca,이벤트 | 뉴스 | 메이플스토리,,,,medium
7da4fe197ceffe741783,이벤트 | 뉴스 | 메이플스토리,,,,medium
f06a8221885f96a16d1d,이벤트 | 뉴스 | 메이플스토리,,,,medium
d9fbac190f18a1843a59,이벤트 | 뉴스 | 메이플스토리,,,,medium
55f12dfd8cee4a6c3922,이벤트 | 뉴스 | 메이플스토리,,,,medium
02b6fd2c9bfe1c218635,이벤트 | 뉴스 | 메이플스토리,,,,medium
bb0f9a3e4740fa1d8cae,이벤트 | 뉴스 | 메이플스토리,,,,medium
80dbaa8a43b7c6e8ddb4,이벤트 | 뉴스 | 메이플스토리,,,,medium
2cbb238410a40efa3b82,이벤트 | 뉴스 | 메이플스토리,,,,medium
f32edce595f2bd8862db,이벤트 | 뉴스 | 메이플스토리,,,,medium
c0d5bbf1f40a3ecaada7,이벤트 | 뉴스 | 메이플스토리,,,,medium
cf71e2f324b3cc70e9fd,이벤트 | 뉴스 | 메이플스토리,,,,medium
eddf833c6d74c2690486,이벤트 | 뉴스 | 메이플스토리,,,,medium
917fd1c5f64d05fcd8ed,이벤트 | 뉴스 | 메이플스토리,,,,medium
12c07485dc5925fefb31,이벤트 | 뉴스 | 메이플스토리,,,,medium
7346277e3a02b6e3a0bd,이벤트 | 뉴스 | 메이플스토리,,,,medium
3b7ed67a0d3ca1151487,이벤트 | 뉴스 | 메이플스토리,,,,medium
fc09b43acbdcb7daa732,이벤트 | 뉴스 | 메이플스토리,,,,medium
c8f6952ecf1d86ea4754,이벤트 | 뉴스 | 메이플스토리,,,,medium
64de3feb1c35dc35a20a,이벤트 | 뉴스 | 메이플스토리,,,,medium
23d5206c5c578f3686ba,이벤트 | 뉴스 | 메이플스토리,,,,medium
741764970c9b3c129c5a,이벤트 | 뉴스 | 메이플스토리,,,,medium
4a48dfd12c71f7b9751f,이벤트 | 뉴스 | 메이플스토리,,,,medium
2478c38d1bf24fb18469,이벤트 | 뉴스 | 메이플스토리,,,,medium
18b8d14deb6ccc21a27d,이벤트 | 뉴스 | 메이플스토리,,,,medium
5267206d5c31a07daec9,이벤트 | 뉴스 | 메이플스토리,,,,medium
6dc21fbe9df2296d3852,이벤트 | 뉴스 | 메이플스토리,,,,medium
96f875687d788f383bee,이벤트 | 뉴스 | 메이플스토리,,,,medium
481143b1db8e428d9495,이벤트 | 뉴스 | 메이플스토리,,,,medium
5213011bd110d092ab55,이벤트 | 뉴스 | 메이플스토리,,,,medium
0ecd3de2b5e1b366ead2,이벤트 | 뉴스 | 메이플스토리,,,,medium
e43bdeb2b407f4a24731,이벤트 | 뉴스 | 메이플스토리,,,,medium
6e28d976ad0b94f2dbdb,이벤트 | 뉴스 | 메이플스토리,,,,medium
0f1ccecde87da1f631cf,이벤트 | 뉴스 | 메이플스토리,,,,medium
a0631ebce8d86785b384,이벤트 | 뉴스 | 메이플스토리,,,,medium
d22d021a2e127187a669,이벤트 | 뉴스 | 메이플스토리,,,,medium
dedb09ad3cde16556eb3,이벤트 | 뉴스 | 메이플스토리,,,,medium
248163a7256839c353f9,이벤트 | 뉴스 | 메이플스토리,,,,medium
036384ee050c2b736960,이벤트 | 뉴스 | 메이플스토리,,,,medium
3d32304786d6141520ec,이벤트 | 뉴스 | 메이플스토리,,,,medium
587d302c61688dd11c5c,이벤트 | 뉴스 | 메이플스토리,,,,medium
ccedf04195a481381083,이벤트 | 뉴스 | 메이플스토리,,,,medium
7c502fda7e64285e0285,이벤트 | 뉴스 | 메이플스토리,,,,medium
ee2926cd0da1b15f712f,이벤트 | 뉴스 | 메이플스토리,,,,medium
3330f82dba7f5a3ba705,이벤트 | 뉴스 | 메이플스토리,,,,medium
0be642a3583af6457780,이벤트 | 뉴스 | 메이플스토리,,,,medium
6d8375ded26e0061f92f,이벤트 | 뉴스 | 메이플스토리,,,,medium
474826c1d17387e19029,이벤트 | 뉴스 | 메이플스토리,,,,medium
a84102e338ae8c61b939,이벤트 | 뉴스 | 메이플스토리,,,,medium
ee616be439db21cef289,이벤트 | 뉴스 | 메이플스토리,,,,medium
221a3ee26aada7a160df,이벤트 | 뉴스 | 메이플스토리,,,,medium
a1ff874497800fce0725,이벤트 | 뉴스 | 메이플스토리,,,,medium
55fde1adf2bd73397728,이벤트 | 뉴스 | 메이플스토리,,,,medium
3be871b090743e3871a3,이벤트 | 뉴스 | 메이플스토리,,,,medium
dfa24052715a0868eb74,이벤트 | 뉴스 | 메이플스토리,,,,medium
bf3cb43861859d98c228,이벤트 | 뉴스 | 메이플스토리,,,,medium
50121d5ef608bdf373e9,이벤트 | 뉴스 | 메이플스토리,,,,medium
a1dd9af77e4e059ed016,이벤트 | 뉴스 | 메이플스토리,,,,medium
0e82be5247407a7c2c26,이벤트 | 뉴스 | 메이플스토리,,,,medium
0ecf844d71dae833d899,이벤트 | 뉴스 | 메이플스토리,,,,medium
b81ecb848e82913abcc0,이벤트 | 뉴스 | 메이플스토리,,,,medium
5535f27703e86527625b,이벤트 | 뉴스 | 메이플스토리,,,,medium
4e24eb4bc08fa4e22447,이벤트 | 뉴스 | 메이플스토리,,,,medium
599da6920f084d65fa32,이벤트 | 뉴스 | 메이플스토리,,,,medium
d05fe1908e86af33e121,이벤트 | 뉴스 | 메이플스토리,,,,medium
8dd55fa57ecd012a2e12,이벤트 | 뉴스 | 메이플스토리,,,,medium
ac4c63ffb465c5dc5139,이벤트 | 뉴스 | 메이플스토리,,,,medium
c1bda35cb2b67802099d,이벤트 | 뉴스 | 메이플스토리,,,,medium
065869dbaba6e3abf807,이벤트 | 뉴스 | 메이플스토리,,,,medium
588e0672cc5320683285,이벤트 | 뉴스 | 메이플스토리,,,,medium
e3ea9b01f0de8dd1b8e6,이벤트 | 뉴스 | 메이플스토리,,,,medium
7f3cc830cb6bc7957da6,이벤트 | 뉴스 | 메이플스토리,,,,medium
0764636305e974cfe130,이벤트 | 뉴스 | 메이플스토리,,,,medium
62cffa8670444d4de6d7,이벤트 | 뉴스 | 메이플스토리,,,,medium
c9c4fd3d3a67a054814e,이벤트 | 뉴스 | 메이플스토리,,,,medium
a802e06133f0e9a8396a,이벤트 | 뉴스 | 메이플스토리,,,,medium
d42a2be6006b94dc293a,이벤트 | 뉴스 | 메이플스토리,,,,medium
8e440e2d602ff9c87bbf,이벤트 | 뉴스 | 메이플스토리,,,,medium
1146293ff9950ef0a104,이벤트 | 뉴스 | 메이플스토리,,,,medium
f49ad601b4bed3a619e4,이벤트 | 뉴스 | 메이플스토리,,,,medium
7723c65664dcca77a65c,이벤트 | 뉴스 | 메이플스토리,,,,medium
6bfc7001dcae18c97f6c,이벤트 | 뉴스 | 메이플스토리,,,,medium
0715b6a42762b214412f,이벤트 | 뉴스 | 메이플스토리,,,,medium
66a321e127791b6c9ca4,이벤트 | 뉴스 | 메이플스토리,,,,medium
110ba71f34e3f6e853c5,이벤트 | 뉴스 | 메이플스토리,,,,medium
d8859f92ba2b1984d343,이벤트 | 뉴스 | 메이플스토리,,,,medium
726465702ef8d74bdda3,이벤트 | 뉴스 | 메이플스토리,,,,medium
5068c922a8bbdb1ef0f1,이벤트 | 뉴스 | 메이플스토리,,,,medium
e2564d7056b2fee31c8c,이벤트 | 뉴스 | 메이플스토리,,,,medium
cb2c9bff42260a39ad38,이벤트 | 뉴스 | 메이플스토리,,,,medium
cd20e13f920169667984,이벤트 | 뉴스 | 메이플스토리,,,,medium
88d061b7123427892a80,이벤트 | 뉴스 | 메이플스토리,,,,medium
9816ed4d6da25cce4bc1,이벤트 | 뉴스 | 메이플스토리,,,,medium
eeae2bbf68c93b4852da,이벤트 | 뉴스 | 메이플스토리,,,,medium
237029153f2bdce0f3eb,이벤트 | 뉴스 | 메이플스토리,,,,medium
daa10a593d4208219d73,이벤트 | 뉴스 | 메이플스토리,,,,medium
3f8174f3a9a5783b4715,이벤트 | 뉴스 | 메이플스토리,,,,medium
285cdd4a21083f77d4cf,이벤트 | 뉴스 | 메이플스토리,,,,medium
4b087d1238f127b0eee9,이벤트 | 뉴스 | 메이플스토리,,,,medium
43e22e4de4649788b29a,이벤트 | 뉴스 | 메이플스토리,,,,medium
8867f056322f9461c263,이벤트 | 뉴스 | 메이플스토리,,,,medium
f6bc90d5fb525c5dd52d,이벤트 | 뉴스 | 메이플스토리,,,,medium
622690772397aa27d028,이벤트 | 뉴스 | 메이플스토리,,,,medium
dc7c308492130a4817e4,이벤트 | 뉴스 | 메이플스토리,,,,medium
118235a52d23267ac92d,이벤트 | 뉴스 | 메이플스토리,,,,medium
49864876f804d1841e69,이벤트 | 뉴스 | 메이플스토리,,,,medium
085d7dee4e5afaf2ea41,이벤트 | 뉴스 | 메이플스토리,,,,medium
c1a6a01ddc039f099696,이벤트 | 뉴스 | 메이플스토리,,,,medium
9b8296c4e8273ed395f3,이벤트 | 뉴스 | 메이플스토리,,,,medium
922b06f2e105fbf2b1be,이벤트 | 뉴스 | 메이플스토리,,,,medium
7a6d410796aa6d8b1f33,이벤트 | 뉴스 | 메이플스토리,,,,medium
9006c0cfcc3527984721,이벤트 | 뉴스 | 메이플스토리,,,,medium
d728401b4dac09cfd1f6,이벤트 | 뉴스 | 메이플스토리,,,,medium
dd830ddced8582055aae,이벤트 | 뉴스 | 메이플스토리,,,,medium
c420c5cd83bae2ffa3ac,이벤트 | 뉴스 | 메이플스토리,,,,medium
6a6b95162b822769dbd0,이벤트 | 뉴스 | 메이플스토리,,,,medium
4814c3ba873792555523,이벤트 | 뉴스 | 메이플스토리,,,,medium
8657baaace79c0f61817,이벤트 | 뉴스 | 메이플스토리,,,,medium
53872a8ddbad879c520b,이벤트 | 뉴스 | 메이플스토리,,,,medium
955543384456af34b402,이벤트 | 뉴스 | 메이플스토리,,,,medium
bb13d97819c067b33c84,이벤트 | 뉴스 | 메이플스토리,,,,medium
a3ffc9679d802a997650,이벤트 | 뉴스 | 메이플스토리,,,,medium
697ce74ea6b1172e4abf,이벤트 | 뉴스 | 메이플스토리,,,,medium
ee31219bba697e50223b,이벤트 | 뉴스 | 메이플스토리,,,,medium
82e8aad6e6fbdc2f2fce,이벤트 | 뉴스 | 메이플스토리,,,,medium
7f2e3328f2a52a0b6fa6,이벤트 | 뉴스 | 메이플스토리,,,,medium
4e245cb30cededccf3ab,이벤트 | 뉴스 | 메이플스토리,,,,medium
9d8f69a9899bf3912c85,이벤트 | 뉴스 | 메이플스토리,,,,medium
d89b345b11106df76053,이벤트 | 뉴스 | 메이플스토리,,,,medium
435ba110ca56975e415b,이벤트 | 뉴스 | 메이플스토리,,,,medium
d413ba1e86ed9c0c9278,이벤트 | 뉴스 | 메이플스토리,,,,medium
b457d9cbf70a9894a5c3,이벤트 | 뉴스 | 메이플스토리,,,,medium
a4f11fac436cfbb3b188,이벤트 | 뉴스 | 메이플스토리,,,,medium
124a0f30b5e867a6293a,이벤트 | 뉴스 | 메이플스토리,,,,medium
84940fc20c892fc05b55,이벤트 | 뉴스 | 메이플스토리,,,,medium
4c888d807930b66bd091,이벤트 | 뉴스 | 메이플스토리,,,,medium
eaf50b09a739b0e3d47e,이벤트 | 뉴스 | 메이플스토리,,,,medium
6d57b240e5bb75610027,이벤트 | 뉴스 | 메이플스토리,,,,medium
9dbf727d63b6624d8d32,이벤트 | 뉴스 | 메이플스토리,,,,medium
917ad8780a2cbd423bfe,이벤트 | 뉴스 | 메이플스토리,,,,medium
2dd5d8352ff279198fbe,이벤트 | 뉴스 | 메이플스토리,,,,medium
10c716fec3c6f41c1596,이벤트 | 뉴스 | 메이플스토리,,,,medium
634944cb8b94d2bfbd70,이벤트 | 뉴스 | 메이플스토리,,,,medium
247c6b7716654853db98,이벤트 | 뉴스 | 메이플스토리,,,,medium
1e3b63d6d3f74404528f,이벤트 | 뉴스 | 메이플스토리,,,,medium
f29591972b9f4ee79bbf,이벤트 | 뉴스 | 메이플스토리,,,,medium
a8d070a30383a11834f0,이벤트 | 뉴스 | 메이플스토리,,,,medium
9d0184170514b3d5a8ac,이벤트 | 뉴스 | 메이플스토리,,,,medium
2b5b680273da1551aaa8,이벤트 | 뉴스 | 메이플스토리,,,,medium
00a72e748083d304b2a0,이벤트 | 뉴스 | 메이플스토리,,,,medium
91a1f4b4c11adf67c5c5,이벤트 | 뉴스 | 메이플스토리,,,,medium
69a411f640fc689cf6a2,이벤트 | 뉴스 | 메이플스토리,,,,medium
3ef686b0913d71554d97,이벤트 | 뉴스 | 메이플스토리,,,,medium
3a7dd5d8cdb185e0be84,이벤트 | 뉴스 | 메이플스토리,,,,medium
92db811b6c6fe5866c0c,이벤트 | 뉴스 | 메이플스토리,,,,medium
3666acb85d6c72419993,이벤트 | 뉴스 | 메이플스토리,,,,medium
6182ac8de69e7ee909ed,이벤트 | 뉴스 | 메이플스토리,,,,medium
edad6a8422218c6a0bb0,이벤트 | 뉴스 | 메이플스토리,,,,medium
13a07f94b611ee1b7bff,이벤트 | 뉴스 | 메이플스토리,,,,medium
5b68430469319d7cd0b1,이벤트 | 뉴스 | 메이플스토리,,,,medium
dc9f939ebfeb1bd5ba67,이벤트 | 뉴스 | 메이플스토리,,,,medium
1d7afb6c64309417519e,이벤트 | 뉴스 | 메이플스토리,,,,medium
771ec3dd738f7821ee61,이벤트 | 뉴스 | 메이플스토리,,,,medium
bf9fab6c73e554b9eee7,이벤트 | 뉴스 | 메이플스토리,,,,medium
049dd382d711c7a670c0,이벤트 | 뉴스 | 메이플스토리,,,,medium
a7d6071d21e18855f781,이벤트 | 뉴스 | 메이플스토리,,,,medium
fa6516c9c6beec6cc7e8,이벤트 | 뉴스 | 메이플스토리,,,,medium
49538b2f1ae0f0c14ef1,이벤트 | 뉴스 | 메이플스토리,,,,medium
484e25e0f7a3bdd201c0,이벤트 | 뉴스 | 메이플스토리,,,,medium
d12d6677374688d04183,이벤트 | 뉴스 | 메이플스토리,,,,medium
e8a993bbda60db1de0b5,이벤트 | 뉴스 | 메이플스토리,,,,medium
bfb4bab0cd2cf91100ba,이벤트 | 뉴스 | 메이플스토리,,,,medium
7538829cfa93ce2a9879,이벤트 | 뉴스 | 메이플스토리,,,,medium
9048a56e146ea4c7d501,이벤트 | 뉴스 | 메이플스토리,,,,medium
da039861049493226039,이벤트 | 뉴스 | 메이플스토리,,,,medium
ad1c90831877b472fb50,이벤트 | 뉴스 | 메이플스토리,,,,medium
6bf2bf8c718c615780c8,이벤트 | 뉴스 | 메이플스토리,,,,medium
b34897a0216a98f17265,이벤트 | 뉴스 | 메이플스토리,,,,medium
adc75a04bdda0a341b5b,이벤트 | 뉴스 | 메이플스토리,,,,medium
a6bb1f42a95cc28815ae,이벤트 | 뉴스 | 메이플스토리,,,,medium
d3d2b2b31dd8ba72751e,이벤트 | 뉴스 | 메이플스토리,,,,medium
75d6963da92e5c843a07,이벤트 | 뉴스 | 메이플스토리,,,,medium
f2e79cead811dea52e6d,이벤트 | 뉴스 | 메이플스토리,,,,medium
40976292d6c4a0e33e30,이벤트 | 뉴스 | 메이플스토리,,,,medium
00d398e79ddd3b258788,이벤트 | 뉴스 | 메이플스토리,,,,medium
b214db26f52bd93f9086,이벤트 | 뉴스 | 메이플스토리,,,,medium
a54910551a41663a5606,이벤트 | 뉴스 | 메이플스토리,,,,medium
947446c063090b4201f0,이벤트 | 뉴스 | 메이플스토리,,,,medium
4e4ada59668df98ae508,이벤트 | 뉴스 | 메이플스토리,,,,medium
9c1d9a320093ec57754b,이벤트 | 뉴스 | 메이플스토리,,,,medium
7804444727b5e829d617,이벤트 | 뉴스 | 메이플스토리,,,,medium
70748ce7ff89d52febd1,이벤트 | 뉴스 | 메이플스토리,,,,medium
60078486fd9fffc60960,이벤트 | 뉴스 | 메이플스토리,,,,medium
e9a27215d36c9a182830,이벤트 | 뉴스 | 메이플스토리,,,,medium
62e494c4965a7d5c66ab,이벤트 | 뉴스 | 메이플스토리,,,,medium
82fae7328708c1664e58,이벤트 | 뉴스 | 메이플스토리,,,,medium
b6384951938961974348,이벤트 | 뉴스 | 메이플스토리,,,,medium
fb4f5a3abd43c509c633,이벤트 | 뉴스 | 메이플스토리,,,,medium
2e94dddf96545dd1cc1d,이벤트 | 뉴스 | 메이플스토리,,,,medium
2658c0724b54f0fe8ba4,이벤트 | 뉴스 | 메이플스토리,,,,medium
1aa6bcea8d5477d56ca3,이벤트 | 뉴스 | 메이플스토리,,,,medium
0cb2b307991e1e6c40d9,이벤트 | 뉴스 | 메이플스토리,,,,medium
7509953656d5963fc190,이벤트 | 뉴스 | 메이플스토리,,,,medium
3815d897a032430f433e,이벤트 | 뉴스 | 메이플스토리,,,,medium
ef633221bee402dfe559,이벤트 | 뉴스 | 메이플스토리,,,,medium
09ed8ea06147b5690320,이벤트 | 뉴스 | 메이플스토리,,,,medium
66f63406c530e341819d,이벤트 | 뉴스 | 메이플스토리,,,,medium
bb42b159e08b198ab118,이벤트 | 뉴스 | 메이플스토리,,,,medium
25280ff7d47d1e48fed2,이벤트 | 뉴스 | 메이플스토리,,,,medium
0210a00b807d017ef707,이벤트 | 뉴스 | 메이플스토리,,,,medium
e0b0876479bbf4bf5555,이벤트 | 뉴스 | 메이플스토리,,,,medium
f1c9ba6916d0cb366c3a,이벤트 | 뉴스 | 메이플스토리,,,,medium
9f31ad01da266331509a,이벤트 | 뉴스 | 메이플스토리,,,,medium
1a5a7fcf3b09eef9507d,이벤트 | 뉴스 | 메이플스토리,,,,medium
049cefcf742bd6beb659,이벤트 | 뉴스 | 메이플스토리,,,,medium
164cd6c4a1bd28125e88,이벤트 | 뉴스 | 메이플스토리,,,,medium
a40068ad21c184472027,이벤트 | 뉴스 | 메이플스토리,,,,medium
c8bdcb273c7c3f4eeff4,이벤트 | 뉴스 | 메이플스토리,,,,medium
68be004bdc01464ecaf0,이벤트 | 뉴스 | 메이플스토리,,,,medium
e9a2bc2eaae999e0d7c0,이벤트 | 뉴스 | 메이플스토리,,,,medium
2a148b37b8dcacc16e32,이벤트 | 뉴스 | 메이플스토리,,,,medium
716506e28b032f190166,이벤트 | 뉴스 | 메이플스토리,,,,medium
ad10e62c7224fa1f75e6,이벤트 | 뉴스 | 메이플스토리,,,,medium
857333d3a76d3d0bbedf,이벤트 | 뉴스 | 메이플스토리,,,,medium
8696b8eb4005e13f5991,이벤트 | 뉴스 | 메이플스토리,,,,medium
360df4ec41fd633eb6cd,이벤트 | 뉴스 | 메이플스토리,,,,medium
2b4a9e1a7e1684037c4f,이벤트 | 뉴스 | 메이플스토리,,,,medium
7b6d6d11e3d0be0e1959,이벤트 | 뉴스 | 메이플스토리,,,,medium
75517b707c83c0351c5b,이벤트 | 뉴스 | 메이플스토리,,,,medium
9596c26930bb3a816608,이벤트 | 뉴스 | 메이플스토리,,,,medium
51f808f376383c281245,이벤트 | 뉴스 | 메이플스토리,,,,medium
f18c6cbc3b8a68fdae8a,이벤트 | 뉴스 | 메이플스토리,,,,medium
2dd0b47c37d9c9fff6dc,이벤트 | 뉴스 | 메이플스토리,,,,medium
b891e9dd5e1d1746f6b4,이벤트 | 뉴스 | 메이플스토리,,,,medium
b7ed62ba7758068a9057,이벤트 | 뉴스 | 메이플스토리,,,,medium
a009a10e85a1de52f64d,이벤트 | 뉴스 | 메이플스토리,,,,medium
e7be796ec33b6883a228,이벤트 | 뉴스 | 메이플스토리,,,,medium
3ab4f2ee28621300dfa0,이벤트 | 뉴스 | 메이플스토리,,,,medium
4509c3d0b6e4cf9e99da,이벤트 | 뉴스 | 메이플스토리,,,,medium
1db29aa744f02e07f831,이벤트 | 뉴스 | 메이플스토리,,,,medium
a746cde48cc695ddfeff,이벤트 | 뉴스 | 메이플스토리,,,,medium
ff07c2014e1dd0274416,이벤트 | 뉴스 | 메이플스토리,,,,medium
3dc6c5c17588219cc2bd,이벤트 | 뉴스 | 메이플스토리,,,,medium
c98f71c9249105bac074,이벤트 | 뉴스 | 메이플스토리,,,,medium
f78e20240832f39905fc,이벤트 | 뉴스 | 메이플스토리,,,,medium
7bf5e86584d190c37f64,이벤트 | 뉴스 | 메이플스토리,,,,medium
7004217195368144a5d9,이벤트 | 뉴스 | 메이플스토리,,,,medium
1cf361d5d1ec5d7e33c1,이벤트 | 뉴스 | 메이플스토리,,,,medium
db6c06723d341414417f,이벤트 | 뉴스 | 메이플스토리,,,,medium
d6c4c81fd31118652d33,이벤트 | 뉴스 | 메이플스토리,,,,medium
4cb8d1f48f0e191d4ff8,이벤트 | 뉴스 | 메이플스토리,,,,medium
bc6140e85fe347877ab2,이벤트 | 뉴스 | 메이플스토리,,,,medium
300382ed07df39a907c5,이벤트 | 뉴스 | 메이플스토리,,,,medium
98a77798e91f149273a6,이벤트 | 뉴스 | 메이플스토리,,,,medium
acb88dc57bc1d274e85d,이벤트 | 뉴스 | 메이플스토리,,,,medium
294bc1bb082d554664eb,이벤트 | 뉴스 | 메이플스토리,,,,medium
223785b1ada409775f1e,이벤트 | 뉴스 | 메이플스토리,,,,medium
a6e2cb58be5e3f003288,이벤트 | 뉴스 | 메이플스토리,,,,medium
a0d221e3650bf45119e8,이벤트 | 뉴스 | 메이플스토리,,,,medium
bb388725c78e69a581ab,이벤트 | 뉴스 | 메이플스토리,,,,medium
7df8bbc0ce75a99983de,이벤트 | 뉴스 | 메이플스토리,,,,medium
826337802f4925bb1741,이벤트 | 뉴스 | 메이플스토리,,,,medium
2c85a497c84e5d3f3796,이벤트 | 뉴스 | 메이플스토리,,,,medium
83a137f03d3a5da794e3,이벤트 | 뉴스 | 메이플스토리,,,,medium
b924cb525ae7566a506f,이벤트 | 뉴스 | 메이플스토리,,,,medium
6be0e3aa4747a00ceeeb,이벤트 | 뉴스 | 메이플스토리,,,,medium
e8e45c854483e70515db,이벤트 | 뉴스 | 메이플스토리,,,,medium
bed5672c7573413bd929,이벤트 | 뉴스 | 메이플스토리,,,,medium
bf0ab8b524232fe42d69,이벤트 | 뉴스 | 메이플스토리,,,,medium
35283bb09d5426688a4b,이벤트 | 뉴스 | 메이플스토리,,,,medium
07244d0f3f0d70768697,이벤트 | 뉴스 | 메이플스토리,,,,medium
2f00dc025bad6b988545,이벤트 | 뉴스 | 메이플스토리,,,,medium
f72e2bdc6ed6322be9ee,이벤트 | 뉴스 | 메이플스토리,,,,medium
a9c74c049d44ee42460b,이벤트 | 뉴스 | 메이플스토리,,,,medium
9410bada7dec6fb2904d,이벤트 | 뉴스 | 메이플스토리,,,,medium
1b5af9eafa07859a3a75,이벤트 | 뉴스 | 메이플스토리,,,,medium
60d1e8bb0f70cc69f404,이벤트 | 뉴스 | 메이플스토리,,,,medium
fa847a1c131dd18d6f1d,이벤트 | 뉴스 | 메이플스토리,,,,medium
79049c8ab1a4289885d1,이벤트 | 뉴스 | 메이플스토리,,,,medium
16f61004afc63cc0dc68,이벤트 | 뉴스 | 메이플스토리,,,,medium
eaf019e6078592dbb55d,이벤트 | 뉴스 | 메이플스토리,,,,medium
db9e716f3213bddbf6d6,이벤트 | 뉴스 | 메이플스토리,,,,medium
38e1591e66ec2e4a1156,이벤트 | 뉴스 | 메이플스토리,,,,medium
6b6c83aaffe7a4bd6f58,이벤트 | 뉴스 | 메이플스토리,,,,medium
9c7e5406d8a81ad22bcd,이벤트 | 뉴스 | 메이플스토리,,,,medium
001f94664d695701002d,이벤트 | 뉴스 | 메이플스토리,,,,medium
69bb13e3573700b4311a,이벤트 | 뉴스 | 메이플스토리,,,,medium
40b036f0dbc006efad62,이벤트 | 뉴스 | 메이플스토리,,,,medium
bfd590123a748840e30e,이벤트 | 뉴스 | 메이플스토리,,,,medium
9a8eb1249e84082ad36f,이벤트 | 뉴스 | 메이플스토리,,,,medium
6947147fcae042af23a6,이벤트 | 뉴스 | 메이플스토리,,,,medium
224d362fd34f2c5248d8,이벤트 | 뉴스 | 메이플스토리,,,,medium
90343e286c55668b690d,이벤트 | 뉴스 | 메이플스토리,,,,medium
4d0cdeeb584987588c17,이벤트 | 뉴스 | 메이플스토리,,,,medium
30f6d73725d72bf7a3cd,이벤트 | 뉴스 | 메이플스토리,,,,medium
786d479e3c70d57fee9f,이벤트 | 뉴스 | 메이플스토리,,,,medium
492eeec2b75e3f458ee1,이벤트 | 뉴스 | 메이플스토리,,,,medium
2df6fa0ccabe8ad4c3a3,이벤트 | 뉴스 | 메이플스토리,,,,medium
91d059b9b351d8cbcef1,이벤트 | 뉴스 | 메이플스토리,,,,medium
1965eb925863f51841ae,이벤트 | 뉴스 | 메이플스토리,,,,medium
a49983cb952af44dfd97,이벤트 | 뉴스 | 메이플스토리,,,,medium
d09a6826095d35f01d00,이벤트 | 뉴스 | 메이플스토리,,,,medium
1416b3d07b6ae3da7955,이벤트 | 뉴스 | 메이플스토리,,,,medium
f7486356ee24d2bddfc5,이벤트 | 뉴스 | 메이플스토리,,,,medium
76b11c8a75cef55f46fd,이벤트 | 뉴스 | 메이플스토리,,,,medium
d71ca76bd02e3ff5d2e0,이벤트 | 뉴스 | 메이플스토리,,,,medium
d851ba3f9564282e7725,이벤트 | 뉴스 | 메이플스토리,,,,medium
38cf1cab8a57b9903930,이벤트 | 뉴스 | 메이플스토리,,,,medium
0d31ed1ed200abdfb6a2,이벤트 | 뉴스 | 메이플스토리,,,,medium
3042e7ec9496fcad01de,이벤트 | 뉴스 | 메이플스토리,,,,medium
08f4e21a13bd0eccdc7d,이벤트 | 뉴스 | 메이플스토리,,,,medium
e99eac0cf9ed082bea1b,이벤트 | 뉴스 | 메이플스토리,,,,medium
cd2e61b615ea9a083e43,이벤트 | 뉴스 | 메이플스토리,,,,medium
e54d95d9f7af0ee5ab25,이벤트 | 뉴스 | 메이플스토리,,,,medium
9662c1af92b693d41ad1,이벤트 | 뉴스 | 메이플스토리,,,,medium
1adbad4d7302191f8ed1,이벤트 | 뉴스 | 메이플스토리,,,,medium
e59917b3ec2bd37232f8,이벤트 | 뉴스 | 메이플스토리,,,,medium
f711540522aac25c07f1,이벤트 | 뉴스 | 메이플스토리,,,,medium
b015eeb3391649e90d91,이벤트 | 뉴스 | 메이플스토리,,,,medium
43c11f7cca9a2b476b01,이벤트 | 뉴스 | 메이플스토리,,,,medium
a2ec21e4e0348cbffadc,이벤트 | 뉴스 | 메이플스토리,,,,medium
890b35a553b833ca8566,이벤트 | 뉴스 | 메이플스토리,,,,medium
6267eedbe8c045719c9a,이벤트 | 뉴스 | 메이플스토리,,,,medium
8f5e29c7de8e8be0090d,이벤트 | 뉴스 | 메이플스토리,,,,medium
33946424f327e954d1b4,이벤트 | 뉴스 | 메이플스토리,,,,medium
7bb61769add191a79a13,이벤트 | 뉴스 | 메이플스토리,,,,medium
3598343cd2bb80607985,이벤트 | 뉴스 | 메이플스토리,,,,medium
f62b269594af8865f20b,이벤트 | 뉴스 | 메이플스토리,,,,medium
cfaa521cf58773707ba9,이벤트 | 뉴스 | 메이플스토리,,,,medium
fb9d5f8ecd074caa984e,이벤트 | 뉴스 | 메이플스토리,,,,medium
22b07f3cf63e48676154,이벤트 | 뉴스 | 메이플스토리,,,,medium
8357bf7ad2974553366f,이벤트 | 뉴스 | 메이플스토리,,,,medium
b1f2ab879638bac7ca46,이벤트 | 뉴스 | 메이플스토리,,,,medium
91485660a055cb7a6142,이벤트 | 뉴스 | 메이플스토리,,,,medium
750add4f2a2a07344bdc,이벤트 | 뉴스 | 메이플스토리,,,,medium
a643a289cb358143c9c5,이벤트 | 뉴스 | 메이플스토리,,,,medium
668e85749e08484d9e5b,이벤트 | 뉴스 | 메이플스토리,,,,medium
f6f62d2694bed892230f,이벤트 | 뉴스 | 메이플스토리,,,,medium
2805e89eb9ea3d6078cb,이벤트 | 뉴스 | 메이플스토리,,,,medium
1ae805a4fa8bdeb139af,이벤트 | 뉴스 | 메이플스토리,,,,medium
cdbf0cd2883f3e4f8636,이벤트 | 뉴스 | 메이플스토리,,,,medium
392ed37d7c0373015edd,이벤트 | 뉴스 | 메이플스토리,,,,medium
72d7033a726d6a75329d,이벤트 | 뉴스 | 메이플스토리,,,,medium
cf678944479e891b9195,이벤트 | 뉴스 | 메이플스토리,,,,medium
43d42ebb72b787da14ea,이벤트 | 뉴스 | 메이플스토리,,,,medium
399be5e8b01027b42b3f,이벤트 | 뉴스 | 메이플스토리,,,,medium
a177f8605cbfc40cbcd5,이벤트 | 뉴스 | 메이플스토리,,,,medium
6eb2179895c76766d707,이벤트 | 뉴스 | 메이플스토리,,,,medium
d367ae35a230d9c810c5,이벤트 | 뉴스 | 메이플스토리,,,,medium
85d2a053d7d646d72fd2,이벤트 | 뉴스 | 메이플스토리,,,,medium
904195f01f65623c5f71,이벤트 | 뉴스 | 메이플스토리,,,,medium
86ebff8bf6f5c93cc98a,이벤트 | 뉴스 | 메이플스토리,,,,medium
f5523d7f8afc4c5503d3,이벤트 | 뉴스 | 메이플스토리,,,,medium
905dd3d5414544d1da45,이벤트 | 뉴스 | 메이플스토리,,,,medium
5f2a7e48b469e3aa6bc1,이벤트 | 뉴스 | 메이플스토리,,,,medium
57f0d914706338b3bb40,이벤트 | 뉴스 | 메이플스토리,,,,medium
56c5c8f451a03c2ed7fa,이벤트 | 뉴스 | 메이플스토리,,,,medium
ee92c457f89d3d3a0e9a,이벤트 | 뉴스 | 메이플스토리,,,,medium
96bf16b0b9bbe0ee7496,이벤트 | 뉴스 | 메이플스토리,,,,medium
29fc9d8fa6505a78ec66,이벤트 | 뉴스 | 메이플스토리,,,,medium
28fe88fe30c4323b9f9d,이벤트 | 뉴스 | 메이플스토리,,,,medium
15dd664a7dcd1a6652eb,이벤트 | 뉴스 | 메이플스토리,,,,medium
cf3554562e86447f7a16,이벤트 | 뉴스 | 메이플스토리,,,,medium
7ada334349d106bf8cf0,이벤트 | 뉴스 | 메이플스토리,,,,medium
326dcf3cc8c14795d508,이벤트 | 뉴스 | 메이플스토리,,,,medium
3633c27a500fa513822e,이벤트 | 뉴스 | 메이플스토리,,,,medium
881c66948c1dea958172,이벤트 | 뉴스 | 메이플스토리,,,,medium
e49dcb6c7c6c6b9a301f,이벤트 | 뉴스 | 메이플스토리,,,,medium
82b11e41c2b144139958,이벤트 | 뉴스 | 메이플스토리,,,,medium
6bef02a689930a73ed5d,이벤트 | 뉴스 | 메이플스토리,,,,medium
2844bfa0fcfe0a8db642,이벤트 | 뉴스 | 메이플스토리,,,,medium
5e3f86a7763f04d12eb1,이벤트 | 뉴스 | 메이플스토리,,,,medium
45592d13de2f54476f57,이벤트 | 뉴스 | 메이플스토리,,,,medium
ba2eb5aa879dd7f96806,이벤트 | 뉴스 | 메이플스토리,,,,medium
f95dd24c7671b37f1741,이벤트 | 뉴스 | 메이플스토리,,,,medium
c2ef015c0e21d3925808,이벤트 | 뉴스 | 메이플스토리,,,,medium
4376330b3a75a6588c62,이벤트 | 뉴스 | 메이플스토리,,,,medium
6dac3dcc7909f2a1dd4d,이벤트 | 뉴스 | 메이플스토리,,,,medium
01e13d9ae4850e06c2bd,이벤트 | 뉴스 | 메이플스토리,,,,medium
02ab50a8073be3f7df5f,이벤트 | 뉴스 | 메이플스토리,,,,medium
bf8f79092a41853df605,이벤트 | 뉴스 | 메이플스토리,,,,medium
2f47cc6619039b56241b,이벤트 | 뉴스 | 메이플스토리,,,,medium
69f9a9bbc005b52d995e,이벤트 | 뉴스 | 메이플스토리,,,,medium
9491a2732932beee6c29,이벤트 | 뉴스 | 메이플스토리,,,,medium
bfc5dee158256599eabb,이벤트 | 뉴스 | 메이플스토리,,,,medium
b61627988281e09f4be5,이벤트 | 뉴스 | 메이플스토리,,,,medium
462884448926abaf4c86,이벤트 | 뉴스 | 메이플스토리,,,,medium
535e1212c57b2c2cdf33,이벤트 | 뉴스 | 메이플스토리,,,,medium
0253824edb790f942d0e,이벤트 | 뉴스 | 메이플스토리,,,,medium
8f466dfd47d56cfe69dc,이벤트 | 뉴스 | 메이플스토리,,,,medium
9a50ea864015f3cc5c0b,이벤트 | 뉴스 | 메이플스토리,,,,medium
86cfe504aaa9b33040a7,이벤트 | 뉴스 | 메이플스토리,,,,medium
908347182552a64a4c68,이벤트 | 뉴스 | 메이플스토리,,,,medium
79e22139774d6a316295,이벤트 | 뉴스 | 메이플스토리,,,,medium
18bd2a4a142f68845712,이벤트 | 뉴스 | 메이플스토리,,,,medium
0ca6f8e544b5106c490f,이벤트 | 뉴스 | 메이플스토리,,,,medium
abd3d06613f459b6653c,이벤트 | 뉴스 | 메이플스토리,,,,medium
e333176a9f9ddc336c4a,이벤트 | 뉴스 | 메이플스토리,,,,medium
5df87edf47146088b227,이벤트 | 뉴스 | 메이플스토리,,,,medium
05ad9dd9f07fe2344242,이벤트 | 뉴스 | 메이플스토리,,,,medium
ba6b4c6892f56e3359db,이벤트 | 뉴스 | 메이플스토리,,,,medium
e8a356ca06d30ef13cc0,이벤트 | 뉴스 | 메이플스토리,,,,medium
c63e122f8a65e79a9a26,이벤트 | 뉴스 | 메이플스토리,,,,medium
0aadeea36893d55ae8ad,이벤트 | 뉴스 | 메이플스토리,,,,medium
b9c89a1b8384d400c9bc,이벤트 | 뉴스 | 메이플스토리,,,,medium
49b12f99175afaade313,이벤트 | 뉴스 | 메이플스토리,,,,medium
81b739ea8acfebbbd0f7,이벤트 | 뉴스 | 메이플스토리,,,,medium
bec5d7f1be93b31d1c58,이벤트 | 뉴스 | 메이플스토리,,,,medium
df7832e741f1b591130b,이벤트 | 뉴스 | 메이플스토리,,,,medium
ee976081b175790ec33b,이벤트 | 뉴스 | 메이플스토리,,,,medium
0a21055d5f5229b9a496,이벤트 | 뉴스 | 메이플스토리,,,,medium
5ddbf9ae7392ed59b8e7,이벤트 | 뉴스 | 메이플스토리,,,,medium
05972cc63a751c7b0a09,이벤트 | 뉴스 | 메이플스토리,,,,medium
3798fc4087cfadc44995,이벤트 | 뉴스 | 메이플스토리,,,,medium
3efc3ec14e6b02c6de4c,이벤트 | 뉴스 | 메이플스토리,,,,medium
e6f7384c411d8d557ef6,이벤트 | 뉴스 | 메이플스토리,,,,medium
4061e15cdfb26b73c609,이벤트 | 뉴스 | 메이플스토리,,,,medium
8c0e2331de9b9451a8dd,이벤트 | 뉴스 | 메이플스토리,,,,medium
138b70c163da52cb5931,이벤트 | 뉴스 | 메이플스토리,,,,medium
e0e66dceac392543755e,이벤트 | 뉴스 | 메이플스토리,,,,medium
8ac1f216663b01043070,이벤트 | 뉴스 | 메이플스토리,,,,medium
6bf190818d455c5ee427,이벤트 | 뉴스 | 메이플스토리,,,,medium
981370c04886e0be69c7,이벤트 | 뉴스 | 메이플스토리,,,,medium
21117bb6a24219187e30,이벤트 | 뉴스 | 메이플스토리,,,,medium
8f519bf567d59df0cef2,이벤트 | 뉴스 | 메이플스토리,,,,medium
897c4bc40e7eeed17f4c,이벤트 | 뉴스 | 메이플스토리,,,,medium
8e485db3bfbba27959d7,이벤트 | 뉴스 | 메이플스토리,,,,medium
3b725ff2d68debd86a25,이벤트 | 뉴스 | 메이플스토리,,,,medium
b2b558db523ff1c64f89,이벤트 | 뉴스 | 메이플스토리,,,,medium
8c7c4c0a238f61a8ff89,이벤트 | 뉴스 | 메이플스토리,,,,medium
d541f24363d506fc35e2,이벤트 | 뉴스 | 메이플스토리,,,,medium
603f68ecace60229a577,이벤트 | 뉴스 | 메이플스토리,,,,medium
5d76410c3195fc100055,이벤트 | 뉴스 | 메이플스토리,,,,medium
a0c0ca991027e9f9bdd2,이벤트 | 뉴스 | 메이플스토리,,,,medium
d6b67d90078edc64d8eb,이벤트 | 뉴스 | 메이플스토리,,,,medium
1ef615ebd83065b098c6,이벤트 | 뉴스 | 메이플스토리,,,,medium
07f2a4cc430926e1193b,이벤트 | 뉴스 | 메이플스토리,,,,medium
1f4afb3eb9abb81f14cd,이벤트 | 뉴스 | 메이플스토리,,,,medium
6575c286c18dc5f5ed91,이벤트 | 뉴스 | 메이플스토리,,,,medium
fd823b3a2a3129b2a530,이벤트 | 뉴스 | 메이플스토리,,,,medium
c488b2bed9ef7bdf0bf2,이벤트 | 뉴스 | 메이플스토리,,,,medium
f6a59e4e28b4158d3f01,이벤트 | 뉴스 | 메이플스토리,,,,medium
ebc556477c7012d0999c,이벤트 | 뉴스 | 메이플스토리,,,,medium
742f983833abaf10142c,이벤트 | 뉴스 | 메이플스토리,,,,medium
490204f06a11dee8143e,이벤트 | 뉴스 | 메이플스토리,,,,medium
89c3c866c82870f7e2df,이벤트 | 뉴스 | 메이플스토리,,,,medium
21a10652bfb013abb17a,이벤트 | 뉴스 | 메이플스토리,,,,medium
e23f2638ad0a0a89aa75,이벤트 | 뉴스 | 메이플스토리,,,,medium
fb1591f5f03d2d2d395d,이벤트 | 뉴스 | 메이플스토리,,,,medium
4b373acb57fd27f60fa5,이벤트 | 뉴스 | 메이플스토리,,,,medium
a4cfd27e50f16c293b13,이벤트 | 뉴스 | 메이플스토리,,,,medium
b3888647783c08bfa14e,이벤트 | 뉴스 | 메이플스토리,,,,medium
05f6c35fbf38453e70ec,이벤트 | 뉴스 | 메이플스토리,,,,medium
f202d01943501de76e5c,이벤트 | 뉴스 | 메이플스토리,,,,medium
5758bc6932a7a938a8ba,이벤트 | 뉴스 | 메이플스토리,,,,medium
028c5c9a7c3870bf3997,이벤트 | 뉴스 | 메이플스토리,,,,medium
f9c6d18b0fa9eff8f442,이벤트 | 뉴스 | 메이플스토리,,,,medium
7e8f9777b8c00152ca3f,이벤트 | 뉴스 | 메이플스토리,,,,medium
671d78ecb3f4249204e2,이벤트 | 뉴스 | 메이플스토리,,,,medium
79eda9f8757a1a92ba46,이벤트 | 뉴스 | 메이플스토리,,,,medium
4fad88ad67cf45bbcfa5,이벤트 | 뉴스 | 메이플스토리,,,,medium
ea073b145942ec585db9,이벤트 | 뉴스 | 메이플스토리,,,,medium
9baa9f42d4a06c25fd31,이벤트 | 뉴스 | 메이플스토리,,,,medium
7625e4a8a04ba32a8367,이벤트 | 뉴스 | 메이플스토리,,,,medium
1fd2d63b0fd3b783af40,이벤트 | 뉴스 | 메이플스토리,,,,medium
698331456712e14fe0d4,이벤트 | 뉴스 | 메이플스토리,,,,medium
1df7493ad0c6ffe4f12b,이벤트 | 뉴스 | 메이플스토리,,,,medium
e68fe6ca041e7d96b59d,이벤트 | 뉴스 | 메이플스토리,,,,medium
86d627090ad8882666a0,이벤트 | 뉴스 | 메이플스토리,,,,medium
ea51f790121f6f7db022,이벤트 | 뉴스 | 메이플스토리,,,,medium
8d74cb2c41c7de58b723,이벤트 | 뉴스 | 메이플스토리,,,,medium
51cce0573680a552d1b1,이벤트 | 뉴스 | 메이플스토리,,,,medium
e6908398cf8fa0b86e91,이벤트 | 뉴스 | 메이플스토리,,,,medium
646af9e219c9d4a652b5,이벤트 | 뉴스 | 메이플스토리,,,,medium
200ccf2a058b58e72479,이벤트 | 뉴스 | 메이플스토리,,,,medium
bd0158d02d0b08e0f10a,이벤트 | 뉴스 | 메이플스토리,,,,medium
cad1d3ac30d09fc01304,이벤트 | 뉴스 | 메이플스토리,,,,medium
5d964a33c369ae5443be,이벤트 | 뉴스 | 메이플스토리,,,,medium
0af397e6e25510c56f6e,이벤트 | 뉴스 | 메이플스토리,,,,medium
c00816413e3f7e75d79f,이벤트 | 뉴스 | 메이플스토리,,,,medium
19c8cb87ef2aed610fe9,이벤트 | 뉴스 | 메이플스토리,,,,medium
613fc3b2a97990692053,이벤트 | 뉴스 | 메이플스토리,,,,medium
bee4937ba3b43810b9a2,이벤트 | 뉴스 | 메이플스토리,,,,medium
606ba75646cf9128b7fd,이벤트 | 뉴스 | 메이플스토리,,,,medium
e77d9ef5333c0bc3e1d6,이벤트 | 뉴스 | 메이플스토리,,,,medium
eb71888e53f42296b3f5,이벤트 | 뉴스 | 메이플스토리,,,,medium
7cfa2c0b8957610e2ef1,이벤트 | 뉴스 | 메이플스토리,,,,medium
bc90aa0dc325deb1c743,이벤트 | 뉴스 | 메이플스토리,,,,medium
7c5885d57b294b13d956,이벤트 | 뉴스 | 메이플스토리,,,,medium
b15847d5d4be2fa51a10,이벤트 | 뉴스 | 메이플스토리,,,,medium
5a30b0f829acea46cf22,이벤트 | 뉴스 | 메이플스토리,,,,medium
2e7b45b68180a9a3c106,이벤트 | 뉴스 | 메이플스토리,,,,medium
cc48e2d705903d9bdf59,이벤트 | 뉴스 | 메이플스토리,,,,medium
fff7884ba8a6346f644c,이벤트 | 뉴스 | 메이플스토리,,,,medium
9478e6018ec47c8c4f9a,이벤트 | 뉴스 | 메이플스토리,,,,medium
e4c905e31cfd09787fc6,이벤트 | 뉴스 | 메이플스토리,,,,medium
faab0ddef80521c4f220,이벤트 | 뉴스 | 메이플스토리,,,,medium
a40a8f8d706d90b3cea4,이벤트 | 뉴스 | 메이플스토리,,,,medium
fa27cc87afb5b2eca169,이벤트 | 뉴스 | 메이플스토리,,,,medium
c432a4c4ef1baccea1d6,이벤트 | 뉴스 | 메이플스토리,,,,medium
79b0337cfd23f8cf042f,이벤트 | 뉴스 | 메이플스토리,,,,medium
f5919813395d92bccf3b,이벤트 | 뉴스 | 메이플스토리,,,,medium
3034ab45f86ce0a9f9e0,이벤트 | 뉴스 | 메이플스토리,,,,medium
3f9fc9f7dd9b4926b833,이벤트 | 뉴스 | 메이플스토리,,,,medium
63d7ac4d5e59f583ccc5,이벤트 | 뉴스 | 메이플스토리,,,,medium
6ee943212dfb2d428d4a,이벤트 | 뉴스 | 메이플스토리,,,,medium
85578f2f27c7dce8d177,이벤트 | 뉴스 | 메이플스토리,,,,medium
c57a53e924482e9ad011,이벤트 | 뉴스 | 메이플스토리,,,,medium
32b61dc7e93992b24c08,이벤트 | 뉴스 | 메이플스토리,,,,medium
147454eec5cc85c5c36d,이벤트 | 뉴스 | 메이플스토리,,,,medium
53407ab76bbe9a3d3bca,이벤트 | 뉴스 | 메이플스토리,,,,medium
1cd0a9f2c1f15a89cf3f,이벤트 | 뉴스 | 메이플스토리,,,,medium
0c20a242a7ef7ac7eb22,이벤트 | 뉴스 | 메이플스토리,,,,medium
577e84318fbc45ffdc99,이벤트 | 뉴스 | 메이플스토리,,,,medium
517afdae883bac49f8b1,이벤트 | 뉴스 | 메이플스토리,,,,medium
7f1de90ed3aebe94717a,이벤트 | 뉴스 | 메이플스토리,,,,medium
3df914a6d03929b82ef1,이벤트 | 뉴스 | 메이플스토리,,,,medium
02040fe6a159d3be56e5,이벤트 | 뉴스 | 메이플스토리,,,,medium
e1c1b87ba77c9d9823cf,이벤트 | 뉴스 | 메이플스토리,,,,medium
5d422232a09f103facb8,이벤트 | 뉴스 | 메이플스토리,,,,medium
b8344f9e9cc9441ed8a5,이벤트 | 뉴스 | 메이플스토리,,,,medium
3bbe97f3756ace16c642,이벤트 | 뉴스 | 메이플스토리,,,,medium
20369451e0ea8995ee6d,이벤트 | 뉴스 | 메이플스토리,,,,medium
252323ec9cca1f0ab13f,이벤트 | 뉴스 | 메이플스토리,,,,medium
14216180806697a198b9,이벤트 | 뉴스 | 메이플스토리,,,,medium
053a64c5d8981a12f75b,이벤트 | 뉴스 | 메이플스토리,,,,medium
da69a255c480d1a04ab8,이벤트 | 뉴스 | 메이플스토리,,,,medium
2f3809316ee6864b7083,이벤트 | 뉴스 | 메이플스토리,,,,medium
1449c7e58bdc45f539d1,이벤트 | 뉴스 | 메이플스토리,,,,medium
8bd26b9165f68f874b36,이벤트 | 뉴스 | 메이플스토리,,,,medium
559d6d247ab653a98b02,이벤트 | 뉴스 | 메이플스토리,,,,medium
afee98f3b428b47e9c1b,이벤트 | 뉴스 | 메이플스토리,,,,medium
9876874dc516dcb3e556,이벤트 | 뉴스 | 메이플스토리,,,,medium
76633e6adbcd7e00705a,이벤트 | 뉴스 | 메이플스토리,,,,medium
2129a1a9a18385ebbc45,이벤트 | 뉴스 | 메이플스토리,,,,medium
cac0b226f5014612618c,이벤트 | 뉴스 | 메이플스토리,,,,medium
589f83e065440eccdb99,이벤트 | 뉴스 | 메이플스토리,,,,medium
878f0316de7abce2d90e,이벤트 | 뉴스 | 메이플스토리,,,,medium
65b7b6442a402714d8bc,이벤트 | 뉴스 | 메이플스토리,,,,medium
899e0f476146e088d26a,이벤트 | 뉴스 | 메이플스토리,,,,medium
1b78a31f541fea9a38a4,이벤트 | 뉴스 | 메이플스토리,,,,medium
efd857a0df2f98d63613,이벤트 | 뉴스 | 메이플스토리,,,,medium
6432d88bfb661131620a,이벤트 | 뉴스 | 메이플스토리,,,,medium
9fca9a187e53900f9bb3,이벤트 | 뉴스 | 메이플스토리,,,,medium
27bc851678a3489cc691,이벤트 | 뉴스 | 메이플스토리,,,,medium
b0ffb1c60207f010590d,이벤트 | 뉴스 | 메이플스토리,,,,medium
6212ecfa410ba618fb77,이벤트 | 뉴스 | 메이플스토리,,,,medium
0fde0b3a9dba853c2715,이벤트 | 뉴스 | 메이플스토리,,,,medium
960f8e6ce48a567bf599,이벤트 | 뉴스 | 메이플스토리,,,,medium
382e8d7efa47ae508870,이벤트 | 뉴스 | 메이플스토리,,,,medium
86abafae1acb165b8e9a,이벤트 | 뉴스 | 메이플스토리,,,,medium
488625485bc3785b26d5,이벤트 | 뉴스 | 메이플스토리,,,,medium
357f8238fe9de8d3fd4e,이벤트 | 뉴스 | 메이플스토리,,,,medium
8985ed9c3c8f11f80677,이벤트 | 뉴스 | 메이플스토리,,,,medium
30323833e3edfa7d3c7b,이벤트 | 뉴스 | 메이플스토리,,,,medium
b4b649497b54984ac0af,이벤트 | 뉴스 | 메이플스토리,,,,medium
6a3bcf922cbc2a3bc3f1,이벤트 | 뉴스 | 메이플스토리,,,,medium
d97fa3a577e7ad0073bc,이벤트 | 뉴스 | 메이플스토리,,,,medium
b8c22e5ea8a9bc99b82f,이벤트 | 뉴스 | 메이플스토리,,,,medium
99269adb13a701aad33d,이벤트 | 뉴스 | 메이플스토리,,,,medium
c0944986a7f257388cfe,이벤트 | 뉴스 | 메이플스토리,,,,medium
962f83397f0196309c25,이벤트 | 뉴스 | 메이플스토리,,,,medium
7f9a0380794dc31554ff,이벤트 | 뉴스 | 메이플스토리,,,,medium
8815eff5e3db0cfeb7a6,이벤트 | 뉴스 | 메이플스토리,,,,medium
e60b0f3e8fdcee53796e,이벤트 | 뉴스 | 메이플스토리,,,,medium
b1e6182c5e409c1585c6,이벤트 | 뉴스 | 메이플스토리,,,,medium
0528769172cdf05adb51,이벤트 | 뉴스 | 메이플스토리,,,,medium
c9892f028a3072517424,이벤트 | 뉴스 | 메이플스토리,,,,medium
c356a89e6f52efd2e0c6,이벤트 | 뉴스 | 메이플스토리,,,,medium
a5b57b935887280a2698,이벤트 | 뉴스 | 메이플스토리,,,,medium
7412ddf9f1d26d2a9aad,이벤트 | 뉴스 | 메이플스토리,,,,medium
1b144684d3568d3d30f3,이벤트 | 뉴스 | 메이플스토리,,,,medium
c97c763bf50e040fca78,이벤트 | 뉴스 | 메이플스토리,,,,medium
217153b39be4d0a470d5,이벤트 | 뉴스 | 메이플스토리,,,,medium
9e13819b0b3b2e3e9858,이벤트 | 뉴스 | 메이플스토리,,,,medium
8c54d8a033e1b9ec45da,이벤트 | 뉴스 | 메이플스토리,,,,medium
d33e1a679d2a8604501b,이벤트 | 뉴스 | 메이플스토리,,,,medium
0a0906e550df4e4fe3dc,이벤트 | 뉴스 | 메이플스토리,,,,medium
43c4f395689358f64a8d,이벤트 | 뉴스 | 메이플스토리,,,,medium
cdf17b6e08714109964a,이벤트 | 뉴스 | 메이플스토리,,,,medium
9bbf64f05578deaa2e3b,이벤트 | 뉴스 | 메이플스토리,,,,medium
7cec0afe8f7c0fd3f9f7,이벤트 | 뉴스 | 메이플스토리,,,,medium
a255197b1e90b877abe0,이벤트 | 뉴스 | 메이플스토리,,,,medium
59c5930866dfef4a3258,이벤트 | 뉴스 | 메이플스토리,,,,medium
64bb79c53102706c7805,이벤트 | 뉴스 | 메이플스토리,,,,medium
591cf373eaae6eed3ee6,이벤트 | 뉴스 | 메이플스토리,,,,medium
c339041c10c3e1d6039e,이벤트 | 뉴스 | 메이플스토리,,,,medium
0a40699bdb7e19a647cc,이벤트 | 뉴스 | 메이플스토리,,,,medium
87ed574e307a473f7577,이벤트 | 뉴스 | 메이플스토리,,,,medium
90583995a3f9d49d96b8,이벤트 | 뉴스 | 메이플스토리,,,,medium
29109f50405d8e88de28,이벤트 | 뉴스 | 메이플스토리,,,,medium
dfa2707fd9c59e5024d1,이벤트 | 뉴스 | 메이플스토리,,,,medium
10fd44065faeb27c022d,이벤트 | 뉴스 | 메이플스토리,,,,medium
b2e2736a79703a861ff5,이벤트 | 뉴스 | 메이플스토리,,,,medium
fbe5238c24788917d96a,이벤트 | 뉴스 | 메이플스토리,,,,medium
4e18e71fcfc5d9aecb80,이벤트 | 뉴스 | 메이플스토리,,,,medium
b001ebb15866a0a6f097,이벤트 | 뉴스 | 메이플스토리,,,,medium
9692f662868afb617728,이벤트 | 뉴스 | 메이플스토리,,,,medium
73c775a7b50c9e8e5b67,이벤트 | 뉴스 | 메이플스토리,,,,medium
5a0aa2766c4b8d82245e,이벤트 | 뉴스 | 메이플스토리,,,,medium
e6f0fdb4cdaf23350b5f,이벤트 | 뉴스 | 메이플스토리,,,,medium
49057a5879d5a2ad55af,이벤트 | 뉴스 | 메이플스토리,,,,medium
29b77f8516ba407a4a83,이벤트 | 뉴스 | 메이플스토리,,,,medium
e46b98a549e03251cfb2,이벤트 | 뉴스 | 메이플스토리,,,,medium
22d4ff5a212f5340bf59,이벤트 | 뉴스 | 메이플스토리,,,,medium
fc17dfdf9492f147c93c,이벤트 | 뉴스 | 메이플스토리,,,,medium
f63b6840096ea2a30297,이벤트 | 뉴스 | 메이플스토리,,,,medium
170ec50514f3013b4aaf,이벤트 | 뉴스 | 메이플스토리,,,,medium
54c428bb9b2c941d91ab,이벤트 | 뉴스 | 메이플스토리,,,,medium
7fb0797e46bc68761c0b,이벤트 | 뉴스 | 메이플스토리,,,,medium
89422d2720860615ac0f,이벤트 | 뉴스 | 메이플스토리,,,,medium
2618815fcf308ce926ac,이벤트 | 뉴스 | 메이플스토리,,,,medium
4d7028a156e34c3f24f2,이벤트 | 뉴스 | 메이플스토리,,,,medium
06b98da947e24b1dbde7,이벤트 | 뉴스 | 메이플스토리,,,,medium
89555c434608a50181bb,이벤트 | 뉴스 | 메이플스토리,,,,medium
234bb27f2a4bf1bc358a,이벤트 | 뉴스 | 메이플스토리,,,,medium
41d88fa8e68dbed2171d,이벤트 | 뉴스 | 메이플스토리,,,,medium
be051e4320aaac040972,이벤트 | 뉴스 | 메이플스토리,,,,medium
2aed917fd609510d28ce,이벤트 | 뉴스 | 메이플스토리,,,,medium
0baa189ab1b9b59525ac,이벤트 | 뉴스 | 메이플스토리,,,,medium
58fac266973fcd826fc7,이벤트 | 뉴스 | 메이플스토리,,,,medium
26d6f978ccd2165e066e,이벤트 | 뉴스 | 메이플스토리,,,,medium
f49f6a5e132fcac50c39,이벤트 | 뉴스 | 메이플스토리,,,,medium
252a87d12fda716aec90,이벤트 | 뉴스 | 메이플스토리,,,,medium
814ab3dd589c3928c1f0,이벤트 | 뉴스 | 메이플스토리,,,,medium
49b74ff9d13ecfbbd447,이벤트 | 뉴스 | 메이플스토리,,,,medium
71767b3271f1c049421d,이벤트 | 뉴스 | 메이플스토리,,,,medium
bbc49a65e62cb7d6b9f1,이벤트 | 뉴스 | 메이플스토리,,,,medium
37e66166f59b2abd60cf,이벤트 | 뉴스 | 메이플스토리,,,,medium
06b1b577ab641268a9c3,이벤트 | 뉴스 | 메이플스토리,,,,medium
43b2ea2ea70bc28a4f44,이벤트 | 뉴스 | 메이플스토리,,,,medium
5ea46a5c0c4268eb7945,이벤트 | 뉴스 | 메이플스토리,,,,medium
39fd0a01193d51c8c04d,이벤트 | 뉴스 | 메이플스토리,,,,medium
21601bb4cecbbb082f4b,이벤트 | 뉴스 | 메이플스토리,,,,medium
a9e04a427f4ddc8a8742,이벤트 | 뉴스 | 메이플스토리,,,,medium
4198c615429f93974c53,이벤트 | 뉴스 | 메이플스토리,,,,medium
b3dedb36079e8e80aaa3,이벤트 | 뉴스 | 메이플스토리,,,,medium
db921cf4d1b66ed58283,이벤트 | 뉴스 | 메이플스토리,,,,medium
e2a6daa27a2fc7f36c3f,이벤트 | 뉴스 | 메이플스토리,,,,medium
090983a85ac47fefb5c0,이벤트 | 뉴스 | 메이플스토리,,,,medium
9aac7923a56ed2a6a463,이벤트 | 뉴스 | 메이플스토리,,,,medium
cefdf48d333986ebbd44,이벤트 | 뉴스 | 메이플스토리,,,,medium
ef814157bdfe92fc8710,이벤트 | 뉴스 | 메이플스토리,,,,medium
ffd417f42e2bfa3f1cdd,이벤트 | 뉴스 | 메이플스토리,,,,medium
eab5219e3293a829d196,이벤트 | 뉴스 | 메이플스토리,,,,medium
68b2b8af02b4d24aa042,이벤트 | 뉴스 | 메이플스토리,,,,medium
963f216a8d0d2049db82,이벤트 | 뉴스 | 메이플스토리,,,,medium
d6642411d27e92e5d803,이벤트 | 뉴스 | 메이플스토리,,,,medium
543472830506751c0d58,이벤트 | 뉴스 | 메이플스토리,,,,medium
30914646c5e330d6898e,이벤트 | 뉴스 | 메이플스토리,,,,medium
94d283d21c0087e57e06,이벤트 | 뉴스 | 메이플스토리,,,,medium
d44808d769692b75edc0,이벤트 | 뉴스 | 메이플스토리,,,,medium
1e5aa97c2d7c5ec0aed6,이벤트 | 뉴스 | 메이플스토리,,,,medium
99de6ec4f17c5043b242,이벤트 | 뉴스 | 메이플스토리,,,,medium
7928c5c9578733ea3729,이벤트 | 뉴스 | 메이플스토리,,,,medium
265ce2acec94c4bb870f,이벤트 | 뉴스 | 메이플스토리,,,,medium
c5fde3ae2575e306991b,이벤트 | 뉴스 | 메이플스토리,,,,medium
f1595b4a787d72c0a1d8,이벤트 | 뉴스 | 메이플스토리,,,,medium
45798e264ece1b6811e6,이벤트 | 뉴스 | 메이플스토리,,,,medium
0709e2923c80e3b66b9b,이벤트 | 뉴스 | 메이플스토리,,,,medium
0f54df999403e1b68e2b,이벤트 | 뉴스 | 메이플스토리,,,,medium
8129035e34b1b0911d1f,이벤트 | 뉴스 | 메이플스토리,,,,medium
e595d34f5bc8420ea7ba,이벤트 | 뉴스 | 메이플스토리,,,,medium
a0c6b305c66795d1b5ef,이벤트 | 뉴스 | 메이플스토리,,,,medium
fe914279a9fa944d97e0,이벤트 | 뉴스 | 메이플스토리,,,,medium
001c025db98062d3f9fe,이벤트 | 뉴스 | 메이플스토리,,,,medium
e500fde800555172a123,이벤트 | 뉴스 | 메이플스토리,,,,medium
1d53a10c3b045ebf965b,이벤트 | 뉴스 | 메이플스토리,,,,medium
6bcc2f5265aa4a7f61d0,이벤트 | 뉴스 | 메이플스토리,,,,medium
f85887327207fcd749c0,이벤트 | 뉴스 | 메이플스토리,,,,medium
157ad3029fc6de3d18ff,이벤트 | 뉴스 | 메이플스토리,,,,medium
822f201106d19518eee8,이벤트 | 뉴스 | 메이플스토리,,,,medium
9b001f0e2ac5bfc720ee,이벤트 | 뉴스 | 메이플스토리,,,,medium
714d5c56126caae5a667,이벤트 | 뉴스 | 메이플스토리,,,,medium
b19383633a5037c2d914,이벤트 | 뉴스 | 메이플스토리,,,,medium
6843fb52867d69052961,이벤트 | 뉴스 | 메이플스토리,,,,medium
d12818dd9e475e137d92,이벤트 | 뉴스 | 메이플스토리,,,,medium
c9c07470d0cf9d292050,이벤트 | 뉴스 | 메이플스토리,,,,medium
ea99745e1b65e3eead5a,이벤트 | 뉴스 | 메이플스토리,,,,medium
5d4aa107d64163231321,이벤트 | 뉴스 | 메이플스토리,,,,medium
25bab0fa91430c02d562,이벤트 | 뉴스 | 메이플스토리,,,,medium
8b4f08211138c83805d4,이벤트 | 뉴스 | 메이플스토리,,,,medium
6f6ae5281e3987b95ff0,이벤트 | 뉴스 | 메이플스토리,,,,medium
3393615363b3d62162e0,이벤트 | 뉴스 | 메이플스토리,,,,medium
a63540b4e89d13fcac47,이벤트 | 뉴스 | 메이플스토리,,,,medium
cfd32fef10aed1940220,이벤트 | 뉴스 | 메이플스토리,,,,medium
cd5bace493fd53674e3b,이벤트 | 뉴스 | 메이플스토리,,,,medium
4392764bfff2975cd07e,이벤트 | 뉴스 | 메이플스토리,,,,medium
0b70d825ae570bc92b93,이벤트 | 뉴스 | 메이플스토리,,,,medium
23c95080bab6c92470a3,이벤트 | 뉴스 | 메이플스토리,,,,medium
14d218f1d4a0e3490e26,이벤트 | 뉴스 | 메이플스토리,,,,medium
c95aff619b892756f684,이벤트 | 뉴스 | 메이플스토리,,,,medium
a16abc533b7db8b4ceb8,이벤트 | 뉴스 | 메이플스토리,,,,medium
08eea94f019271a15014,이벤트 | 뉴스 | 메이플스토리,,,,medium
955f25a8792bcf47f9ec,이벤트 | 뉴스 | 메이플스토리,,,,medium
8716b2dc7d34bf54732e,이벤트 | 뉴스 | 메이플스토리,,,,medium
cdf7790325e127987601,이벤트 | 뉴스 | 메이플스토리,,,,medium
71afa0199b2fd8a76587,이벤트 | 뉴스 | 메이플스토리,,,,medium
dea78ef56d2ad97194b6,이벤트 | 뉴스 | 메이플스토리,,,,medium
0e0a3830c2a1ab9d9ffc,이벤트 | 뉴스 | 메이플스토리,,,,medium
3d5da0e77b41963aa0fb,이벤트 | 뉴스 | 메이플스토리,,,,medium
9fdd52c955942dda0056,이벤트 | 뉴스 | 메이플스토리,,,,medium
4be1b08b4587d5edcad3,이벤트 | 뉴스 | 메이플스토리,,,,medium
0a10d116beca901226c2,이벤트 | 뉴스 | 메이플스토리,,,,medium
b2d41300f54ab3caf539,이벤트 | 뉴스 | 메이플스토리,,,,medium
61efd1f61df4b425121a,이벤트 | 뉴스 | 메이플스토리,,,,medium
f124c3ced826a9f0daa8,이벤트 | 뉴스 | 메이플스토리,,,,medium
b43edea50f536eea9a26,이벤트 | 뉴스 | 메이플스토리,,,,medium
129c0dbe3a6075f6ad2d,이벤트 | 뉴스 | 메이플스토리,,,,medium
e734ffa1f38a03216519,이벤트 | 뉴스 | 메이플스토리,,,,medium
9ca9c7291fbfe03122ef,이벤트 | 뉴스 | 메이플스토리,,,,medium
974a08b40929e2683685,이벤트 | 뉴스 | 메이플스토리,,,,medium
2cf9eaa9a9313793b64e,이벤트 | 뉴스 | 메이플스토리,,,,medium
220c7702055c21feda82,이벤트 | 뉴스 | 메이플스토리,,,,medium
d6b66b3c26a58a4cf9e4,이벤트 | 뉴스 | 메이플스토리,,,,medium
fbd672cdecf47e7a2bfe,이벤트 | 뉴스 | 메이플스토리,,,,medium
8f98e5cecf7a8296b35b,이벤트 | 뉴스 | 메이플스토리,,,,medium
85547997c147e85c3296,이벤트 | 뉴스 | 메이플스토리,,,,medium
d580fc6966af78634d56,이벤트 | 뉴스 | 메이플스토리,,,,medium
2576618bde9ab49fe385,이벤트 | 뉴스 | 메이플스토리,,,,medium
6502e3b038249e4c5154,이벤트 | 뉴스 | 메이플스토리,,,,medium
6367f2e02935159b26be,이벤트 | 뉴스 | 메이플스토리,,,,medium
85bddad043570f95ac49,이벤트 | 뉴스 | 메이플스토리,,,,medium
cf340f5ad24a45067dc1,이벤트 | 뉴스 | 메이플스토리,,,,medium
2d459888a728a5789969,이벤트 | 뉴스 | 메이플스토리,,,,medium
30cfd8cc88987160ddb5,이벤트 | 뉴스 | 메이플스토리,,,,medium
f5438ac45173f0ec24ac,이벤트 | 뉴스 | 메이플스토리,,,,medium
3802baa60666d1977ca7,이벤트 | 뉴스 | 메이플스토리,,,,medium
f1f75a16d5e835b5446e,이벤트 | 뉴스 | 메이플스토리,,,,medium
08989649027a11b958e4,이벤트 | 뉴스 | 메이플스토리,,,,medium
9e06be14dac33cd9a203,이벤트 | 뉴스 | 메이플스토리,,,,medium
ac8d768cfdf2461f9bf3,이벤트 | 뉴스 | 메이플스토리,,,,medium
97ea8ec82b214a6c5279,이벤트 | 뉴스 | 메이플스토리,,,,medium
eb1fb414b364b252f44b,이벤트 | 뉴스 | 메이플스토리,,,,medium
2ea5c6f9f7c83f58e5cf,이벤트 | 뉴스 | 메이플스토리,,,,medium
24d8ffd2021138eacdc5,이벤트 | 뉴스 | 메이플스토리,,,,medium
a9e01d27eb21cb8df7fb,이벤트 | 뉴스 | 메이플스토리,,,,medium
e8119d791ce53edba426,이벤트 | 뉴스 | 메이플스토리,,,,medium
0a2ea093a8c8931e29e4,이벤트 | 뉴스 | 메이플스토리,,,,medium
5cc48b321eecd41c2f9c,이벤트 | 뉴스 | 메이플스토리,,,,medium
fef2bffe493d8829c99c,이벤트 | 뉴스 | 메이플스토리,,,,medium
2172972eb5b5cd637595,이벤트 | 뉴스 | 메이플스토리,,,,medium
a48298983470ffcdb522,이벤트 | 뉴스 | 메이플스토리,,,,medium
9edc29026be3cd3c2f24,이벤트 | 뉴스 | 메이플스토리,,,,medium
c96fbedfdc251be0ecbd,이벤트 | 뉴스 | 메이플스토리,,,,medium
ba9c84c35d8d360099cd,이벤트 | 뉴스 | 메이플스토리,,,,medium
731fe427caab64b2df43,이벤트 | 뉴스 | 메이플스토리,,,,medium
cae54ae614d5eb1f53f6,이벤트 | 뉴스 | 메이플스토리,,,,medium
7e592bb9d315a10712c3,이벤트 | 뉴스 | 메이플스토리,,,,medium
f2a5207af6561de52ae8,이벤트 | 뉴스 | 메이플스토리,,,,medium
f844b67521b4fe1d3f32,이벤트 | 뉴스 | 메이플스토리,,,,medium
bf90b816a14493700ac5,이벤트 | 뉴스 | 메이플스토리,,,,medium
013c266d7fe479afc459,이벤트 | 뉴스 | 메이플스토리,,,,medium
8a6022baf7809555466b,이벤트 | 뉴스 | 메이플스토리,,,,medium
78ebfd756e1e223df502,이벤트 | 뉴스 | 메이플스토리,,,,medium
cfcad8186cf9823e9d80,이벤트 | 뉴스 | 메이플스토리,,,,medium
3a3718cf91175de99109,이벤트 | 뉴스 | 메이플스토리,,,,medium
f7d88dcbe7d44d83ae17,이벤트 | 뉴스 | 메이플스토리,,,,medium
df8c4fb18bf7c4c0869a,이벤트 | 뉴스 | 메이플스토리,,,,medium
3658bbcd0c5c67a85b13,이벤트 | 뉴스 | 메이플스토리,,,,medium
2c497112673727c0b693,이벤트 | 뉴스 | 메이플스토리,,,,medium
a83315ccedeff54c64ad,이벤트 | 뉴스 | 메이플스토리,,,,medium
d115162d6a66654ea1b2,이벤트 | 뉴스 | 메이플스토리,,,,medium
b8594e591a286a9cc004,이벤트 | 뉴스 | 메이플스토리,,,,medium
e37b2faf99f02f5472d3,이벤트 | 뉴스 | 메이플스토리,,,,medium
9677fdabe0dd466f3c3c,이벤트 | 뉴스 | 메이플스토리,,,,medium
97ef9712c73d5fb7f22b,이벤트 | 뉴스 | 메이플스토리,,,,medium
f8ca738f0ffd28194f6a,이벤트 | 뉴스 | 메이플스토리,,,,medium
242c980c0652c78d46b3,이벤트 | 뉴스 | 메이플스토리,,,,medium
b576808b360d7e45b173,이벤트 | 뉴스 | 메이플스토리,,,,medium
7a722bfa82165d7100be,이벤트 | 뉴스 | 메이플스토리,,,,medium
9cbe45dcb31df0749281,이벤트 | 뉴스 | 메이플스토리,,,,medium
710bb74429e75735867b,이벤트 | 뉴스 | 메이플스토리,,,,medium
a58557ed36ccf43ae7a7,이벤트 | 뉴스 | 메이플스토리,,,,medium
cc4e1b731fbf9dd7f394,이벤트 | 뉴스 | 메이플스토리,,,,medium
5c444a6268835597c0f7,이벤트 | 뉴스 | 메이플스토리,,,,medium
14ffa5ed7b20a593be63,이벤트 | 뉴스 | 메이플스토리,,,,medium
2f6a3aff23d350551673,이벤트 | 뉴스 | 메이플스토리,,,,medium
59c9b130f318c8b431f5,이벤트 | 뉴스 | 메이플스토리,,,,medium
8b5987fccc5c4aba600d,이벤트 | 뉴스 | 메이플스토리,,,,medium
5bf7e43f24cbc14e91ed,이벤트 | 뉴스 | 메이플스토리,,,,medium
448b3ca575abd6bb5942,이벤트 | 뉴스 | 메이플스토리,,,,medium
2a4bfe2cafc4eca46eb3,이벤트 | 뉴스 | 메이플스토리,,,,medium
568bba857a8cb006759f,이벤트 | 뉴스 | 메이플스토리,,,,medium
2065a7005aab8ad32607,이벤트 | 뉴스 | 메이플스토리,,,,medium
9faa790a21edf997969d,이벤트 | 뉴스 | 메이플스토리,,,,medium
ed0d5caea85b49170b6d,이벤트 | 뉴스 | 메이플스토리,,,,medium
102ee947bf4d104942ee,이벤트 | 뉴스 | 메이플스토리,,,,medium
49a194653a86ee91abb3,이벤트 | 뉴스 | 메이플스토리,,,,medium
84a59513cd2af9e99d76,이벤트 | 뉴스 | 메이플스토리,,,,medium
f3ba7dab1d26081e5b2d,이벤트 | 뉴스 | 메이플스토리,,,,medium
43fdd33679bcacdec5f4,이벤트 | 뉴스 | 메이플스토리,,,,medium
a588d30212a3e56cf847,이벤트 | 뉴스 | 메이플스토리,,,,medium
4bedb1be78541cc523c3,이벤트 | 뉴스 | 메이플스토리,,,,medium
fc0360c286732081e93f,이벤트 | 뉴스 | 메이플스토리,,,,medium
1868344cc9ab871b71ac,이벤트 | 뉴스 | 메이플스토리,,,,medium
c3f1892d5f0e6316fa39,이벤트 | 뉴스 | 메이플스토리,,,,medium
568aafd5393b972002cc,이벤트 | 뉴스 | 메이플스토리,,,,medium
06393469a0f9befaa6dd,이벤트 | 뉴스 | 메이플스토리,,,,medium
848900bca905e7c12f17,이벤트 | 뉴스 | 메이플스토리,,,,medium
094c11e0937ca2f6c442,이벤트 | 뉴스 | 메이플스토리,,,,medium
595c318c8d491ef1fdf1,이벤트 | 뉴스 | 메이플스토리,,,,medium
79e7dfb46122bf7dd73c,이벤트 | 뉴스 | 메이플스토리,,,,medium
c5a17c54310d2ab50854,이벤트 | 뉴스 | 메이플스토리,,,,medium
cc1da99b3887ada64ff9,이벤트 | 뉴스 | 메이플스토리,,,,medium
bfc45a1b8a535d0246f4,이벤트 | 뉴스 | 메이플스토리,,,,medium
a5c1d3602ef6163a8fc5,이벤트 | 뉴스 | 메이플스토리,,,,medium
7cc057d6c2f594da7508,이벤트 | 뉴스 | 메이플스토리,,,,medium
52c8d23dbfc522ec4641,이벤트 | 뉴스 | 메이플스토리,,,,medium
38843804f22bc5906d47,이벤트 | 뉴스 | 메이플스토리,,,,medium
de89e7fc25f67cc43150,이벤트 | 뉴스 | 메이플스토리,,,,medium
001b4a3fb335f61d3bf0,이벤트 | 뉴스 | 메이플스토리,,,,medium
d24af564a88a6c581052,이벤트 | 뉴스 | 메이플스토리,,,,medium
36d8d8aa775ebc029874,이벤트 | 뉴스 | 메이플스토리,,,,medium
f72e51c023f7622870ff,이벤트 | 뉴스 | 메이플스토리,,,,medium
e87857415d2ccfec2072,이벤트 | 뉴스 | 메이플스토리,,,,medium
83a9c9df2d09bf2636fd,이벤트 | 뉴스 | 메이플스토리,,,,medium
ceb20f2242337659a373,이벤트 | 뉴스 | 메이플스토리,,,,medium
6a8e29249de78daa22ad,이벤트 | 뉴스 | 메이플스토리,,,,medium
a95f578b7a51acc30b97,이벤트 | 뉴스 | 메이플스토리,,,,medium
e94cccabd4c74de5405d,이벤트 | 뉴스 | 메이플스토리,,,,medium
c05d54ad9566feb54489,이벤트 | 뉴스 | 메이플스토리,,,,medium
a9d08b5fa299d87f01eb,이벤트 | 뉴스 | 메이플스토리,,,,medium
ae3e38bdc80ad81ae475,이벤트 | 뉴스 | 메이플스토리,,,,medium
8fda7853fcd4c27bc212,이벤트 | 뉴스 | 메이플스토리,,,,medium
8b88397e0b5f8efa9a08,이벤트 | 뉴스 | 메이플스토리,,,,medium
f972646f0d669edcf12a,이벤트 | 뉴스 | 메이플스토리,,,,medium
cd7a4a9b50ee3a98875d,이벤트 | 뉴스 | 메이플스토리,,,,medium
136e081b9dcd03eb5378,이벤트 | 뉴스 | 메이플스토리,,,,medium
fbac5c9d1f62c2f23581,이벤트 | 뉴스 | 메이플스토리,,,,medium
ae6bd49b5534adf302d0,이벤트 | 뉴스 | 메이플스토리,,,,medium
7e34d98afc7ed4d21eac,이벤트 | 뉴스 | 메이플스토리,,,,medium
2ff5a2cd5ec2e7726016,이벤트 | 뉴스 | 메이플스토리,,,,medium
50ac0cce0bb6ee440008,이벤트 | 뉴스 | 메이플스토리,,,,medium
54e2090b052a71c56e92,이벤트 | 뉴스 | 메이플스토리,,,,medium
d8b9e556fc2264209329,이벤트 | 뉴스 | 메이플스토리,,,,medium
4d74a880d470b074f9a2,이벤트 | 뉴스 | 메이플스토리,,,,medium
20ab5046c5c7906402f0,이벤트 | 뉴스 | 메이플스토리,,,,medium
0abae3ab7ac385ba5ea9,이벤트 | 뉴스 | 메이플스토리,,,,medium
bcc188b94a5b88726f0d,이벤트 | 뉴스 | 메이플스토리,,,,medium
df1e0491a3889a4c341b,이벤트 | 뉴스 | 메이플스토리,,,,medium
b2edec69104aeb48857c,이벤트 | 뉴스 | 메이플스토리,,,,medium
dd03dba8a6f2ccace314,이벤트 | 뉴스 | 메이플스토리,,,,medium
b08c260ecdd42503e109,이벤트 | 뉴스 | 메이플스토리,,,,medium
02672adfe454756d1c2d,이벤트 | 뉴스 | 메이플스토리,,,,medium
58f72fa5cfa0adb04381,이벤트 | 뉴스 | 메이플스토리,,,,medium
a333086643cc6a5dcf36,이벤트 | 뉴스 | 메이플스토리,,,,medium
60895ef76cd8c6e1b35c,이벤트 | 뉴스 | 메이플스토리,,,,medium
558b6c6ab605665e8641,이벤트 | 뉴스 | 메이플스토리,,,,medium
49f866485e8082900109,이벤트 | 뉴스 | 메이플스토리,,,,medium
9968018138356e00952b,이벤트 | 뉴스 | 메이플스토리,,,,medium
a1877d2b066124d62f8d,이벤트 | 뉴스 | 메이플스토리,,,,medium
3befaebf218eeeb7501f,이벤트 | 뉴스 | 메이플스토리,,,,medium
352a494afacedf971fc6,이벤트 | 뉴스 | 메이플스토리,,,,medium
f1fcd865c2082fd57c0f,이벤트 | 뉴스 | 메이플스토리,,,,medium
4f0a505479d81623a406,이벤트 | 뉴스 | 메이플스토리,,,,medium
9869d66dfdf8357234db,이벤트 | 뉴스 | 메이플스토리,,,,medium
9d9e763ca9241e8e4833,이벤트 | 뉴스 | 메이플스토리,,,,medium
9b0ae644281eae7725a4,이벤트 | 뉴스 | 메이플스토리,,,,medium
13388f65d5ef35c21f03,이벤트 | 뉴스 | 메이플스토리,,,,medium
6b57efa1a88feed7f752,이벤트 | 뉴스 | 메이플스토리,,,,medium
3b231b3c9b158571c72a,이벤트 | 뉴스 | 메이플스토리,,,,medium
be528a8eafbe60a065b0,이벤트 | 뉴스 | 메이플스토리,,,,medium
b8746ae09a2d39313aa1,이벤트 | 뉴스 | 메이플스토리,,,,medium
279e166f261e90bb3c0f,이벤트 | 뉴스 | 메이플스토리,,,,medium
a9ad80fcc081fc8436e1,이벤트 | 뉴스 | 메이플스토리,,,,medium
7f53d13779b4c953c069,이벤트 | 뉴스 | 메이플스토리,,,,medium
dab78168790cb1889fda,이벤트 | 뉴스 | 메이플스토리,,,,medium
2cc867c9e74463e1083b,이벤트 | 뉴스 | 메이플스토리,,,,medium
cd13e41c59e304d958cb,이벤트 | 뉴스 | 메이플스토리,,,,medium
cad6471ea36619a4a371,이벤트 | 뉴스 | 메이플스토리,,,,medium
0d4ac3608fb47e7996de,이벤트 | 뉴스 | 메이플스토리,,,,medium
1c6d2cd7b6281c03ae35,이벤트 | 뉴스 | 메이플스토리,,,,medium
f504e15e673e6b957319,이벤트 | 뉴스 | 메이플스토리,,,,medium
2be5714d466340f38cd3,이벤트 | 뉴스 | 메이플스토리,,,,medium
6b35569a9c8f296ba194,이벤트 | 뉴스 | 메이플스토리,,,,medium
3deeba115ed007c88a12,이벤트 | 뉴스 | 메이플스토리,,,,medium
3d152cad90fac368a9bc,이벤트 | 뉴스 | 메이플스토리,,,,medium
5478ca28096c30175f13,이벤트 | 뉴스 | 메이플스토리,,,,medium
adb64aca2063b5a6c2c4,이벤트 | 뉴스 | 메이플스토리,,,,medium
782859aa64cae294b73f,이벤트 | 뉴스 | 메이플스토리,,,,medium
e35c06b2e909b76b6ca6,이벤트 | 뉴스 | 메이플스토리,,,,medium
97c494f9512ae7462f48,이벤트 | 뉴스 | 메이플스토리,,,,medium
306e5b63ed4df3b4b71f,이벤트 | 뉴스 | 메이플스토리,,,,medium
f02800060f70db2a2afd,이벤트 | 뉴스 | 메이플스토리,,,,medium
9362e5e12f276cbd129a,이벤트 | 뉴스 | 메이플스토리,,,,medium
c721ce67f372d4d3b301,이벤트 | 뉴스 | 메이플스토리,,,,medium
d4da10fa8ce1ffd91368,이벤트 | 뉴스 | 메이플스토리,,,,medium
4ff502b11f3861520eaa,이벤트 | 뉴스 | 메이플스토리,,,,medium
2a73f2314b2889259b1a,이벤트 | 뉴스 | 메이플스토리,,,,medium
86588e6cc2ef5bb3fe58,이벤트 | 뉴스 | 메이플스토리,,,,medium
cbeca6f3ea04eb6badab,이벤트 | 뉴스 | 메이플스토리,,,,medium
c44d3319df1643824d09,이벤트 | 뉴스 | 메이플스토리,,,,medium
e102cb1a083b7ec72f8f,이벤트 | 뉴스 | 메이플스토리,,,,medium
631ab8645c52944a01be,이벤트 | 뉴스 | 메이플스토리,,,,medium
8fa747039b25c6c3436f,이벤트 | 뉴스 | 메이플스토리,,,,medium
2d60a8cf5d014cb6b4e5,이벤트 | 뉴스 | 메이플스토리,,,,medium
654f282167df81ac1dd0,이벤트 | 뉴스 | 메이플스토리,,,,medium
bbfc73d5fbc20eea64e1,이벤트 | 뉴스 | 메이플스토리,,,,medium
fc9398d9f18ad52a81fe,이벤트 | 뉴스 | 메이플스토리,,,,medium
77c01908f14aabcded58,이벤트 | 뉴스 | 메이플스토리,,,,medium
236adbdfb4267d762fc1,이벤트 | 뉴스 | 메이플스토리,,,,medium
54b1f68181b0c541ea39,이벤트 | 뉴스 | 메이플스토리,,,,medium
ba3ebbf1ba88ecee98ab,이벤트 | 뉴스 | 메이플스토리,,,,medium
5df68cfcd9ebdc217201,이벤트 | 뉴스 | 메이플스토리,,,,medium
7f4cb91768701164e2d2,이벤트 | 뉴스 | 메이플스토리,,,,medium
734e9ccbb8e2708bbf2f,이벤트 | 뉴스 | 메이플스토리,,,,medium
e83904129104252b254c,이벤트 | 뉴스 | 메이플스토리,,,,medium
4cd7fb77466a2ebdde5b,이벤트 | 뉴스 | 메이플스토리,,,,medium
9266a9f6b1e4167a1dff,이벤트 | 뉴스 | 메이플스토리,,,,medium
39796944080cc26adf2a,이벤트 | 뉴스 | 메이플스토리,,,,medium
d4a3833b0eb20303512f,이벤트 | 뉴스 | 메이플스토리,,,,medium
e1e86527532d16b01bb5,이벤트 | 뉴스 | 메이플스토리,,,,medium
7e856d3a3f1b4fc69cb9,이벤트 | 뉴스 | 메이플스토리,,,,medium
f78fab5a5d51c94112f2,이벤트 | 뉴스 | 메이플스토리,,,,medium
91af26b25ca0ce036c5c,이벤트 | 뉴스 | 메이플스토리,,,,medium
22994c3301e8bc0757b8,이벤트 | 뉴스 | 메이플스토리,,,,medium
8e70a29a373b243ed35b,이벤트 | 뉴스 | 메이플스토리,,,,medium
9a512d213c29bc7041cb,이벤트 | 뉴스 | 메이플스토리,,,,medium
97841a8d33b5559961c3,이벤트 | 뉴스 | 메이플스토리,,,,medium
8b3d442f8f079e54dc1d,이벤트 | 뉴스 | 메이플스토리,,,,medium
96ff3ee043f24218aad6,이벤트 | 뉴스 | 메이플스토리,,,,medium
85ea1bb985fbbb5eba3d,이벤트 | 뉴스 | 메이플스토리,,,,medium
70bf0e11313c21d367db,이벤트 | 뉴스 | 메이플스토리,,,,medium
b2fd061b291704f22c59,이벤트 | 뉴스 | 메이플스토리,,,,medium
dd86f72fd90a54c67070,이벤트 | 뉴스 | 메이플스토리,,,,medium
49c39929ca12924b4370,이벤트 | 뉴스 | 메이플스토리,,,,medium
08aa120a5ab315c8f043,이벤트 | 뉴스 | 메이플스토리,,,,medium
c07a8cfe17c8a5c172a4,이벤트 | 뉴스 | 메이플스토리,,,,medium
b79f6e5bdcb4217477b2,이벤트 | 뉴스 | 메이플스토리,,,,medium
728260d36ffe382e0c92,이벤트 | 뉴스 | 메이플스토리,,,,medium
b3e04f31af66efa31fd9,이벤트 | 뉴스 | 메이플스토리,,,,medium
433a445d2a0b212e66da,이벤트 | 뉴스 | 메이플스토리,,,,medium
ee21634d7cd16cb7bfe7,이벤트 | 뉴스 | 메이플스토리,,,,medium
65cd7d7dc6d0e480e0d3,이벤트 | 뉴스 | 메이플스토리,,,,medium
1a4aed059b4312d47df8,이벤트 | 뉴스 | 메이플스토리,,,,medium
dfb98513e2a421d34f86,이벤트 | 뉴스 | 메이플스토리,,,,medium
b3d111b2a2eb56168147,이벤트 | 뉴스 | 메이플스토리,,,,medium
627eedcc2f841e3101ca,이벤트 | 뉴스 | 메이플스토리,,,,medium
426817b99a3e47f2ade4,이벤트 | 뉴스 | 메이플스토리,,,,medium
0c33d0a77cdec09362e3,이벤트 | 뉴스 | 메이플스토리,,,,medium
9d606c63298ad3b83d8a,이벤트 | 뉴스 | 메이플스토리,,,,medium
063b8136d1216fc147f3,이벤트 | 뉴스 | 메이플스토리,,,,medium
eaf39b29eb085f395241,이벤트 | 뉴스 | 메이플스토리,,,,medium
76179b93655224f4a7fa,이벤트 | 뉴스 | 메이플스토리,,,,medium
e94e426b94a23ed7ea19,이벤트 | 뉴스 | 메이플스토리,,,,medium
576017bee0af59869b1f,이벤트 | 뉴스 | 메이플스토리,,,,medium
1b5d74d64074d4fc4007,이벤트 | 뉴스 | 메이플스토리,,,,medium
3bc3b28653a7380b772b,이벤트 | 뉴스 | 메이플스토리,,,,medium
f139618fe9136e1a35ac,이벤트 | 뉴스 | 메이플스토리,,,,medium
768016d024a1b4b37959,이벤트 | 뉴스 | 메이플스토리,,,,medium
6bf4b40e10b69d872ced,이벤트 | 뉴스 | 메이플스토리,,,,medium
09e5b68cb1cb52040bf0,이벤트 | 뉴스 | 메이플스토리,,,,medium
9111b0d2d38fdfff7b93,이벤트 | 뉴스 | 메이플스토리,,,,medium
4ebafd386f5b0c825901,이벤트 | 뉴스 | 메이플스토리,,,,medium
568e821b694b85595d45,이벤트 | 뉴스 | 메이플스토리,,,,medium
f160763b888802d538a0,이벤트 | 뉴스 | 메이플스토리,,,,medium
afb2bc77205ca736e4f9,이벤트 | 뉴스 | 메이플스토리,,,,medium
f3c8c5064e7232ffd9ee,이벤트 | 뉴스 | 메이플스토리,,,,medium
665820e8759c38daf930,이벤트 | 뉴스 | 메이플스토리,,,,medium
aaf36052b8b700a197a3,이벤트 | 뉴스 | 메이플스토리,,,,medium
9bd3a37e53bc566684f9,이벤트 | 뉴스 | 메이플스토리,,,,medium
d4ce306971d33ecb7843,이벤트 | 뉴스 | 메이플스토리,,,,medium
c4ae93fda63ec8b0df71,이벤트 | 뉴스 | 메이플스토리,,,,medium
257be42528aad593d0bd,이벤트 | 뉴스 | 메이플스토리,,,,medium
b54c1a61cbd66ed344a1,이벤트 | 뉴스 | 메이플스토리,,,,medium
c8821bac13ecb038457a,이벤트 | 뉴스 | 메이플스토리,,,,medium
0f85e2bf0b25268b04b5,이벤트 | 뉴스 | 메이플스토리,,,,medium
ede98c7d9dfd7b438a3d,이벤트 | 뉴스 | 메이플스토리,,,,medium
d851318e44077571042d,이벤트 | 뉴스 | 메이플스토리,,,,medium
181a9c0e16d29366b328,이벤트 | 뉴스 | 메이플스토리,,,,medium
d01bae406ed1d5577b59,이벤트 | 뉴스 | 메이플스토리,,,,medium
21c912eb21566ede4dd1,이벤트 | 뉴스 | 메이플스토리,,,,medium
5668bbe593f1685d3c75,이벤트 | 뉴스 | 메이플스토리,,,,medium
2e8aa4a9b50651ded798,이벤트 | 뉴스 | 메이플스토리,,,,medium
9bb28f2a4a53b94d3bdd,이벤트 | 뉴스 | 메이플스토리,,,,medium
bd0763aae8bf258680c4,이벤트 | 뉴스 | 메이플스토리,,,,medium
99b8cb788dd4e7a94fd9,이벤트 | 뉴스 | 메이플스토리,,,,medium
ed23f8475ef52f5ce076,이벤트 | 뉴스 | 메이플스토리,,,,medium
7e804d4438c42f692f32,이벤트 | 뉴스 | 메이플스토리,,,,medium
e058cc55aec62b763a76,이벤트 | 뉴스 | 메이플스토리,,,,medium
0de7171f8dee55bc2d96,이벤트 | 뉴스 | 메이플스토리,,,,medium
eb34a8fed2bc1d32d346,이벤트 | 뉴스 | 메이플스토리,,,,medium
72ed05d7243a923728a1,이벤트 | 뉴스 | 메이플스토리,,,,medium
8b46557ec67ca9aa72f5,이벤트 | 뉴스 | 메이플스토리,,,,medium
7130396d17c88df64165,이벤트 | 뉴스 | 메이플스토리,,,,medium
a87a64ac7d61be25b126,이벤트 | 뉴스 | 메이플스토리,,,,medium
20f8b4f332ba90d231a8,이벤트 | 뉴스 | 메이플스토리,,,,medium
892348c485a97350133d,이벤트 | 뉴스 | 메이플스토리,,,,medium
72a41f9eb087244f65b6,이벤트 | 뉴스 | 메이플스토리,,,,medium
94d7620edf38379c2189,이벤트 | 뉴스 | 메이플스토리,,,,medium
210ba4277713ddf4fca4,이벤트 | 뉴스 | 메이플스토리,,,,medium
c5f613133e0e1ff2f6f2,이벤트 | 뉴스 | 메이플스토리,,,,medium
8c2f666584ce0bec38d5,이벤트 | 뉴스 | 메이플스토리,,,,medium
f84ab4096b500193b96d,이벤트 | 뉴스 | 메이플스토리,,,,medium
a8d5f6a097b692252483,이벤트 | 뉴스 | 메이플스토리,,,,medium
1a163950b3fc70436541,이벤트 | 뉴스 | 메이플스토리,,,,medium
ea3ae00622ceffeb9f62,이벤트 | 뉴스 | 메이플스토리,,,,medium
c87c53fcd208c4a99fdf,이벤트 | 뉴스 | 메이플스토리,,,,medium
5aeecafbfd9db26eb918,이벤트 | 뉴스 | 메이플스토리,,,,medium
d9f7663cc39e22f8f427,이벤트 | 뉴스 | 메이플스토리,,,,medium
8d7b889a3103a91ff06c,이벤트 | 뉴스 | 메이플스토리,,,,medium
83063c0991530fa18347,이벤트 | 뉴스 | 메이플스토리,,,,medium
3a332ee682a6dd830f1c,이벤트 | 뉴스 | 메이플스토리,,,,medium
41c78e6616499ccdfac9,이벤트 | 뉴스 | 메이플스토리,,,,medium
3ae9e5129410f3267d89,이벤트 | 뉴스 | 메이플스토리,,,,medium
8d97c3f2fa234e69f17b,이벤트 | 뉴스 | 메이플스토리,,,,medium
66057bae0406dc1bb655,이벤트 | 뉴스 | 메이플스토리,,,,medium
8d5b2659016c5eaf37ac,이벤트 | 뉴스 | 메이플스토리,,,,medium
dab2fed8250ae9980b8e,이벤트 | 뉴스 | 메이플스토리,,,,medium
1aaea4ca789930230ceb,이벤트 | 뉴스 | 메이플스토리,,,,medium
9cb5b60c4551477c5a26,이벤트 | 뉴스 | 메이플스토리,,,,medium
8f475a0c18f6db63054b,이벤트 | 뉴스 | 메이플스토리,,,,medium
d4f7329511a85f9407ec,이벤트 | 뉴스 | 메이플스토리,,,,medium
fac5655ef230a191cbb2,이벤트 | 뉴스 | 메이플스토리,,,,medium
e4270ac56a5b3a80ac14,이벤트 | 뉴스 | 메이플스토리,,,,medium
1e885fbd795577485553,이벤트 | 뉴스 | 메이플스토리,,,,medium
995c3d6e5e46e130dbb0,이벤트 | 뉴스 | 메이플스토리,,,,medium
600a93f77811b2c91ae0,이벤트 | 뉴스 | 메이플스토리,,,,medium
73e51dd3929fc341d339,이벤트 | 뉴스 | 메이플스토리,,,,medium
1ab42b3bd303266b1483,이벤트 | 뉴스 | 메이플스토리,,,,medium
ba5e03bb8397d1bae1da,이벤트 | 뉴스 | 메이플스토리,,,,medium
2cf4b1a17dda74900ce2,이벤트 | 뉴스 | 메이플스토리,,,,medium
710543e6afc039a74347,이벤트 | 뉴스 | 메이플스토리,,,,medium
3569a1c64f1f023e563d,이벤트 | 뉴스 | 메이플스토리,,,,medium
629c6b255e3f3bdc90a2,이벤트 | 뉴스 | 메이플스토리,,,,medium
d7648ce6835987b01479,이벤트 | 뉴스 | 메이플스토리,,,,medium
d0a6cbc097b7cda27434,이벤트 | 뉴스 | 메이플스토리,,,,medium
f6bfcfd36321ac0887ce,이벤트 | 뉴스 | 메이플스토리,,,,medium
e3ccc834fb759e5da749,이벤트 | 뉴스 | 메이플스토리,,,,medium
d511f198d3b42dda4530,이벤트 | 뉴스 | 메이플스토리,,,,medium
ee4aa471cb9468815992,이벤트 | 뉴스 | 메이플스토리,,,,medium
f3dc66a9a5f8681b9d56,이벤트 | 뉴스 | 메이플스토리,,,,medium
4593e301aeac609f55f1,이벤트 | 뉴스 | 메이플스토리,,,,medium
8761911ccd313e058617,이벤트 | 뉴스 | 메이플스토리,,,,medium
d4ee493aa219664fc055,이벤트 | 뉴스 | 메이플스토리,,,,medium
ffe983c49600b0a9fb0b,이벤트 | 뉴스 | 메이플스토리,,,,medium
e4cd2982400a9ffb2c04,이벤트 | 뉴스 | 메이플스토리,,,,medium
a0a78172e7107211ecb6,이벤트 | 뉴스 | 메이플스토리,,,,medium
708fe677aceb2ae830dd,이벤트 | 뉴스 | 메이플스토리,,,,medium
386496bd762484542ce9,이벤트 | 뉴스 | 메이플스토리,,,,medium
bbe248b6058570efe229,이벤트 | 뉴스 | 메이플스토리,,,,medium
be81706f616c9b24804c,이벤트 | 뉴스 | 메이플스토리,,,,medium
ce07a66a8b3526128dd9,이벤트 | 뉴스 | 메이플스토리,,,,medium
dbfbe6908a2791caf518,이벤트 | 뉴스 | 메이플스토리,,,,medium
ff30c636a8ecb0611b95,이벤트 | 뉴스 | 메이플스토리,,,,medium
40817d699efc51185d6a,이벤트 | 뉴스 | 메이플스토리,,,,medium
d74b16e130cb3873e5e3,이벤트 | 뉴스 | 메이플스토리,,,,medium
779c814ecc1cafdce37f,이벤트 | 뉴스 | 메이플스토리,,,,medium
736276d91b181d005039,이벤트 | 뉴스 | 메이플스토리,,,,medium
44bdbf0d95e48c862ac1,이벤트 | 뉴스 | 메이플스토리,,,,medium
c4e89bed72baf74878cf,이벤트 | 뉴스 | 메이플스토리,,,,medium
3a4427f981a1dd1aab8a,이벤트 | 뉴스 | 메이플스토리,,,,medium
a1ec390b0d983d514f8c,이벤트 | 뉴스 | 메이플스토리,,,,medium
a2ae36ec7be396c8c048,이벤트 | 뉴스 | 메이플스토리,,,,medium
18b32697a8b3c6029e06,이벤트 | 뉴스 | 메이플스토리,,,,medium
e55abf9149cc666c99b0,이벤트 | 뉴스 | 메이플스토리,,,,medium
6a3868450598a2045999,이벤트 | 뉴스 | 메이플스토리,,,,medium
88b27b4ef6b15eaf900f,이벤트 | 뉴스 | 메이플스토리,,,,medium
0933c2c26bb3d4dd7888,이벤트 | 뉴스 | 메이플스토리,,,,medium
1e2dcb66e54b13620cc2,이벤트 | 뉴스 | 메이플스토리,,,,medium
c199e1f0d0790eaea428,이벤트 | 뉴스 | 메이플스토리,,,,medium
87a90f066168b6e075e8,이벤트 | 뉴스 | 메이플스토리,,,,medium
43c9f95694146ee76fb9,이벤트 | 뉴스 | 메이플스토리,,,,medium
55278381c7bb96cfd27a,이벤트 | 뉴스 | 메이플스토리,,,,medium
8886f593ea21f337eee9,이벤트 | 뉴스 | 메이플스토리,,,,medium
53886889f62c4cc66fa2,이벤트 | 뉴스 | 메이플스토리,,,,medium
d74be204d7bdba3e2235,이벤트 | 뉴스 | 메이플스토리,,,,medium
2f1ceb1483cfcaafed42,이벤트 | 뉴스 | 메이플스토리,,,,medium
5b1a9913f86f4888d449,이벤트 | 뉴스 | 메이플스토리,,,,medium
e9441deb5775aee0d3e0,이벤트 | 뉴스 | 메이플스토리,,,,medium
d56dfb8b599c9a37e658,이벤트 | 뉴스 | 메이플스토리,,,,medium
3c7f0745e82c6d52ec25,이벤트 | 뉴스 | 메이플스토리,,,,medium
1fdfc4a5054f4dae29ea,이벤트 | 뉴스 | 메이플스토리,,,,medium
958949e9ddc877183832,이벤트 | 뉴스 | 메이플스토리,,,,medium
e3daf0fa6af22e4e7f2f,이벤트 | 뉴스 | 메이플스토리,,,,medium
14e25e06c7e0df128399,이벤트 | 뉴스 | 메이플스토리,,,,medium
87a9291aa1447a267c51,이벤트 | 뉴스 | 메이플스토리,,,,medium
5e9c85231dc06e1e7bf8,이벤트 | 뉴스 | 메이플스토리,,,,medium
f4f6f3d7b2447a118db9,이벤트 | 뉴스 | 메이플스토리,,,,medium
8b3374b2a9bd2d1f57ec,이벤트 | 뉴스 | 메이플스토리,,,,medium
c39c1950f3f6d88f7db9,이벤트 | 뉴스 | 메이플스토리,,,,medium
eb3d92ee4f9c869c0485,이벤트 | 뉴스 | 메이플스토리,,,,medium
8e63fa131dbeb4f616d9,이벤트 | 뉴스 | 메이플스토리,,,,medium
1149937a691e79c94b73,이벤트 | 뉴스 | 메이플스토리,,,,medium
59dfbaca5e699f6edcbc,이벤트 | 뉴스 | 메이플스토리,,,,medium
918fb0087e1491c07e22,이벤트 | 뉴스 | 메이플스토리,,,,medium
b40aa735466d339fcc60,이벤트 | 뉴스 | 메이플스토리,,,,medium
138df200ffa8419e8502,이벤트 | 뉴스 | 메이플스토리,,,,medium
858bef77093705fa901c,이벤트 | 뉴스 | 메이플스토리,,,,medium
c5a9e4d5893676dc630b,이벤트 | 뉴스 | 메이플스토리,,,,medium
fb58dfa35d8a07fc78eb,이벤트 | 뉴스 | 메이플스토리,,,,medium
da5a223510d3814cea8f,이벤트 | 뉴스 | 메이플스토리,,,,medium
157b39971f8ea8f16111,이벤트 | 뉴스 | 메이플스토리,,,,medium
161204b28fbe27731fd1,이벤트 | 뉴스 | 메이플스토리,,,,medium
54aa8c1d44c04567098c,이벤트 | 뉴스 | 메이플스토리,,,,medium
0d775e8b4a73fe2b0632,이벤트 | 뉴스 | 메이플스토리,,,,medium
2c3a3535693cd9dcae22,이벤트 | 뉴스 | 메이플스토리,,,,medium
635e4ec2c5dde6e2c675,이벤트 | 뉴스 | 메이플스토리,,,,medium
149e20121ed6a0b97aac,이벤트 | 뉴스 | 메이플스토리,,,,medium
80cb536eaeeecd34bd5f,이벤트 | 뉴스 | 메이플스토리,,,,medium
487479963f3ade402ddf,이벤트 | 뉴스 | 메이플스토리,,,,medium
0e78bda62cf1758f0071,이벤트 | 뉴스 | 메이플스토리,,,,medium
6224e759b23e81a09fc4,이벤트 | 뉴스 | 메이플스토리,,,,medium
183378aa42ebdc943045,이벤트 | 뉴스 | 메이플스토리,,,,medium
8877bdf7770eed9edf69,이벤트 | 뉴스 | 메이플스토리,,,,medium
14210ef26d7a7f008acd,이벤트 | 뉴스 | 메이플스토리,,,,medium
044343d3189677c28cd4,이벤트 | 뉴스 | 메이플스토리,,,,medium
370ced06bd6018a840c3,이벤트 | 뉴스 | 메이플스토리,,,,medium
8ef887810dcddaf08298,이벤트 | 뉴스 | 메이플스토리,,,,medium
259c6681c15a8dfd4ee4,이벤트 | 뉴스 | 메이플스토리,,,,medium
96ae171455374430c7dd,이벤트 | 뉴스 | 메이플스토리,,,,medium
65ca5da3d8e1dfc216f8,이벤트 | 뉴스 | 메이플스토리,,,,medium
1e0780127436aadcd465,이벤트 | 뉴스 | 메이플스토리,,,,medium
274ee55c3fc1b777da16,이벤트 | 뉴스 | 메이플스토리,,,,medium
0bee21b96c4d6b1eeaae,이벤트 | 뉴스 | 메이플스토리,,,,medium
6262ab4280288a6b2d21,이벤트 | 뉴스 | 메이플스토리,,,,medium
bbd64bfa3fc17ac964d6,이벤트 | 뉴스 | 메이플스토리,,,,medium
a5d607ecd17d7a194409,이벤트 | 뉴스 | 메이플스토리,,,,medium
63759e977ca5053c3768,이벤트 | 뉴스 | 메이플스토리,,,,medium
d92bbefff9146a25fb9b,이벤트 | 뉴스 | 메이플스토리,,,,medium
c450ef368cd44262666e,이벤트 | 뉴스 | 메이플스토리,,,,medium
d64eed87048e74ca48aa,이벤트 | 뉴스 | 메이플스토리,,,,medium
ee8b57ad5ebd607d29d7,이벤트 | 뉴스 | 메이플스토리,,,,medium
d274b3071a018a9aa489,이벤트 | 뉴스 | 메이플스토리,,,,medium
bfdbb42dbb8555255b91,이벤트 | 뉴스 | 메이플스토리,,,,medium
e88dac947241a4b4df7b,이벤트 | 뉴스 | 메이플스토리,,,,medium
ece6c726e53c7270bc79,이벤트 | 뉴스 | 메이플스토리,,,,medium
94e520308c42729de7c8,이벤트 | 뉴스 | 메이플스토리,,,,medium
1f513e2a775d338a850a,이벤트 | 뉴스 | 메이플스토리,,,,medium
fcacd7926675df859388,이벤트 | 뉴스 | 메이플스토리,,,,medium
fcfd9ec19fabcde1feb4,이벤트 | 뉴스 | 메이플스토리,,,,medium
642f07b6d5e5dc8c6a9c,이벤트 | 뉴스 | 메이플스토리,,,,medium
ba84daccc2f32a22d669,이벤트 | 뉴스 | 메이플스토리,,,,medium
5662cab55812e5ab8a52,이벤트 | 뉴스 | 메이플스토리,,,,medium
453036f47431dfc15091,이벤트 | 뉴스 | 메이플스토리,,,,medium
5ab2509a13e296e0a663,이벤트 | 뉴스 | 메이플스토리,,,,medium
2e0ed0894de995210703,이벤트 | 뉴스 | 메이플스토리,,,,medium
117af13644951f330328,이벤트 | 뉴스 | 메이플스토리,,,,medium
119de67168fbdad55488,이벤트 | 뉴스 | 메이플스토리,,,,medium
97366548a48227fdfeef,이벤트 | 뉴스 | 메이플스토리,,,,medium
a2193f7e2c926fa5a72d,이벤트 | 뉴스 | 메이플스토리,,,,medium
852781df88ef8097b6e4,이벤트 | 뉴스 | 메이플스토리,,,,medium
c01191c9ca327b2c4414,이벤트 | 뉴스 | 메이플스토리,,,,medium
de3280963e8d3ef18482,이벤트 | 뉴스 | 메이플스토리,,,,medium
5c9eca5d65b18e3dc412,이벤트 | 뉴스 | 메이플스토리,,,,medium
691757adc95f4d31839b,이벤트 | 뉴스 | 메이플스토리,,,,medium
707b39fba65524dea950,이벤트 | 뉴스 | 메이플스토리,,,,medium
0f22cb64452dcf8700db,이벤트 | 뉴스 | 메이플스토리,,,,medium
49c99e128d9ff5b2d568,이벤트 | 뉴스 | 메이플스토리,,,,medium
9cad82119f2d6c8e6659,이벤트 | 뉴스 | 메이플스토리,,,,medium
84c7ab43d0e902e01bec,이벤트 | 뉴스 | 메이플스토리,,,,medium
92ee7b3102689463d1e5,이벤트 | 뉴스 | 메이플스토리,,,,medium
1cac3f769191083e13f2,이벤트 | 뉴스 | 메이플스토리,,,,medium
828f1e4c54ad9096927e,이벤트 | 뉴스 | 메이플스토리,,,,medium
3f8856e443b673cda8e5,이벤트 | 뉴스 | 메이플스토리,,,,medium
a4f30da97cda2c3f6a0a,이벤트 | 뉴스 | 메이플스토리,,,,medium
6fdf4d242ff2bb04b9c2,이벤트 | 뉴스 | 메이플스토리,,,,medium
7c01c0cefacdee2dcb23,이벤트 | 뉴스 | 메이플스토리,,,,medium
7bf4afdc8fb61ead64eb,이벤트 | 뉴스 | 메이플스토리,,,,medium
361dacee25bb0f3a4949,이벤트 | 뉴스 | 메이플스토리,,,,medium
6e478879adc2caef4191,이벤트 | 뉴스 | 메이플스토리,,,,medium
5b271c74f50ec4a89538,이벤트 | 뉴스 | 메이플스토리,,,,medium
9826db4b20449230066e,이벤트 | 뉴스 | 메이플스토리,,,,medium
f07601a852972a7e37a7,이벤트 | 뉴스 | 메이플스토리,,,,medium
8dc230852d093e1e1ade,이벤트 | 뉴스 | 메이플스토리,,,,medium
cf430b69fe0bcf0a4cd9,이벤트 | 뉴스 | 메이플스토리,,,,medium
2a4206e15bdee8f12ab4,이벤트 | 뉴스 | 메이플스토리,,,,medium
d3fd2020e853d51d0a0d,이벤트 | 뉴스 | 메이플스토리,,,,medium
b01b68f9fb932e76ee53,이벤트 | 뉴스 | 메이플스토리,,,,medium
787fb34c55af9d4db4cb,이벤트 | 뉴스 | 메이플스토리,,,,medium
51b685eece8b858a14a2,이벤트 | 뉴스 | 메이플스토리,,,,medium
58ca03fbab546029ea00,이벤트 | 뉴스 | 메이플스토리,,,,medium
91f793f4a76d1716c1a3,이벤트 | 뉴스 | 메이플스토리,,,,medium
40a6bddb8432973152c6,이벤트 | 뉴스 | 메이플스토리,,,,medium
60d07ac6d269b0d18270,이벤트 | 뉴스 | 메이플스토리,,,,medium
20be428385e6e64cd56f,이벤트 | 뉴스 | 메이플스토리,,,,medium
58dd44d31b0e32883f3a,이벤트 | 뉴스 | 메이플스토리,,,,medium
89d223e05cd029e1ee42,이벤트 | 뉴스 | 메이플스토리,,,,medium
fff0709fc8a41642394f,이벤트 | 뉴스 | 메이플스토리,,,,medium
6b3868481b24196952e8,이벤트 | 뉴스 | 메이플스토리,,,,medium
ae39e1f1b5525e52b6ba,이벤트 | 뉴스 | 메이플스토리,,,,medium
17368860303017194554,이벤트 | 뉴스 | 메이플스토리,,,,medium
78656101fadaa1c785b0,이벤트 | 뉴스 | 메이플스토리,,,,medium
9b9dd3f284d3b8970522,이벤트 | 뉴스 | 메이플스토리,,,,medium
ba33e05cc5def5cada7b,이벤트 | 뉴스 | 메이플스토리,,,,medium
423d86eafb9a862e3faf,이벤트 | 뉴스 | 메이플스토리,,,,medium
ed6ebec7841e48effd74,이벤트 | 뉴스 | 메이플스토리,,,,medium
19e11e1d98291150a793,이벤트 | 뉴스 | 메이플스토리,,,,medium
84ecd07c0a0d99a34ab9,이벤트 | 뉴스 | 메이플스토리,,,,medium
7c099991b0223facb013,이벤트 | 뉴스 | 메이플스토리,,,,medium
37b443ce4639e3572064,이벤트 | 뉴스 | 메이플스토리,,,,medium
9b2b60937ca9f3846aa6,이벤트 | 뉴스 | 메이플스토리,,,,medium
ae03cac7b89c549d757f,이벤트 | 뉴스 | 메이플스토리,,,,medium
2fcc0c9cf597f35fe861,이벤트 | 뉴스 | 메이플스토리,,,,medium
234eb17b54e5b8f16ac2,이벤트 | 뉴스 | 메이플스토리,,,,medium
0060214079bf61d3dc6f,이벤트 | 뉴스 | 메이플스토리,,,,medium
fea9737c7983aca7272f,이벤트 | 뉴스 | 메이플스토리,,,,medium
d47ee4a1823c5c0baece,이벤트 | 뉴스 | 메이플스토리,,,,medium
27b1f8a67ce41685c3c7,이벤트 | 뉴스 | 메이플스토리,,,,medium
1b5dcd0a6306dd221240,이벤트 | 뉴스 | 메이플스토리,,,,medium
bfd1f7a3ddeef0a7e952,이벤트 | 뉴스 | 메이플스토리,,,,medium
e948323412d9844cd694,이벤트 | 뉴스 | 메이플스토리,,,,medium
f0ee8e651e4543bd74c7,이벤트 | 뉴스 | 메이플스토리,,,,medium
ab33abdc0fc86567a487,이벤트 | 뉴스 | 메이플스토리,,,,medium
359aaee2bcda7d4aa7e6,이벤트 | 뉴스 | 메이플스토리,,,,medium
a713277fb3e35f0c4fda,이벤트 | 뉴스 | 메이플스토리,,,,medium
55bb86029cfe0c69c7c3,이벤트 | 뉴스 | 메이플스토리,,,,medium
1ac83aec174032fd6f38,이벤트 | 뉴스 | 메이플스토리,,,,medium
4a8934c7626f894d2cbb,이벤트 | 뉴스 | 메이플스토리,,,,medium
93318b672e350002c242,이벤트 | 뉴스 | 메이플스토리,,,,medium
ef0161c8cbde64bb71ad,이벤트 | 뉴스 | 메이플스토리,,,,medium
5b07e53f663db78088a0,이벤트 | 뉴스 | 메이플스토리,,,,medium
51416584853a0dc904ae,이벤트 | 뉴스 | 메이플스토리,,,,medium
9b8ff01d4c71da61b137,이벤트 | 뉴스 | 메이플스토리,,,,medium
0cac15df63c5c3a7e6f6,이벤트 | 뉴스 | 메이플스토리,,,,medium
2d40ed313059f4b2ae29,이벤트 | 뉴스 | 메이플스토리,,,,medium
8336bc0e9cfc4ed13b0a,이벤트 | 뉴스 | 메이플스토리,,,,medium
8e8e966c25782a4890fd,이벤트 | 뉴스 | 메이플스토리,,,,medium
2dcbf478a3c632798523,이벤트 | 뉴스 | 메이플스토리,,,,medium
125514db7308e4cfb891,이벤트 | 뉴스 | 메이플스토리,,,,medium
335b83ab684a73e63b06,이벤트 | 뉴스 | 메이플스토리,,,,medium
7b060b0aac2b7ceb62b4,이벤트 | 뉴스 | 메이플스토리,,,,medium
feebb432a5e1f05631d4,이벤트 | 뉴스 | 메이플스토리,,,,medium
87bb36884a5c6e0a94d1,이벤트 | 뉴스 | 메이플스토리,,,,medium
406b44f5e0eafec62b25,이벤트 | 뉴스 | 메이플스토리,,,,medium
b4810ce59136e668ce0a,이벤트 | 뉴스 | 메이플스토리,,,,medium
1511bfeb35810eea4b7d,이벤트 | 뉴스 | 메이플스토리,,,,medium
dbe1281e31efe28d21f8,이벤트 | 뉴스 | 메이플스토리,,,,medium
be66bfa356291b885bac,이벤트 | 뉴스 | 메이플스토리,,,,medium
c5f25b4411566b3dd93c,이벤트 | 뉴스 | 메이플스토리,,,,medium
e99cffe738ccfd3f6825,이벤트 | 뉴스 | 메이플스토리,,,,medium
7d77b422f80c76cd7ffc,이벤트 | 뉴스 | 메이플스토리,,,,medium
7ffa279b871784dc8d0e,이벤트 | 뉴스 | 메이플스토리,,,,medium
cdca4d825e874925cb55,이벤트 | 뉴스 | 메이플스토리,,,,medium
320e998d16b27a90b5da,이벤트 | 뉴스 | 메이플스토리,,,,medium
cbdf6527b290771778e4,이벤트 | 뉴스 | 메이플스토리,,,,medium
ec241c945eb68e230637,이벤트 | 뉴스 | 메이플스토리,,,,medium
9834c8c6150185d0bbfd,이벤트 | 뉴스 | 메이플스토리,,,,medium
fb5da28ca87c89cc7322,이벤트 | 뉴스 | 메이플스토리,,,,medium
b8e4c12cd850965303f8,이벤트 | 뉴스 | 메이플스토리,,,,medium
56e13ea99653b0e09c33,이벤트 | 뉴스 | 메이플스토리,,,,medium
34d17d749ae1ae12ddf5,이벤트 | 뉴스 | 메이플스토리,,,,medium
81306d885b7372f4082c,이벤트 | 뉴스 | 메이플스토리,,,,medium
b185e110e1249567a433,이벤트 | 뉴스 | 메이플스토리,,,,medium
83f5326c2b1b4a4ab7a4,이벤트 | 뉴스 | 메이플스토리,,,,medium
ff50388bba0666cc06a6,이벤트 | 뉴스 | 메이플스토리,,,,medium
5bcdfa8355f3cb8f5332,이벤트 | 뉴스 | 메이플스토리,,,,medium
843bdc24834a6d9905f0,이벤트 | 뉴스 | 메이플스토리,,,,medium
b1c5f5de442441a7c3e4,이벤트 | 뉴스 | 메이플스토리,,,,medium
9aaa685e145b8765bebb,이벤트 | 뉴스 | 메이플스토리,,,,medium
5f50b4421806ff226ac9,이벤트 | 뉴스 | 메이플스토리,,,,medium
cc77466b50be6ab18229,이벤트 | 뉴스 | 메이플스토리,,,,medium
4e10cbb812cc72fb0dcb,이벤트 | 뉴스 | 메이플스토리,,,,medium
f7a0b0b823a7807e6286,이벤트 | 뉴스 | 메이플스토리,,,,medium
88f7d1356bb364e9ee6d,이벤트 | 뉴스 | 메이플스토리,,,,medium
2616da6fd53a6514e633,이벤트 | 뉴스 | 메이플스토리,,,,medium
9cba9c3045857b188646,이벤트 | 뉴스 | 메이플스토리,,,,medium
68f8c8a974c8ebbf8248,이벤트 | 뉴스 | 메이플스토리,,,,medium
61308562becf66d8c4fd,이벤트 | 뉴스 | 메이플스토리,,,,medium
bda4eba9ce7228ff50ff,이벤트 | 뉴스 | 메이플스토리,,,,medium
2c47ca10a23891515833,이벤트 | 뉴스 | 메이플스토리,,,,medium
01cf6f38068fae17934a,이벤트 | 뉴스 | 메이플스토리,,,,medium
3d5f143e7c78d00aec0e,이벤트 | 뉴스 | 메이플스토리,,,,medium
9ebc8f974316999911dc,이벤트 | 뉴스 | 메이플스토리,,,,medium
c5de746af9539b1b021f,이벤트 | 뉴스 | 메이플스토리,,,,medium
813461bbca439ccb3069,이벤트 | 뉴스 | 메이플스토리,,,,medium
0b5fb9a6bd5eaa3013c3,이벤트 | 뉴스 | 메이플스토리,,,,medium
8b1d340da6a8cdc5f95a,이벤트 | 뉴스 | 메이플스토리,,,,medium
b03b6ac5c2ba07b92381,이벤트 | 뉴스 | 메이플스토리,,,,medium
778beef8d58639561207,이벤트 | 뉴스 | 메이플스토리,,,,medium
c61970fcca5e24701565,이벤트 | 뉴스 | 메이플스토리,,,,medium
884573de7401a84020f5,이벤트 | 뉴스 | 메이플스토리,,,,medium
c6ef820bdd6fd37acf70,이벤트 | 뉴스 | 메이플스토리,,,,medium
7b330aa5d3394249438c,이벤트 | 뉴스 | 메이플스토리,,,,medium
073b9de2924d617b6d6a,이벤트 | 뉴스 | 메이플스토리,,,,medium
f043b071c78cdf677d6d,이벤트 | 뉴스 | 메이플스토리,,,,medium
1e63c6833846d05102a6,이벤트 | 뉴스 | 메이플스토리,,,,medium
2ab204a069a004c3c827,이벤트 | 뉴스 | 메이플스토리,,,,medium
fddb086e7c07c7301faf,이벤트 | 뉴스 | 메이플스토리,,,,medium
c92944f7bcc894bec330,이벤트 | 뉴스 | 메이플스토리,,,,medium
4c71de746a7a3ee6caa0,이벤트 | 뉴스 | 메이플스토리,,,,medium
f9e754f094f8800fdb25,이벤트 | 뉴스 | 메이플스토리,,,,medium
57d069fcdf3deca4bf35,이벤트 | 뉴스 | 메이플스토리,,,,medium
bb5ca38439f465da3128,이벤트 | 뉴스 | 메이플스토리,,,,medium
f698b4b5fe9d9b0101a6,이벤트 | 뉴스 | 메이플스토리,,,,medium
3d29231db8bbef955a11,이벤트 | 뉴스 | 메이플스토리,,,,medium
27dd8b30e4bb0c718ec5,이벤트 | 뉴스 | 메이플스토리,,,,medium
a7e17348e4636a25f1ba,이벤트 | 뉴스 | 메이플스토리,,,,medium
0c20e91562b988d2b189,이벤트 | 뉴스 | 메이플스토리,,,,medium
34905c6f09793067fe97,이벤트 | 뉴스 | 메이플스토리,,,,medium
67d6ea8d2c79f8745c5c,이벤트 | 뉴스 | 메이플스토리,,,,medium
65f9ab60e58149db497c,이벤트 | 뉴스 | 메이플스토리,,,,medium
388c224217706c52c081,이벤트 | 뉴스 | 메이플스토리,,,,medium
99bf09ff41c78f110e20,이벤트 | 뉴스 | 메이플스토리,,,,medium
6be61c7a58bc12f72b51,이벤트 | 뉴스 | 메이플스토리,,,,medium
108ec70009a9f90bea18,이벤트 | 뉴스 | 메이플스토리,,,,medium
1fa0bdf77f8155b5966f,이벤트 | 뉴스 | 메이플스토리,,,,medium
45cf03df32ac026dd970,이벤트 | 뉴스 | 메이플스토리,,,,medium
8f3b1b6dfbdfb1e53d6b,이벤트 | 뉴스 | 메이플스토리,,,,medium
67075544e306dc8d54a2,이벤트 | 뉴스 | 메이플스토리,,,,medium
a34ee99075a02b39bc8e,이벤트 | 뉴스 | 메이플스토리,,,,medium
270278ef115be9022cd8,이벤트 | 뉴스 | 메이플스토리,,,,medium
6c889fafd36dbfd77413,이벤트 | 뉴스 | 메이플스토리,,,,medium
e404b047da3c7af6b649,이벤트 | 뉴스 | 메이플스토리,,,,medium
a7cae53b04c7ecc74813,이벤트 | 뉴스 | 메이플스토리,,,,medium
be46936b50507e663c8b,이벤트 | 뉴스 | 메이플스토리,,,,medium
60c9a2ca68d2d0c5997f,이벤트 | 뉴스 | 메이플스토리,,,,medium
2416e89a24fae760be28,이벤트 | 뉴스 | 메이플스토리,,,,medium
64f61b32cbacfaca8909,이벤트 | 뉴스 | 메이플스토리,,,,medium
7e0ae9286962fc3b3d74,이벤트 | 뉴스 | 메이플스토리,,,,medium
2cf06a0b94c78630bc20,이벤트 | 뉴스 | 메이플스토리,,,,medium
8b5839dec41ad3fda6df,이벤트 | 뉴스 | 메이플스토리,,,,medium
468745357ea1d2eab826,이벤트 | 뉴스 | 메이플스토리,,,,medium
8884b47072090aa4258e,이벤트 | 뉴스 | 메이플스토리,,,,medium
426d8bbafeab78c85cc4,이벤트 | 뉴스 | 메이플스토리,,,,medium
717da3ddad56223875fb,이벤트 | 뉴스 | 메이플스토리,,,,medium
8aeef45bd6fb9de82681,이벤트 | 뉴스 | 메이플스토리,,,,medium
eae9a9d96b5e916f6fc1,이벤트 | 뉴스 | 메이플스토리,,,,medium
451f61876589d6dc3ca1,이벤트 | 뉴스 | 메이플스토리,,,,medium
360a365d7b55c26170dc,이벤트 | 뉴스 | 메이플스토리,,,,medium
773f94bd73f2364565a7,이벤트 | 뉴스 | 메이플스토리,,,,medium
48077a80bb2eb9f79e7c,이벤트 | 뉴스 | 메이플스토리,,,,medium
d661d6510644828196f8,이벤트 | 뉴스 | 메이플스토리,,,,medium
74ea5af1c055f58ea97a,이벤트 | 뉴스 | 메이플스토리,,,,medium
e411d3d1a94b6810b356,이벤트 | 뉴스 | 메이플스토리,,,,medium
1fe9eb6c85f0f9f1e42d,이벤트 | 뉴스 | 메이플스토리,,,,medium
5cb70da0b4e7cc8f5def,이벤트 | 뉴스 | 메이플스토리,,,,medium
47d83e5e7202f212c784,이벤트 | 뉴스 | 메이플스토리,,,,medium
40f576d1b66d057e0c36,이벤트 | 뉴스 | 메이플스토리,,,,medium
f59d283dff62be739422,이벤트 | 뉴스 | 메이플스토리,,,,medium
01076f82d89252fc346f,이벤트 | 뉴스 | 메이플스토리,,,,medium
23165e14218cbbad364b,이벤트 | 뉴스 | 메이플스토리,,,,medium
0b40c5ba593c32a79aed,이벤트 | 뉴스 | 메이플스토리,,,,medium
6a6ecba82b8e1d298fbe,이벤트 | 뉴스 | 메이플스토리,,,,medium
c19e4a3653fcbeaeee3f,이벤트 | 뉴스 | 메이플스토리,,,,medium
bbb424c2a5a0ca8b1c0a,이벤트 | 뉴스 | 메이플스토리,,,,medium
5f8356bce41fc6a51578,이벤트 | 뉴스 | 메이플스토리,,,,medium
1ac62dc2f5e01c1841c8,이벤트 | 뉴스 | 메이플스토리,,,,medium
328858d16a9e638f81ad,이벤트 | 뉴스 | 메이플스토리,,,,medium
12af9f51a86ebbf115d3,이벤트 | 뉴스 | 메이플스토리,,,,medium
8899f4411abf6841e583,이벤트 | 뉴스 | 메이플스토리,,,,medium
7270bbe2a4281e9ef1fc,이벤트 | 뉴스 | 메이플스토리,,,,medium
309e6725a47589affacc,이벤트 | 뉴스 | 메이플스토리,,,,medium
328592ac07eafa68494a,이벤트 | 뉴스 | 메이플스토리,,,,medium
25ded8817d8c1c7e76f8,이벤트 | 뉴스 | 메이플스토리,,,,medium
9625c0baccc47bded60f,이벤트 | 뉴스 | 메이플스토리,,,,medium
9041b5e221db5364fdf7,이벤트 | 뉴스 | 메이플스토리,,,,medium
e753b0c3e7adc12886cb,이벤트 | 뉴스 | 메이플스토리,,,,medium
d687f33e1feeea51cb82,이벤트 | 뉴스 | 메이플스토리,,,,medium
4f417d9fa7651df83800,이벤트 | 뉴스 | 메이플스토리,,,,medium
ad383f4b59323dc9a448,이벤트 | 뉴스 | 메이플스토리,,,,medium
4de953df6c5630ed3f69,이벤트 | 뉴스 | 메이플스토리,,,,medium
19adbc95de3f9b49cf91,이벤트 | 뉴스 | 메이플스토리,,,,medium
89ed7e99f15efefc74ae,이벤트 | 뉴스 | 메이플스토리,,,,medium
b1ae2296720c4f5b4b5a,이벤트 | 뉴스 | 메이플스토리,,,,medium
9ecf77483ef826d412e3,이벤트 | 뉴스 | 메이플스토리,,,,medium
1dcebf533e249fc5a826,이벤트 | 뉴스 | 메이플스토리,,,,medium
76a46ac882d0816e8acd,이벤트 | 뉴스 | 메이플스토리,,,,medium
e649c868cfd4795bfe79,이벤트 | 뉴스 | 메이플스토리,,,,medium
29a4f3635524f2ffc456,이벤트 | 뉴스 | 메이플스토리,,,,medium
80e5a20d29768f8894f5,이벤트 | 뉴스 | 메이플스토리,,,,medium
3d4036659ec8ad78be98,이벤트 | 뉴스 | 메이플스토리,,,,medium
1da17e94fc1c745cb8f7,이벤트 | 뉴스 | 메이플스토리,,,,medium
5e0472149dcb4ed75851,이벤트 | 뉴스 | 메이플스토리,,,,medium
f218a1789fe146f3b8fc,이벤트 | 뉴스 | 메이플스토리,,,,medium
e601c0654a153e8d5942,이벤트 | 뉴스 | 메이플스토리,,,,medium
a741dc42fa1f7efddf88,이벤트 | 뉴스 | 메이플스토리,,,,medium
84559de4214a3806e0f7,이벤트 | 뉴스 | 메이플스토리,,,,medium
3c6777249a5b1eec8d49,이벤트 | 뉴스 | 메이플스토리,,,,medium
c010c1328effc20f1440,이벤트 | 뉴스 | 메이플스토리,,,,medium
e09f003ca3d9834c654b,이벤트 | 뉴스 | 메이플스토리,,,,medium
899c464964fb5a5d42fe,이벤트 | 뉴스 | 메이플스토리,,,,medium
37d6e89246cbf8da804e,이벤트 | 뉴스 | 메이플스토리,,,,medium
7d2212bf800cb1f003c0,이벤트 | 뉴스 | 메이플스토리,,,,medium
2de354ecb0ee3813f581,이벤트 | 뉴스 | 메이플스토리,,,,medium
e7d612b6ed35191585c0,이벤트 | 뉴스 | 메이플스토리,,,,medium
b550a0090db888a87155,이벤트 | 뉴스 | 메이플스토리,,,,medium
263586cd154a89b42abf,이벤트 | 뉴스 | 메이플스토리,,,,medium
ce268c624c1583ea6a9f,이벤트 | 뉴스 | 메이플스토리,,,,medium
1a9f68b70b6fc78ca70f,이벤트 | 뉴스 | 메이플스토리,,,,medium
a6e32af5a8c0b049db43,이벤트 | 뉴스 | 메이플스토리,,,,medium
588eeb9c5c4fb2cbe4f1,이벤트 | 뉴스 | 메이플스토리,,,,medium
e058870a81209e29e660,이벤트 | 뉴스 | 메이플스토리,,,,medium
df4207cec1ea4bd0dc58,이벤트 | 뉴스 | 메이플스토리,,,,medium
534f64bbf4c81a592f27,이벤트 | 뉴스 | 메이플스토리,,,,medium
bff754e048d8c07c0f03,이벤트 | 뉴스 | 메이플스토리,,,,medium
0ebc15e2e43f844b77a5,이벤트 | 뉴스 | 메이플스토리,,,,medium
da319c8a5a13a2f9b46c,이벤트 | 뉴스 | 메이플스토리,,,,medium
2b392028b2046aaeb5b8,이벤트 | 뉴스 | 메이플스토리,,,,medium
cca5a7e1325208177357,이벤트 | 뉴스 | 메이플스토리,,,,medium
4c0bdae435be18750713,이벤트 | 뉴스 | 메이플스토리,,,,medium
18c97c12371202b178c1,이벤트 | 뉴스 | 메이플스토리,,,,medium
8015e46a7c795f2154db,이벤트 | 뉴스 | 메이플스토리,,,,medium
8c784bbdba735ebf65ab,이벤트 | 뉴스 | 메이플스토리,,,,medium
c0c54dfd9866bb72afa3,이벤트 | 뉴스 | 메이플스토리,,,,medium
2e78d364429bd16ae731,이벤트 | 뉴스 | 메이플스토리,,,,medium
2ce25a6705721edd5fdb,이벤트 | 뉴스 | 메이플스토리,,,,medium
b94ff65b4fe9ff8ab16f,이벤트 | 뉴스 | 메이플스토리,,,,medium
06e2fdce6d626b9babb5,이벤트 | 뉴스 | 메이플스토리,,,,medium
8130faf9d28bcf40c1be,이벤트 | 뉴스 | 메이플스토리,,,,medium
de72b8e236d256268d0f,이벤트 | 뉴스 | 메이플스토리,,,,medium
fa7e65fdf05af18e0ed2,이벤트 | 뉴스 | 메이플스토리,,,,medium
56d241cf436ab3e9b8e1,이벤트 | 뉴스 | 메이플스토리,,,,medium
5e3bf1be55c120904b66,이벤트 | 뉴스 | 메이플스토리,,,,medium
1983675b6d590ee84706,이벤트 | 뉴스 | 메이플스토리,,,,medium
2be0b9dc0e292d37362f,이벤트 | 뉴스 | 메이플스토리,,,,medium
e734c7c9e1eb04d3d788,이벤트 | 뉴스 | 메이플스토리,,,,medium
741767f2328aaea1e2ca,이벤트 | 뉴스 | 메이플스토리,,,,medium
9ca0d50c5fc5aab6983f,이벤트 | 뉴스 | 메이플스토리,,,,medium
9339dd5d5b090878deee,이벤트 | 뉴스 | 메이플스토리,,,,medium
6ef24c363ba48f37621b,이벤트 | 뉴스 | 메이플스토리,,,,medium
7046ee198b16b6ff3db9,이벤트 | 뉴스 | 메이플스토리,,,,medium
b0a6863d74a30856e5c6,이벤트 | 뉴스 | 메이플스토리,,,,medium
d7b262aa8e56c69fa911,이벤트 | 뉴스 | 메이플스토리,,,,medium
2a0ac67cfe9feff6b6a5,이벤트 | 뉴스 | 메이플스토리,,,,medium
fd6ed7bf30fd211247a6,이벤트 | 뉴스 | 메이플스토리,,,,medium
8a31804e8b32a57ae3fc,이벤트 | 뉴스 | 메이플스토리,,,,medium
b9f8c6d3093aca124bba,이벤트 | 뉴스 | 메이플스토리,,,,medium
74bc3e02258b60b427c5,이벤트 | 뉴스 | 메이플스토리,,,,medium
64764c1c91d43a5b59ce,이벤트 | 뉴스 | 메이플스토리,,,,medium
3baf124cdc85f6aedcc4,이벤트 | 뉴스 | 메이플스토리,,,,medium
ae365888fe6d484ce208,이벤트 | 뉴스 | 메이플스토리,,,,medium
15f1d182ee985eeabf65,이벤트 | 뉴스 | 메이플스토리,,,,medium
b40359e10ccb25b54d03,이벤트 | 뉴스 | 메이플스토리,,,,medium
28a50c1427f8afe45b82,이벤트 | 뉴스 | 메이플스토리,,,,medium
c208dad27ee4c5b5d138,이벤트 | 뉴스 | 메이플스토리,,,,medium
35f9ad6e31bfabf422c7,이벤트 | 뉴스 | 메이플스토리,,,,medium
4e07b788a9fa9e3c455a,이벤트 | 뉴스 | 메이플스토리,,,,medium
122198d7d284e043bc69,이벤트 | 뉴스 | 메이플스토리,,,,medium
3147780dc92eda149a7c,이벤트 | 뉴스 | 메이플스토리,,,,medium
f2fb586e9e561cf69572,이벤트 | 뉴스 | 메이플스토리,,,,medium
69f1ec8a618fbf1e1a92,이벤트 | 뉴스 | 메이플스토리,,,,medium
e5b6177c2e696fc9428e,이벤트 | 뉴스 | 메이플스토리,,,,medium
97ee80303e005cdeeb50,이벤트 | 뉴스 | 메이플스토리,,,,medium
6ffdeb6927b43650280a,이벤트 | 뉴스 | 메이플스토리,,,,medium
9268e9c1d10c9c8b51c6,이벤트 | 뉴스 | 메이플스토리,,,,medium
88284293e0136903ae82,이벤트 | 뉴스 | 메이플스토리,,,,medium
2b33286263390ad619a4,이벤트 | 뉴스 | 메이플스토리,,,,medium
5e574b3c5a1cc9caaf2f,이벤트 | 뉴스 | 메이플스토리,,,,medium
ca2d73e6e3b3bb712a66,이벤트 | 뉴스 | 메이플스토리,,,,medium
e4bb20a0ac0b2ee40cf7,이벤트 | 뉴스 | 메이플스토리,,,,medium
16948cc180b11294e71b,이벤트 | 뉴스 | 메이플스토리,,,,medium
64ce723a569d6521c267,이벤트 | 뉴스 | 메이플스토리,,,,medium
ba4b42d8285a189b1656,이벤트 | 뉴스 | 메이플스토리,,,,medium
aa4822fd2fb0437db6a0,이벤트 | 뉴스 | 메이플스토리,,,,medium
511dd789b3449f81adcc,이벤트 | 뉴스 | 메이플스토리,,,,medium
b999c36eb2d4d1be8bd2,이벤트 | 뉴스 | 메이플스토리,,,,medium
a378c30433f46646fe9e,이벤트 | 뉴스 | 메이플스토리,,,,medium
b2e0e6353465a589fae7,이벤트 | 뉴스 | 메이플스토리,,,,medium
cd0fad3eecdfd7c08524,이벤트 | 뉴스 | 메이플스토리,,,,medium
0c62d6b8d5226b3e1dc0,이벤트 | 뉴스 | 메이플스토리,,,,medium
9c1130359ce2d42a25d1,이벤트 | 뉴스 | 메이플스토리,,,,medium
c934b916249bd7b0e16f,이벤트 | 뉴스 | 메이플스토리,,,,medium
d4ecd3237c20b43bb72c,이벤트 | 뉴스 | 메이플스토리,,,,medium
2d2e2efd2b6586e1c7b1,이벤트 | 뉴스 | 메이플스토리,,,,medium
581eba249ccbfd7d490d,이벤트 | 뉴스 | 메이플스토리,,,,medium
ea6700a453469fcba392,이벤트 | 뉴스 | 메이플스토리,,,,medium
f8c703bb2c144f59a703,이벤트 | 뉴스 | 메이플스토리,,,,medium
3da0bf65c9f973ee4dfd,이벤트 | 뉴스 | 메이플스토리,,,,medium
1be73827bd5585bbeac7,이벤트 | 뉴스 | 메이플스토리,,,,medium
8e1904ce4d2cba30c694,이벤트 | 뉴스 | 메이플스토리,,,,medium
09fbea15471ad73fac05,이벤트 | 뉴스 | 메이플스토리,,,,medium
dceb69776f9c2f2e4722,이벤트 | 뉴스 | 메이플스토리,,,,medium
cc84eb0dbb1633fa1b98,이벤트 | 뉴스 | 메이플스토리,,,,medium
25577874d30db870a1eb,이벤트 | 뉴스 | 메이플스토리,,,,medium
3a3c44c8b4e23870bef6,이벤트 | 뉴스 | 메이플스토리,,,,medium
cc0146d36b50682e86f0,이벤트 | 뉴스 | 메이플스토리,,,,medium
c865b25ac1e41ff1c0fd,이벤트 | 뉴스 | 메이플스토리,,,,medium
ed6d1184fa69e32e3855,이벤트 | 뉴스 | 메이플스토리,,,,medium
e7f1b76d9bc444a02fc1,이벤트 | 뉴스 | 메이플스토리,,,,medium
1b4f5636edfb7feffe3a,이벤트 | 뉴스 | 메이플스토리,,,,medium
2bc37789775977332441,이벤트 | 뉴스 | 메이플스토리,,,,medium
59abd79e54ea60dd610c,이벤트 | 뉴스 | 메이플스토리,,,,medium
07f2066b6e5c6723ff09,이벤트 | 뉴스 | 메이플스토리,,,,medium
571c891955484838444a,이벤트 | 뉴스 | 메이플스토리,,,,medium
8a887f557fa1f30c64f4,이벤트 | 뉴스 | 메이플스토리,,,,medium
40753bc787181c00969b,이벤트 | 뉴스 | 메이플스토리,,,,medium
d62c648db010bdfcc721,이벤트 | 뉴스 | 메이플스토리,,,,medium
c4bf6db3d12bd084aa32,이벤트 | 뉴스 | 메이플스토리,,,,medium
1e443b95c5edfd1cd64f,이벤트 | 뉴스 | 메이플스토리,,,,medium
869b82d499cd444f3385,이벤트 | 뉴스 | 메이플스토리,,,,medium
a749821da2ecc5fc9f27,이벤트 | 뉴스 | 메이플스토리,,,,medium
1ae4ebc8dae97bbdd2dc,이벤트 | 뉴스 | 메이플스토리,,,,medium
3e9551f57dd0808a6371,이벤트 | 뉴스 | 메이플스토리,,,,medium
0029586fed97a2bd7772,이벤트 | 뉴스 | 메이플스토리,,,,medium
6c56d94b07afcbcecc9b,이벤트 | 뉴스 | 메이플스토리,,,,medium
23d36e7dab49deba7a28,이벤트 | 뉴스 | 메이플스토리,,,,medium
20e3d93152bc60f13d39,이벤트 | 뉴스 | 메이플스토리,,,,medium
4579f271b268650a698d,이벤트 | 뉴스 | 메이플스토리,,,,medium
59e8a0ffcc8da69ff39a,이벤트 | 뉴스 | 메이플스토리,,,,medium
6286533d4e45a844cee5,이벤트 | 뉴스 | 메이플스토리,,,,medium
f0ffa51b721be3716c0f,이벤트 | 뉴스 | 메이플스토리,,,,medium
7284514ce267e134d880,이벤트 | 뉴스 | 메이플스토리,,,,medium
dda433cc30eb0aa0c4b0,이벤트 | 뉴스 | 메이플스토리,,,,medium
94117ef52b8af463a769,이벤트 | 뉴스 | 메이플스토리,,,,medium
8db9882dcf986421d2b1,이벤트 | 뉴스 | 메이플스토리,,,,medium
ab000d36a2828fbd726a,이벤트 | 뉴스 | 메이플스토리,,,,medium
568535e0b4d055c7b97e,이벤트 | 뉴스 | 메이플스토리,,,,medium
bbf0f8d0f7c7194b9f17,이벤트 | 뉴스 | 메이플스토리,,,,medium
12cadb154d78e8d276f7,이벤트 | 뉴스 | 메이플스토리,,,,medium
d238e880f4625cbddef6,이벤트 | 뉴스 | 메이플스토리,,,,medium
e373de289ded9de6ea3c,이벤트 | 뉴스 | 메이플스토리,,,,medium
8c6c11a56b27f99966d8,이벤트 | 뉴스 | 메이플스토리,,,,medium
c0e2f2fb5af65e9c8011,이벤트 | 뉴스 | 메이플스토리,,,,medium
1eb88a8cb2c7f93e08d0,이벤트 | 뉴스 | 메이플스토리,,,,medium
b2c06d9af1709705eed5,이벤트 | 뉴스 | 메이플스토리,,,,medium
574b094021c70481e857,이벤트 | 뉴스 | 메이플스토리,,,,medium
510f85397600edcc039f,이벤트 | 뉴스 | 메이플스토리,,,,medium
82257859398d91e93894,이벤트 | 뉴스 | 메이플스토리,,,,medium
554185ab87cd80fc8aef,이벤트 | 뉴스 | 메이플스토리,,,,medium
4892a4b1ee576ae2d7b5,이벤트 | 뉴스 | 메이플스토리,,,,medium
edca17ad4cb02e927e4e,이벤트 | 뉴스 | 메이플스토리,,,,medium
6a4f0ef9b5438a5326b4,이벤트 | 뉴스 | 메이플스토리,,,,medium
ddf84d27bce23cf3e40a,이벤트 | 뉴스 | 메이플스토리,,,,medium
1c4a4d9039632d46b407,이벤트 | 뉴스 | 메이플스토리,,,,medium
9489c8075b9c94e42993,이벤트 | 뉴스 | 메이플스토리,,,,medium
55f7c5ec6effa18e0041,이벤트 | 뉴스 | 메이플스토리,,,,medium
7543de585d4eb1775401,이벤트 | 뉴스 | 메이플스토리,,,,medium
64055909248a601df501,이벤트 | 뉴스 | 메이플스토리,,,,medium
a796f0a9834b7ddab3f6,이벤트 | 뉴스 | 메이플스토리,,,,medium
9917b24a964930b36131,이벤트 | 뉴스 | 메이플스토리,,,,medium
f7f740b0a23c38bcc859,이벤트 | 뉴스 | 메이플스토리,,,,medium
103acbbf0d833145348e,이벤트 | 뉴스 | 메이플스토리,,,,medium
6e0b22d7cd1c7f6967b1,이벤트 | 뉴스 | 메이플스토리,,,,medium
eb9de17df8d2243d119b,이벤트 | 뉴스 | 메이플스토리,,,,medium
a586bb3c2bcb714e5fb6,이벤트 | 뉴스 | 메이플스토리,,,,medium
d083c09a782d94074a5e,이벤트 | 뉴스 | 메이플스토리,,,,medium
8bee8926ae60140494ee,이벤트 | 뉴스 | 메이플스토리,,,,medium
66d36149ab4ff8e08cc6,이벤트 | 뉴스 | 메이플스토리,,,,medium
47f1fd29cd523395b5b6,이벤트 | 뉴스 | 메이플스토리,,,,medium
138193f926f1bf167d19,이벤트 | 뉴스 | 메이플스토리,,,,medium
402b10887f0d2db1494e,이벤트 | 뉴스 | 메이플스토리,,,,medium
9a8d9062b277afb6424b,이벤트 | 뉴스 | 메이플스토리,,,,medium
252f3444f6b239bd73e3,이벤트 | 뉴스 | 메이플스토리,,,,medium
6e1c533dbe15a2781bb1,이벤트 | 뉴스 | 메이플스토리,,,,medium
dfc7c51a99f22e5ad498,이벤트 | 뉴스 | 메이플스토리,,,,medium
a216d912f81a5f70b7c4,이벤트 | 뉴스 | 메이플스토리,,,,medium
1b0d264274696eb6532d,이벤트 | 뉴스 | 메이플스토리,,,,medium
71fb18b372b0962ce046,이벤트 | 뉴스 | 메이플스토리,,,,medium
ce2b95bd5a36db5393dd,이벤트 | 뉴스 | 메이플스토리,,,,medium
9d2bb7110c7035a1f417,이벤트 | 뉴스 | 메이플스토리,,,,medium
cc59e50b1e93f8a60e5e,이벤트 | 뉴스 | 메이플스토리,,,,medium
8cb8954fa67efdaa14f8,이벤트 | 뉴스 | 메이플스토리,,,,medium
ec460eac5c06d913dd44,이벤트 | 뉴스 | 메이플스토리,,,,medium
0ca032d229d6a21709c5,이벤트 | 뉴스 | 메이플스토리,,,,medium
5f24380b4a657cdd3a4c,이벤트 | 뉴스 | 메이플스토리,,,,medium
ff5cf4c0aaddbe7f3fa4,이벤트 | 뉴스 | 메이플스토리,,,,medium
fe9d0a1251f34f3a4841,이벤트 | 뉴스 | 메이플스토리,,,,medium
e91beb7e8c616aee394a,이벤트 | 뉴스 | 메이플스토리,,,,medium
4b263404cf30710ad24a,이벤트 | 뉴스 | 메이플스토리,,,,medium
296fb5885e580d264927,이벤트 | 뉴스 | 메이플스토리,,,,medium
5dcba56fe8434ef55c62,이벤트 | 뉴스 | 메이플스토리,,,,medium
038d1574f0798158337d,이벤트 | 뉴스 | 메이플스토리,,,,medium
b93f481b9ff868415b73,이벤트 | 뉴스 | 메이플스토리,,,,medium
d410d9c3d01f5cc6032b,이벤트 | 뉴스 | 메이플스토리,,,,medium
2e32f0b68c7e3464e551,이벤트 | 뉴스 | 메이플스토리,,,,medium
0a5e17417a6161b3694f,이벤트 | 뉴스 | 메이플스토리,,,,medium
1e0060e08d9403be6475,이벤트 | 뉴스 | 메이플스토리,,,,medium
5c5de35a5f3de3d81ddf,이벤트 | 뉴스 | 메이플스토리,,,,medium
7cb12f13f69f4bf9b00d,이벤트 | 뉴스 | 메이플스토리,,,,medium
ec84fc6d2e937eb400eb,이벤트 | 뉴스 | 메이플스토리,,,,medium
019c3b3f1fc32ba0e804,이벤트 | 뉴스 | 메이플스토리,,,,medium
023a91a1a69f110357d7,이벤트 | 뉴스 | 메이플스토리,,,,medium
083638069a4369831a3a,이벤트 | 뉴스 | 메이플스토리,,,,medium
d1edfbe61c24bf9ba0f5,이벤트 | 뉴스 | 메이플스토리,,,,medium
b601f9c43abfab20c91f,이벤트 | 뉴스 | 메이플스토리,,,,medium
a4e9a0a1537d6934d3e3,이벤트 | 뉴스 | 메이플스토리,,,,medium
c79c08e4b5c9a79a0858,이벤트 | 뉴스 | 메이플스토리,,,,medium
319d5fc3d6d4d08d69a8,이벤트 | 뉴스 | 메이플스토리,,,,medium
8016b2a7e311674d9ab6,이벤트 | 뉴스 | 메이플스토리,,,,medium
b46fac79eb8351200bf4,이벤트 | 뉴스 | 메이플스토리,,,,medium
e7c669258cc7f3e2aff3,이벤트 | 뉴스 | 메이플스토리,,,,medium
810c957c5f3c1dbad5bc,이벤트 | 뉴스 | 메이플스토리,,,,medium
1d2b90076f8326eb6ebe,이벤트 | 뉴스 | 메이플스토리,,,,medium
2382e4e2cce37487f132,이벤트 | 뉴스 | 메이플스토리,,,,medium
973a48f8374883182359,이벤트 | 뉴스 | 메이플스토리,,,,medium
cde0f35169cd23cbc7f5,이벤트 | 뉴스 | 메이플스토리,,,,medium
e259963eb96635b983ff,이벤트 | 뉴스 | 메이플스토리,,,,medium
0db8c354421bdf1eae07,이벤트 | 뉴스 | 메이플스토리,,,,medium
7aae07deaec785c325ee,이벤트 | 뉴스 | 메이플스토리,,,,medium
fe817d082d6b1c72925e,이벤트 | 뉴스 | 메이플스토리,,,,medium
c110123b6e0a6c1f17d4,이벤트 | 뉴스 | 메이플스토리,,,,medium
d6fb043a0da28ca8400d,이벤트 | 뉴스 | 메이플스토리,,,,medium
24389c754be14bef6c20,이벤트 | 뉴스 | 메이플스토리,,,,medium
e15cf6a94894456fb41f,이벤트 | 뉴스 | 메이플스토리,,,,medium
50276ec7983fa1004065,이벤트 | 뉴스 | 메이플스토리,,,,medium
465f05f8789183a770e4,이벤트 | 뉴스 | 메이플스토리,,,,medium
7553c29d358dcc4dee90,이벤트 | 뉴스 | 메이플스토리,,,,medium
0b4ba649243b1bb55298,이벤트 | 뉴스 | 메이플스토리,,,,medium
4e588f827bfb75a7daf8,이벤트 | 뉴스 | 메이플스토리,,,,medium
3933e290314d562c2309,이벤트 | 뉴스 | 메이플스토리,,,,medium
7d9b76df546ae417888b,이벤트 | 뉴스 | 메이플스토리,,,,medium
ccc9fdadf3cca70b8736,이벤트 | 뉴스 | 메이플스토리,,,,medium
b5c440b457e77f42f7d6,이벤트 | 뉴스 | 메이플스토리,,,,medium
a14c0474ff60b4ee0d23,이벤트 | 뉴스 | 메이플스토리,,,,medium
c3e768f80c13ed3c1009,이벤트 | 뉴스 | 메이플스토리,,,,medium
09caf88a03f5901843ec,이벤트 | 뉴스 | 메이플스토리,,,,medium
908bab213be45c663ed0,이벤트 | 뉴스 | 메이플스토리,,,,medium
4c08092ea91a1ad3c8ee,이벤트 | 뉴스 | 메이플스토리,,,,medium
9bec354daad7241844d1,이벤트 | 뉴스 | 메이플스토리,,,,medium
ceb00b13af7c85fa0067,이벤트 | 뉴스 | 메이플스토리,,,,medium
873eef46ba1c72d804c1,이벤트 | 뉴스 | 메이플스토리,,,,medium
1be0eb0881969a0191c8,이벤트 | 뉴스 | 메이플스토리,,,,medium
0f5f3f5b94ad267f5ef2,이벤트 | 뉴스 | 메이플스토리,,,,medium
05faa9a12bdab1c5c0f0,이벤트 | 뉴스 | 메이플스토리,,,,medium
2c4e6caf4d0699bc44e0,이벤트 | 뉴스 | 메이플스토리,,,,medium
4e6f8642fbbe88f9dbcb,이벤트 | 뉴스 | 메이플스토리,,,,medium
d3962289693185157580,이벤트 | 뉴스 | 메이플스토리,,,,medium
390d2d2944df1c3ca5c2,이벤트 | 뉴스 | 메이플스토리,,,,medium
d14758d15a3c32156b3f,이벤트 | 뉴스 | 메이플스토리,,,,medium
219dea31504fca413b3f,이벤트 | 뉴스 | 메이플스토리,,,,medium
0c8adc75c835800c7524,이벤트 | 뉴스 | 메이플스토리,,,,medium
00f15b6ba8fcb4f7e106,이벤트 | 뉴스 | 메이플스토리,,,,medium
c3182137526923877fc9,이벤트 | 뉴스 | 메이플스토리,,,,medium
5430711caa6c752f559f,이벤트 | 뉴스 | 메이플스토리,,,,medium
79f54b2f908d419cb6dc,이벤트 | 뉴스 | 메이플스토리,,,,medium
0426bdcadd6198d520bb,이벤트 | 뉴스 | 메이플스토리,,,,medium
a3100434367a1033c5a8,이벤트 | 뉴스 | 메이플스토리,,,,medium
9f233dec739e674d62a3,이벤트 | 뉴스 | 메이플스토리,,,,medium
205c28ddad71a9943f6c,이벤트 | 뉴스 | 메이플스토리,,,,medium
856d3afa6b359527fb32,이벤트 | 뉴스 | 메이플스토리,,,,medium
27812cb2974c2fceb8be,이벤트 | 뉴스 | 메이플스토리,,,,medium
73aa5c5b251b136ad891,이벤트 | 뉴스 | 메이플스토리,,,,medium
dce7436140b13f092494,이벤트 | 뉴스 | 메이플스토리,,,,medium
30afcaf841739cf09294,이벤트 | 뉴스 | 메이플스토리,,,,medium
25f6457219e9b6ff77e5,이벤트 | 뉴스 | 메이플스토리,,,,medium
2726fc4da03d4860cdde,이벤트 | 뉴스 | 메이플스토리,,,,medium
94fb940ed5c948e48751,이벤트 | 뉴스 | 메이플스토리,,,,medium
0677a13e2834a456ab32,이벤트 | 뉴스 | 메이플스토리,,,,medium
524e9579d66f73c2c199,이벤트 | 뉴스 | 메이플스토리,,,,medium
79c649faa03b2a12c218,이벤트 | 뉴스 | 메이플스토리,,,,medium
817248e054227f979194,이벤트 | 뉴스 | 메이플스토리,,,,medium
dd37867d4c795d495438,이벤트 | 뉴스 | 메이플스토리,,,,medium
b7eb6b6fda2a44ac05da,이벤트 | 뉴스 | 메이플스토리,,,,medium
6d54ddc669abda4958f9,이벤트 | 뉴스 | 메이플스토리,,,,medium
b2bf6e0eee20fac461cf,이벤트 | 뉴스 | 메이플스토리,,,,medium
7e57da154f41b698a04d,이벤트 | 뉴스 | 메이플스토리,,,,medium
a604edc30c7f6f1a00d8,이벤트 | 뉴스 | 메이플스토리,,,,medium
af67dcd16f1df848a5f6,이벤트 | 뉴스 | 메이플스토리,,,,medium
89af806d48c8f6a84996,이벤트 | 뉴스 | 메이플스토리,,,,medium
426cd7634f01c3bbaaf3,이벤트 | 뉴스 | 메이플스토리,,,,medium
ed0cac9212b25203f514,이벤트 | 뉴스 | 메이플스토리,,,,medium
eb1d73c5dbacc2de6550,이벤트 | 뉴스 | 메이플스토리,,,,medium
479d0037943ff5619772,이벤트 | 뉴스 | 메이플스토리,,,,medium
7ea81cca51fe2af97987,이벤트 | 뉴스 | 메이플스토리,,,,medium
fffc0a87204499656805,이벤트 | 뉴스 | 메이플스토리,,,,medium
043ee5261b6e7373ba2d,이벤트 | 뉴스 | 메이플스토리,,,,medium
dfabf546fa4e520fdebd,이벤트 | 뉴스 | 메이플스토리,,,,medium
efc8ca5f332fb22d73df,이벤트 | 뉴스 | 메이플스토리,,,,medium
7549abc0efbc146e1110,이벤트 | 뉴스 | 메이플스토리,,,,medium
a3b47099208b1f649b91,이벤트 | 뉴스 | 메이플스토리,,,,medium
e20c2f4268725c9a5225,이벤트 | 뉴스 | 메이플스토리,,,,medium
cdaf3bb38663d6b1597b,이벤트 | 뉴스 | 메이플스토리,,,,medium
f0b9bb5d3d8049eb4a2e,이벤트 | 뉴스 | 메이플스토리,,,,medium
8031e98338cb6fecc17b,이벤트 | 뉴스 | 메이플스토리,,,,medium
680aebc41c6c49fff306,이벤트 | 뉴스 | 메이플스토리,,,,medium
ff46a378806e407e055a,이벤트 | 뉴스 | 메이플스토리,,,,medium
2a2220a481677b7bf6e7,이벤트 | 뉴스 | 메이플스토리,,,,medium
3a863259a2231ea373fc,이벤트 | 뉴스 | 메이플스토리,,,,medium
35f005e3cdf8be99af11,이벤트 | 뉴스 | 메이플스토리,,,,medium
4b87f5a4945c6fc3a9bb,이벤트 | 뉴스 | 메이플스토리,,,,medium
aa9c5aca2a4fdcb142bf,이벤트 | 뉴스 | 메이플스토리,,,,medium
ce40266036fd35708f6f,이벤트 | 뉴스 | 메이플스토리,,,,medium
e9e40d7c986fabd608f7,이벤트 | 뉴스 | 메이플스토리,,,,medium
5dd9df54e434fa737414,이벤트 | 뉴스 | 메이플스토리,,,,medium
88c5c6de0eb366a431f2,이벤트 | 뉴스 | 메이플스토리,,,,medium
dda3c910ebbbdb1a8c33,이벤트 | 뉴스 | 메이플스토리,,,,medium
074f8772d7d7cc8453fc,이벤트 | 뉴스 | 메이플스토리,,,,medium
be73dbe55afa28754a86,이벤트 | 뉴스 | 메이플스토리,,,,medium
dc68ded5501bb6c2598d,이벤트 | 뉴스 | 메이플스토리,,,,medium
bd85017ef5f1bc82363b,이벤트 | 뉴스 | 메이플스토리,,,,medium
1d5f668c434ee843a94e,이벤트 | 뉴스 | 메이플스토리,,,,medium
2702c4aeb8ac6e4104ed,이벤트 | 뉴스 | 메이플스토리,,,,medium
cf92b8bc0c5477c733a7,이벤트 | 뉴스 | 메이플스토리,,,,medium
d6e8f239493207208074,이벤트 | 뉴스 | 메이플스토리,,,,medium
f665f7f545afebcdafd6,이벤트 | 뉴스 | 메이플스토리,,,,medium
0e8ec13201d5cc0ccfa0,이벤트 | 뉴스 | 메이플스토리,,,,medium
0913840e5bc17a25544b,이벤트 | 뉴스 | 메이플스토리,,,,medium
de0c7d14f7634e8789af,이벤트 | 뉴스 | 메이플스토리,,,,medium
931341693502792779d1,이벤트 | 뉴스 | 메이플스토리,,,,medium
5180498a527501d4883d,이벤트 | 뉴스 | 메이플스토리,,,,medium
9bd8f3ed2ad09378d493,이벤트 | 뉴스 | 메이플스토리,,,,medium
99bd6d44c67146b4e2ca,이벤트 | 뉴스 | 메이플스토리,,,,medium
1d5342a823087b6ef0ee,이벤트 | 뉴스 | 메이플스토리,,,,medium
269313dacd117e0d149d,이벤트 | 뉴스 | 메이플스토리,,,,medium
f01307c99a868aa39048,이벤트 | 뉴스 | 메이플스토리,,,,medium
1b19b15a9d221757a513,이벤트 | 뉴스 | 메이플스토리,,,,medium
98d17ef37cdbfa95703b,이벤트 | 뉴스 | 메이플스토리,,,,medium
c22e6048a697046affa8,이벤트 | 뉴스 | 메이플스토리,,,,medium
4dd3d5e1cb6d9a7f0f1b,이벤트 | 뉴스 | 메이플스토리,,,,medium
da07855438354917d7cc,이벤트 | 뉴스 | 메이플스토리,,,,medium
deb13dd76f703ee8fe6a,이벤트 | 뉴스 | 메이플스토리,,,,medium
07a6476b25dacc53ff28,이벤트 | 뉴스 | 메이플스토리,,,,medium
fcec280f2514ff911503,이벤트 | 뉴스 | 메이플스토리,,,,medium
6f1c90e0e2f660ecabea,이벤트 | 뉴스 | 메이플스토리,,,,medium
aa4284760cdf1e4dab20,이벤트 | 뉴스 | 메이플스토리,,,,medium
693e2e872ae527df2543,이벤트 | 뉴스 | 메이플스토리,,,,medium
fcc799ebf116d91207f2,이벤트 | 뉴스 | 메이플스토리,,,,medium
eaa011278e80b0230ad3,이벤트 | 뉴스 | 메이플스토리,,,,medium
b33ef22ebabc85ac4892,이벤트 | 뉴스 | 메이플스토리,,,,medium
c22fcaf414ae331b7548,이벤트 | 뉴스 | 메이플스토리,,,,medium
94f30faecd3f2f24cadc,이벤트 | 뉴스 | 메이플스토리,,,,medium
a40a63790184e7abea5f,이벤트 | 뉴스 | 메이플스토리,,,,medium
9f6a9e7e1b36879b90cf,이벤트 | 뉴스 | 메이플스토리,,,,medium
d89bdce2d4879526def0,이벤트 | 뉴스 | 메이플스토리,,,,medium
b7e476da95f90e396e8c,이벤트 | 뉴스 | 메이플스토리,,,,medium
1f8832390e1ea0431801,이벤트 | 뉴스 | 메이플스토리,,,,medium
de99afce8020e77fb7f4,이벤트 | 뉴스 | 메이플스토리,,,,medium
3c19217d38f23ba4946b,이벤트 | 뉴스 | 메이플스토리,,,,medium
45383cd83ec2610e7d6e,이벤트 | 뉴스 | 메이플스토리,,,,medium
8296fb1f524b099a6897,이벤트 | 뉴스 | 메이플스토리,,,,medium
5dd3810321afd88a66ea,이벤트 | 뉴스 | 메이플스토리,,,,medium
3a6b4cf8da3740321158,이벤트 | 뉴스 | 메이플스토리,,,,medium
e0ccfaa40b27243f7e7e,이벤트 | 뉴스 | 메이플스토리,,,,medium
9b5e5b9e0afb0154ec6e,이벤트 | 뉴스 | 메이플스토리,,,,medium
5db93137ec64421c0c78,이벤트 | 뉴스 | 메이플스토리,,,,medium
4612871e8599b32e38e8,이벤트 | 뉴스 | 메이플스토리,,,,medium
dc82a6cbe8a8ba3952f7,이벤트 | 뉴스 | 메이플스토리,,,,medium
be9a7020d74b59b7ee51,이벤트 | 뉴스 | 메이플스토리,,,,medium
e445016e6c548fac1c51,이벤트 | 뉴스 | 메이플스토리,,,,medium
a71734b89bd6078250d7,이벤트 | 뉴스 | 메이플스토리,,,,medium
2313bc20373e5b029cef,이벤트 | 뉴스 | 메이플스토리,,,,medium
acbbcb565f53cf127d8c,이벤트 | 뉴스 | 메이플스토리,,,,medium
a48e14a6fbcecc60a19d,이벤트 | 뉴스 | 메이플스토리,,,,medium
e7990e0f6b1b2995172e,이벤트 | 뉴스 | 메이플스토리,,,,medium
1c4a5c220d49e28d3f88,이벤트 | 뉴스 | 메이플스토리,,,,medium
4b4ab99aa849d553034e,이벤트 | 뉴스 | 메이플스토리,,,,medium
074ec83cdfd1ffba4136,이벤트 | 뉴스 | 메이플스토리,,,,medium
c35f20690ff921c59a41,이벤트 | 뉴스 | 메이플스토리,,,,medium
bbd671cc594bf96b4e5e,이벤트 | 뉴스 | 메이플스토리,,,,medium
51b659927b018fd02946,이벤트 | 뉴스 | 메이플스토리,,,,medium
48d8be54c3f6ef8c2410,이벤트 | 뉴스 | 메이플스토리,,,,medium
9437e4190b997835e2e7,이벤트 | 뉴스 | 메이플스토리,,,,medium
72651df107b80b58b554,이벤트 | 뉴스 | 메이플스토리,,,,medium
2230b38404a1e7887918,이벤트 | 뉴스 | 메이플스토리,,,,medium
5095b952566fb3fd1701,이벤트 | 뉴스 | 메이플스토리,,,,medium
253dfcf5dd8daf8139f1,이벤트 | 뉴스 | 메이플스토리,,,,medium
b00975e70b0986c4ecbf,이벤트 | 뉴스 | 메이플스토리,,,,medium
5d2beee37dba92963bc5,이벤트 | 뉴스 | 메이플스토리,,,,medium
84301a1824e1ae297707,이벤트 | 뉴스 | 메이플스토리,,,,medium
d4667b96bc9983e55ba4,이벤트 | 뉴스 | 메이플스토리,,,,medium
75afd73461d0d3603544,이벤트 | 뉴스 | 메이플스토리,,,,medium
da1ecc9ca4fdfbb99f70,이벤트 | 뉴스 | 메이플스토리,,,,medium
89fa5a32df77f47b69d7,이벤트 | 뉴스 | 메이플스토리,,,,medium
000e0654e83f154e5752,이벤트 | 뉴스 | 메이플스토리,,,,medium
ef7d922d3be106e0b4b1,이벤트 | 뉴스 | 메이플스토리,,,,medium
9008e3d1d74ceb35b1bd,이벤트 | 뉴스 | 메이플스토리,,,,medium
ee4cd606f398aeb8d4b7,이벤트 | 뉴스 | 메이플스토리,,,,medium
c6585f826c5970fb658d,이벤트 | 뉴스 | 메이플스토리,,,,medium
cb0b152d4d617c1f9d0c,이벤트 | 뉴스 | 메이플스토리,,,,medium
02a41464a69536798de6,이벤트 | 뉴스 | 메이플스토리,,,,medium
47d80452e4bea047b2c8,이벤트 | 뉴스 | 메이플스토리,,,,medium
aaa17f53347845d41bec,이벤트 | 뉴스 | 메이플스토리,,,,medium
31f6ce7c254e90ad983c,이벤트 | 뉴스 | 메이플스토리,,,,medium
37a1b9463c1e160a0efe,이벤트 | 뉴스 | 메이플스토리,,,,medium
e98f607f8f41b30646a0,이벤트 | 뉴스 | 메이플스토리,,,,medium
d2cff6dab3a7cb2e2aca,이벤트 | 뉴스 | 메이플스토리,,,,medium
57c03a92775e26918afd,이벤트 | 뉴스 | 메이플스토리,,,,medium
42af763d3e0e506f9408,이벤트 | 뉴스 | 메이플스토리,,,,medium
178edf9461fa033970d9,이벤트 | 뉴스 | 메이플스토리,,,,medium
36689d96ea2529502422,이벤트 | 뉴스 | 메이플스토리,,,,medium
c9969c808ef36960245d,이벤트 | 뉴스 | 메이플스토리,,,,medium
615f0b50f866f2d9ad01,이벤트 | 뉴스 | 메이플스토리,,,,medium
d6d7bdcf47db1c01fe68,이벤트 | 뉴스 | 메이플스토리,,,,medium
7dc9354708991621580f,이벤트 | 뉴스 | 메이플스토리,,,,medium
38596b4a9571dfa8c7da,이벤트 | 뉴스 | 메이플스토리,,,,medium
3006ea31c5ab387a53ed,이벤트 | 뉴스 | 메이플스토리,,,,medium
8daa3739bc7060b12fa7,이벤트 | 뉴스 | 메이플스토리,,,,medium
6a03a413a760d5d4968d,이벤트 | 뉴스 | 메이플스토리,,,,medium
166827343dfd995ec19e,이벤트 | 뉴스 | 메이플스토리,,,,medium
148222622d4cd1381b9e,이벤트 | 뉴스 | 메이플스토리,,,,medium
703459761e2f9b4e2ce5,이벤트 | 뉴스 | 메이플스토리,,,,medium
9050f0a6cba0dea0f3e3,이벤트 | 뉴스 | 메이플스토리,,,,medium
fa89f907556065156c76,이벤트 | 뉴스 | 메이플스토리,,,,medium
3f1e3158eb654d1fac98,이벤트 | 뉴스 | 메이플스토리,,,,medium
16da89408ec90b1d1a8a,이벤트 | 뉴스 | 메이플스토리,,,,medium
12bdfc08e3044445ae4e,이벤트 | 뉴스 | 메이플스토리,,,,medium
057c8dbb2b5fa2294673,이벤트 | 뉴스 | 메이플스토리,,,,medium
b9db920cc26e95dff9db,이벤트 | 뉴스 | 메이플스토리,,,,medium
7970d4f40e5af856fee5,이벤트 | 뉴스 | 메이플스토리,,,,medium
76bf33f457b66f8471e0,이벤트 | 뉴스 | 메이플스토리,,,,medium
51a82431e1e70b245beb,이벤트 | 뉴스 | 메이플스토리,,,,medium
8b11fb288c1330401fda,이벤트 | 뉴스 | 메이플스토리,,,,medium
db2a133a2a82e3608654,이벤트 | 뉴스 | 메이플스토리,,,,medium
ec9ffbcc2e9065876984,이벤트 | 뉴스 | 메이플스토리,,,,medium
c0022bed9fe16f728097,이벤트 | 뉴스 | 메이플스토리,,,,medium
fbbf43240ac113bdae0a,이벤트 | 뉴스 | 메이플스토리,,,,medium
91bb0056a89d97359d0c,이벤트 | 뉴스 | 메이플스토리,,,,medium
3ee26152981b51cadbdc,이벤트 | 뉴스 | 메이플스토리,,,,medium
f7df86619ac0e2c17b7f,이벤트 | 뉴스 | 메이플스토리,,,,medium
52e6649da0cbe9c79249,이벤트 | 뉴스 | 메이플스토리,,,,medium
ee76c2c114bf4f7c1b3a,이벤트 | 뉴스 | 메이플스토리,,,,medium
624549245c20179cd733,이벤트 | 뉴스 | 메이플스토리,,,,medium
86128bb7a20b29aa3b19,이벤트 | 뉴스 | 메이플스토리,,,,medium
abfef361940b35deebd4,이벤트 | 뉴스 | 메이플스토리,,,,medium
df4691168a7008b4df9d,이벤트 | 뉴스 | 메이플스토리,,,,medium
1ac9160babce709b9492,이벤트 | 뉴스 | 메이플스토리,,,,medium
8f57a9a4e992aa7a9517,이벤트 | 뉴스 | 메이플스토리,,,,medium
7ae2c92affc003601e20,이벤트 | 뉴스 | 메이플스토리,,,,medium
40813dff2ab1cbeabeea,이벤트 | 뉴스 | 메이플스토리,,,,medium
0e44dd5dabb20d0a6cd2,이벤트 | 뉴스 | 메이플스토리,,,,medium
82279c4fe19ddbe2e215,이벤트 | 뉴스 | 메이플스토리,,,,medium
7e2aa10379c48ec7efef,이벤트 | 뉴스 | 메이플스토리,,,,medium
d8312b1c322ef8327281,이벤트 | 뉴스 | 메이플스토리,,,,medium
d7affe23aa6ef90f0947,이벤트 | 뉴스 | 메이플스토리,,,,medium
46e9d9176db56cccb7a8,이벤트 | 뉴스 | 메이플스토리,,,,medium
885af58c29b1b3748475,이벤트 | 뉴스 | 메이플스토리,,,,medium
2885542559d37957a006,이벤트 | 뉴스 | 메이플스토리,,,,medium
1048e114b41f1ec71274,이벤트 | 뉴스 | 메이플스토리,,,,medium
0f68689c25b027688d05,이벤트 | 뉴스 | 메이플스토리,,,,medium
b5a952f3cc2eb8dd5a62,이벤트 | 뉴스 | 메이플스토리,,,,medium
5ba02c16759534a0bde2,이벤트 | 뉴스 | 메이플스토리,,,,medium
c743232e74436daefcdd,이벤트 | 뉴스 | 메이플스토리,,,,medium
7bf674da2cea1fa0921a,이벤트 | 뉴스 | 메이플스토리,,,,medium
35c0b0118c84f6f9f918,이벤트 | 뉴스 | 메이플스토리,,,,medium
4439ba1e89b2498b9317,이벤트 | 뉴스 | 메이플스토리,,,,medium
9ecee5add91520053c5b,이벤트 | 뉴스 | 메이플스토리,,,,medium
bca36183c41463b4f1e8,이벤트 | 뉴스 | 메이플스토리,,,,medium
2345c4331e5f8e624843,이벤트 | 뉴스 | 메이플스토리,,,,medium
18a5babb4d44f089d6c8,이벤트 | 뉴스 | 메이플스토리,,,,medium
05f97cc9796b1cbebd86,이벤트 | 뉴스 | 메이플스토리,,,,medium
df1ff8d36356c704b4d6,이벤트 | 뉴스 | 메이플스토리,,,,medium
38f15317070550d85db6,이벤트 | 뉴스 | 메이플스토리,,,,medium
a4bc46534143eeec6589,이벤트 | 뉴스 | 메이플스토리,,,,medium
4440cb4e70c0299f6bdb,이벤트 | 뉴스 | 메이플스토리,,,,medium
0583f5bb04ae8322561b,이벤트 | 뉴스 | 메이플스토리,,,,medium
126d0b81c84ad65a6eb4,이벤트 | 뉴스 | 메이플스토리,,,,medium
66b18fe71dced0f672df,이벤트 | 뉴스 | 메이플스토리,,,,medium
cc73d3e5eb3e6da5f11c,이벤트 | 뉴스 | 메이플스토리,,,,medium
75dc1eb96aa6817ac14e,이벤트 | 뉴스 | 메이플스토리,,,,medium
37f1f247408c9b00e0b6,이벤트 | 뉴스 | 메이플스토리,,,,medium
426b3fd8fe85dd613113,이벤트 | 뉴스 | 메이플스토리,,,,medium
e7f5740c95fe474b1ec0,이벤트 | 뉴스 | 메이플스토리,,,,medium
8e1443d3b235802c2832,이벤트 | 뉴스 | 메이플스토리,,,,medium
5e73ea93ffa0186aa3d2,이벤트 | 뉴스 | 메이플스토리,,,,medium
3f941e1dca266ff668c1,이벤트 | 뉴스 | 메이플스토리,,,,medium
95f742270c91b8371867,이벤트 | 뉴스 | 메이플스토리,,,,medium
5765819e4b2a49715384,이벤트 | 뉴스 | 메이플스토리,,,,medium
a9dff4a9597c06eaf50f,이벤트 | 뉴스 | 메이플스토리,,,,medium
56f060ed1fc6775e9d18,이벤트 | 뉴스 | 메이플스토리,,,,medium
19caeab422d35a19528e,이벤트 | 뉴스 | 메이플스토리,,,,medium
15983e7723afbf8d8173,이벤트 | 뉴스 | 메이플스토리,,,,medium
fea707f7c181e4276563,이벤트 | 뉴스 | 메이플스토리,,,,medium
be27075dc1c94c22b62f,이벤트 | 뉴스 | 메이플스토리,,,,medium
63a4e75f13f5f511906e,이벤트 | 뉴스 | 메이플스토리,,,,medium
23e2985d7f770187b27d,이벤트 | 뉴스 | 메이플스토리,,,,medium
4d51a9be41b3bbdfbd79,이벤트 | 뉴스 | 메이플스토리,,,,medium
afe3d61750c9cdbbf00d,이벤트 | 뉴스 | 메이플스토리,,,,medium
e0edc15babd2ebdf047d,이벤트 | 뉴스 | 메이플스토리,,,,medium
1f3f24f4a8a519b32714,이벤트 | 뉴스 | 메이플스토리,,,,medium
716be1af725da122ad65,이벤트 | 뉴스 | 메이플스토리,,,,medium
00525acec836380c9af5,이벤트 | 뉴스 | 메이플스토리,,,,medium
a08d78b37f4cb22c543c,이벤트 | 뉴스 | 메이플스토리,,,,medium
e96b5b4164fb84076af0,이벤트 | 뉴스 | 메이플스토리,,,,medium
5332df496389ff259f07,이벤트 | 뉴스 | 메이플스토리,,,,medium
87f277dfa2a643b24d51,이벤트 | 뉴스 | 메이플스토리,,,,medium
32fa7e961aae13b7be4a,이벤트 | 뉴스 | 메이플스토리,,,,medium
d9144011bda04b648a19,이벤트 | 뉴스 | 메이플스토리,,,,medium
4d8a50633eae3f2c7cf0,이벤트 | 뉴스 | 메이플스토리,,,,medium
eecbf7a87dacc31cf9b7,이벤트 | 뉴스 | 메이플스토리,,,,medium
9215a9567468309c4bba,이벤트 | 뉴스 | 메이플스토리,,,,medium
e65154be70b9cb2335ce,이벤트 | 뉴스 | 메이플스토리,,,,medium
00d956d836834968c2e9,이벤트 | 뉴스 | 메이플스토리,,,,medium
ab422bcb9194773d60fc,이벤트 | 뉴스 | 메이플스토리,,,,medium
609338466a8c05644f3a,이벤트 | 뉴스 | 메이플스토리,,,,medium
571b17c06d4dd0853038,이벤트 | 뉴스 | 메이플스토리,,,,medium
9d6c7a40f273a367c293,이벤트 | 뉴스 | 메이플스토리,,,,medium
d886c5e6da874b344619,이벤트 | 뉴스 | 메이플스토리,,,,medium
38f67d2f93717073a1ad,이벤트 | 뉴스 | 메이플스토리,,,,medium
0271dc776381ef2a2baf,이벤트 | 뉴스 | 메이플스토리,,,,medium
a62456bc8e9c96f57191,이벤트 | 뉴스 | 메이플스토리,,,,medium
80da3acee9e294ce5ccb,이벤트 | 뉴스 | 메이플스토리,,,,medium
0901600a7ab47a0afd77,이벤트 | 뉴스 | 메이플스토리,,,,medium
4c32328cd21e0ba9ef69,이벤트 | 뉴스 | 메이플스토리,,,,medium
26454a3b6f0431625da2,이벤트 | 뉴스 | 메이플스토리,,,,medium
ca10237b7fb5a61b7d52,이벤트 | 뉴스 | 메이플스토리,,,,medium
77242c91a6417da08e84,이벤트 | 뉴스 | 메이플스토리,,,,medium
3369a5cc7335b2518522,이벤트 | 뉴스 | 메이플스토리,,,,medium
7fa79c1e76247b471590,이벤트 | 뉴스 | 메이플스토리,,,,medium
48b0d28c93f4ca5aedda,이벤트 | 뉴스 | 메이플스토리,,,,medium
e37440bcacce101a7aab,이벤트 | 뉴스 | 메이플스토리,,,,medium
da90478fe1817326a948,이벤트 | 뉴스 | 메이플스토리,,,,medium
f44b0e26eece0c5db23a,이벤트 | 뉴스 | 메이플스토리,,,,medium
5e70bb10bfa1fa0ec46f,이벤트 | 뉴스 | 메이플스토리,,,,medium
042d6e4df5c693abd844,이벤트 | 뉴스 | 메이플스토리,,,,medium
7937145b4edd15d2adc5,이벤트 | 뉴스 | 메이플스토리,,,,medium
24a01dfd88fa26b6b68e,이벤트 | 뉴스 | 메이플스토리,,,,medium
a60335dd2f0684a2b442,이벤트 | 뉴스 | 메이플스토리,,,,medium
2aa96306ab5ae33506b4,이벤트 | 뉴스 | 메이플스토리,,,,medium
8d2b5ecfee80737168c9,이벤트 | 뉴스 | 메이플스토리,,,,medium
87f58a0e713ae7cd6f5c,이벤트 | 뉴스 | 메이플스토리,,,,medium
eb9d937636cf26108ce8,이벤트 | 뉴스 | 메이플스토리,,,,medium
be33570e032bff06cd3b,이벤트 | 뉴스 | 메이플스토리,,,,medium
6ee5cb97f1d00afde815,이벤트 | 뉴스 | 메이플스토리,,,,medium
25426dcfdd4f4cd08949,이벤트 | 뉴스 | 메이플스토리,,,,medium
3ba52d6f3a3eb176cd86,이벤트 | 뉴스 | 메이플스토리,,,,medium
01e83d5dcfaae59b24e2,이벤트 | 뉴스 | 메이플스토리,,,,medium
44edd8df22096b131717,이벤트 | 뉴스 | 메이플스토리,,,,medium
1f6d3250207c63e66b20,이벤트 | 뉴스 | 메이플스토리,,,,medium
f4ec1de148d856481cd7,이벤트 | 뉴스 | 메이플스토리,,,,medium
df4609581ba2a7c7bac7,이벤트 | 뉴스 | 메이플스토리,,,,medium
f60617b88e09f55166f5,이벤트 | 뉴스 | 메이플스토리,,,,medium
adc799c8fa9c802b084b,이벤트 | 뉴스 | 메이플스토리,,,,medium
ef947dff29b0de1c7699,이벤트 | 뉴스 | 메이플스토리,,,,medium
2b42097ef80c2b024104,이벤트 | 뉴스 | 메이플스토리,,,,medium
795d509cc72a1b357fc2,이벤트 | 뉴스 | 메이플스토리,,,,medium
eb092816bbcdc757b669,이벤트 | 뉴스 | 메이플스토리,,,,medium
6bc4afe20f4a85b6b075,이벤트 | 뉴스 | 메이플스토리,,,,medium
96f26e30d9e8eef2b96f,이벤트 | 뉴스 | 메이플스토리,,,,medium
c72ab70d3e026579a9db,이벤트 | 뉴스 | 메이플스토리,,,,medium
b11b417ce0a3654064ea,이벤트 | 뉴스 | 메이플스토리,,,,medium
737916c43a7e4f9609d7,이벤트 | 뉴스 | 메이플스토리,,,,medium
a746f483543eaa404800,이벤트 | 뉴스 | 메이플스토리,,,,medium
3799e52d6b0679ad5e18,이벤트 | 뉴스 | 메이플스토리,,,,medium
40052c57ad2fd24b7922,이벤트 | 뉴스 | 메이플스토리,,,,medium
4d5624e2ee4c40b7ffc8,이벤트 | 뉴스 | 메이플스토리,,,,medium
965cf5b37feb762c2d08,이벤트 | 뉴스 | 메이플스토리,,,,medium
a29824ccf72b4d0e02ba,이벤트 | 뉴스 | 메이플스토리,,,,medium
0894936d23ae1c8daa6b,이벤트 | 뉴스 | 메이플스토리,,,,medium
8c7fe4d954918bb46edc,이벤트 | 뉴스 | 메이플스토리,,,,medium
35c558fd12b43531c849,이벤트 | 뉴스 | 메이플스토리,,,,medium
ea8f68f22412a0738c97,이벤트 | 뉴스 | 메이플스토리,,,,medium
13ddbad6940fd4294314,이벤트 | 뉴스 | 메이플스토리,,,,medium
32950229faafdeb86bc4,이벤트 | 뉴스 | 메이플스토리,,,,medium
ea53e50588b48a8c9fa5,이벤트 | 뉴스 | 메이플스토리,,,,medium
f018c68f67b4d25323aa,이벤트 | 뉴스 | 메이플스토리,,,,medium
c297d294f19830a91811,이벤트 | 뉴스 | 메이플스토리,,,,medium
d5086140affa9c560d02,이벤트 | 뉴스 | 메이플스토리,,,,medium
94fed798c5c098e13d10,이벤트 | 뉴스 | 메이플스토리,,,,medium
f7d685883dd45a08f741,이벤트 | 뉴스 | 메이플스토리,,,,medium
7066a0e2c6ededf4dcf5,이벤트 | 뉴스 | 메이플스토리,,,,medium
f5ae3eb0b7cac4030c79,이벤트 | 뉴스 | 메이플스토리,,,,medium
3faccdcff3aa30c7cc6c,이벤트 | 뉴스 | 메이플스토리,,,,medium
c50ca5b8590971c41a1e,이벤트 | 뉴스 | 메이플스토리,,,,medium
07214529e4dd8a7464b5,이벤트 | 뉴스 | 메이플스토리,,,,medium
370dda9728b77234dcbe,이벤트 | 뉴스 | 메이플스토리,,,,medium
fa55c1b5d43d36cbc1ae,이벤트 | 뉴스 | 메이플스토리,,,,medium
a2c9cac2778ea4ef286e,이벤트 | 뉴스 | 메이플스토리,,,,medium
50539d83c6a55c8a51b7,이벤트 | 뉴스 | 메이플스토리,,,,medium
75fbded5e2ce9a013ae2,이벤트 | 뉴스 | 메이플스토리,,,,medium
b0e173a967b587fb2703,이벤트 | 뉴스 | 메이플스토리,,,,medium
d0fe9d6936ae2d5efb74,이벤트 | 뉴스 | 메이플스토리,,,,medium
3f1a19f308f4e3db1b3c,이벤트 | 뉴스 | 메이플스토리,,,,medium
77df4df9a316e20c9951,이벤트 | 뉴스 | 메이플스토리,,,,medium
5d883adc3adbc1128cd8,이벤트 | 뉴스 | 메이플스토리,,,,medium
9289fdc7b47656a8500e,이벤트 | 뉴스 | 메이플스토리,,,,medium
d0e281000b6fc3de5ebd,이벤트 | 뉴스 | 메이플스토리,,,,medium
188a9c5ff526737c97eb,이벤트 | 뉴스 | 메이플스토리,,,,medium
5af4c2b12fddb793ef48,이벤트 | 뉴스 | 메이플스토리,,,,medium
7f188d7d586ccc68bafb,이벤트 | 뉴스 | 메이플스토리,,,,medium
1211f998bf31bc31f457,이벤트 | 뉴스 | 메이플스토리,,,,medium
76289ad9227ac138fd6b,이벤트 | 뉴스 | 메이플스토리,,,,medium
92a53b485bf47b466a5b,이벤트 | 뉴스 | 메이플스토리,,,,medium
8323ccc9164e0916dd0e,이벤트 | 뉴스 | 메이플스토리,,,,medium
dbcb77e89c240d981e0a,이벤트 | 뉴스 | 메이플스토리,,,,medium
246cb5077e059bd31c63,이벤트 | 뉴스 | 메이플스토리,,,,medium
64210b5d3f10a5dcde36,이벤트 | 뉴스 | 메이플스토리,,,,medium
725824a1920fd578328d,이벤트 | 뉴스 | 메이플스토리,,,,medium
76659a94946056c86752,이벤트 | 뉴스 | 메이플스토리,,,,medium
7a84aa0b8c3790724fdc,이벤트 | 뉴스 | 메이플스토리,,,,medium
733a1b10a01d8a9f59c6,이벤트 | 뉴스 | 메이플스토리,,,,medium
5d31ad67c26d170d62f9,이벤트 | 뉴스 | 메이플스토리,,,,medium
34ccd309f629eb1cecfe,이벤트 | 뉴스 | 메이플스토리,,,,medium
b0dfe6799cd76d30140d,이벤트 | 뉴스 | 메이플스토리,,,,medium
16d0561eff9cac0b1224,이벤트 | 뉴스 | 메이플스토리,,,,medium
39767a5fee1d26e32995,이벤트 | 뉴스 | 메이플스토리,,,,medium
3c34348c1f5d583ee5cd,이벤트 | 뉴스 | 메이플스토리,,,,medium
1e875d87281c2c5dfacc,이벤트 | 뉴스 | 메이플스토리,,,,medium
eb14b0437b7a76d0dc62,이벤트 | 뉴스 | 메이플스토리,,,,medium
4db125c91256b65b81d0,이벤트 | 뉴스 | 메이플스토리,,,,medium
cf17f15a3541c1b15ca0,이벤트 | 뉴스 | 메이플스토리,,,,medium
28e94b64d0422a3b0e2a,이벤트 | 뉴스 | 메이플스토리,,,,medium
aec05e68bd41ca66890d,이벤트 | 뉴스 | 메이플스토리,,,,medium
0d8e53a6b0e75c1f05d5,이벤트 | 뉴스 | 메이플스토리,,,,medium
dddb129d330422612b2a,이벤트 | 뉴스 | 메이플스토리,,,,medium
181c7fc7c5af12d3bd4c,이벤트 | 뉴스 | 메이플스토리,,,,medium
b63504d778ed55e5affe,이벤트 | 뉴스 | 메이플스토리,,,,medium
c770b81bca8b2ee01fe5,이벤트 | 뉴스 | 메이플스토리,,,,medium
42c272060cce92f552d9,이벤트 | 뉴스 | 메이플스토리,,,,medium
2021358c5d44be678e0f,이벤트 | 뉴스 | 메이플스토리,,,,medium
c669593043c032d7b8d2,이벤트 | 뉴스 | 메이플스토리,,,,medium
b7218aca0ac1c1edc2b9,이벤트 | 뉴스 | 메이플스토리,,,,medium
cecf2c4840c169929c0a,이벤트 | 뉴스 | 메이플스토리,,,,medium
74aac0f85a66a752cf08,이벤트 | 뉴스 | 메이플스토리,,,,medium
4e756a65cfd8f186fb7d,이벤트 | 뉴스 | 메이플스토리,,,,medium
19d2ceb81a16b00fc89e,이벤트 | 뉴스 | 메이플스토리,,,,medium
e29243ef99b5c2fd2c37,이벤트 | 뉴스 | 메이플스토리,,,,medium
1aca60ad8d687b03f058,이벤트 | 뉴스 | 메이플스토리,,,,medium
e7d7bbe87e64773fca2b,이벤트 | 뉴스 | 메이플스토리,,,,medium
4b35312bc13b25504b06,이벤트 | 뉴스 | 메이플스토리,,,,medium
85198ed102cd4b98157b,이벤트 | 뉴스 | 메이플스토리,,,,medium
0ab5a5198f7c841a9e24,이벤트 | 뉴스 | 메이플스토리,,,,medium
4ea5ec4b6516b9935b05,이벤트 | 뉴스 | 메이플스토리,,,,medium
8c68d0bf4557cee5dd1b,이벤트 | 뉴스 | 메이플스토리,,,,medium
9b323d99e182bf2d3df5,이벤트 | 뉴스 | 메이플스토리,,,,medium
a3376fd57212944bd1ea,이벤트 | 뉴스 | 메이플스토리,,,,medium
671d7eff1bf612d19631,이벤트 | 뉴스 | 메이플스토리,,,,medium
aa6cb22a2e18283f7f05,이벤트 | 뉴스 | 메이플스토리,,,,medium
07bb6bbe439e2cb74150,이벤트 | 뉴스 | 메이플스토리,,,,medium
ad76ff6414221778ae8e,이벤트 | 뉴스 | 메이플스토리,,,,medium
aec5e539feb970ee7eac,이벤트 | 뉴스 | 메이플스토리,,,,medium
c3430ca894cb1831848a,이벤트 | 뉴스 | 메이플스토리,,,,medium
bd19cedcb5cfeebba366,이벤트 | 뉴스 | 메이플스토리,,,,medium
ebc7d1572cf20d5e62df,이벤트 | 뉴스 | 메이플스토리,,,,medium
c349805660effc9e33b2,이벤트 | 뉴스 | 메이플스토리,,,,medium
238a7e3603dfebb7963d,이벤트 | 뉴스 | 메이플스토리,,,,medium
f6b841cb5869ac92f9ab,이벤트 | 뉴스 | 메이플스토리,,,,medium
b10302582c81b195ef1d,이벤트 | 뉴스 | 메이플스토리,,,,medium
5267f60dc4fc007e8d16,이벤트 | 뉴스 | 메이플스토리,,,,medium
ce8dfb02f82ff967ae7a,이벤트 | 뉴스 | 메이플스토리,,,,medium
71e9f4c6488f1d1220f8,이벤트 | 뉴스 | 메이플스토리,,,,medium
1c90fd3544681d44342e,이벤트 | 뉴스 | 메이플스토리,,,,medium
b2aabe6900e0f868b6cb,이벤트 | 뉴스 | 메이플스토리,,,,medium
18d422f05c0a62ecaf0c,이벤트 | 뉴스 | 메이플스토리,,,,medium
0d161e4dc884af42f104,이벤트 | 뉴스 | 메이플스토리,,,,medium
dc79423bf795e8752b2b,이벤트 | 뉴스 | 메이플스토리,,,,medium
e09c8e5915dc53b9dec1,이벤트 | 뉴스 | 메이플스토리,,,,medium
e2d3d43f2de69484e478,이벤트 | 뉴스 | 메이플스토리,,,,medium
e724931e38357231c97c,이벤트 | 뉴스 | 메이플스토리,,,,medium
709c774716d8fa8c96c5,이벤트 | 뉴스 | 메이플스토리,,,,medium
4c2e80a6d26b455210db,이벤트 | 뉴스 | 메이플스토리,,,,medium
1a585a567eb062c5019f,이벤트 | 뉴스 | 메이플스토리,,,,medium
92906c4a73ca342757ea,이벤트 | 뉴스 | 메이플스토리,,,,medium
3a95b03d61bdf4f1305a,이벤트 | 뉴스 | 메이플스토리,,,,medium
610bb51c312e8ba0f8d3,이벤트 | 뉴스 | 메이플스토리,,,,medium
3fe25b59bd168e293649,이벤트 | 뉴스 | 메이플스토리,,,,medium
9a86372bf751845ae405,이벤트 | 뉴스 | 메이플스토리,,,,medium
4ff09f19737ed9672a65,이벤트 | 뉴스 | 메이플스토리,,,,medium
6b95ca46feca538155e2,이벤트 | 뉴스 | 메이플스토리,,,,medium
b1866fb1b9e9465eb267,이벤트 | 뉴스 | 메이플스토리,,,,medium
a60e9c41b1f801869dc0,이벤트 | 뉴스 | 메이플스토리,,,,medium
3d6d479a2bcbf218256b,이벤트 | 뉴스 | 메이플스토리,,,,medium
347944ea288633541992,이벤트 | 뉴스 | 메이플스토리,,,,medium
a6e9736b1ecdbc2a0587,이벤트 | 뉴스 | 메이플스토리,,,,medium
aeea404591039da91ce9,이벤트 | 뉴스 | 메이플스토리,,,,medium
24b191a4133f5885292e,이벤트 | 뉴스 | 메이플스토리,,,,medium
cd734d42cfdfe54cf2ea,이벤트 | 뉴스 | 메이플스토리,,,,medium
3a1b2162239af1b125aa,이벤트 | 뉴스 | 메이플스토리,,,,medium
6f8fe5fe156376317c9c,이벤트 | 뉴스 | 메이플스토리,,,,medium
2aad7fc07e9fe5287577,이벤트 | 뉴스 | 메이플스토리,,,,medium
f3b8ebfec1eba6af95b2,이벤트 | 뉴스 | 메이플스토리,,,,medium
48afcd5110a157704aef,이벤트 | 뉴스 | 메이플스토리,,,,medium
133be31860007c2bc4f7,이벤트 | 뉴스 | 메이플스토리,,,,medium
be8afa71e39bb25b813c,이벤트 | 뉴스 | 메이플스토리,,,,medium
606bb78c5afb4d34051c,이벤트 | 뉴스 | 메이플스토리,,,,medium
c240915a68059d9246b1,이벤트 | 뉴스 | 메이플스토리,,,,medium
46ee511d4e52f446ebab,이벤트 | 뉴스 | 메이플스토리,,,,medium
df801183d6fe7badb09f,이벤트 | 뉴스 | 메이플스토리,,,,medium
98dd7f81ea8808d32cd7,이벤트 | 뉴스 | 메이플스토리,,,,medium
a83d24211e6ff56ae48f,이벤트 | 뉴스 | 메이플스토리,,,,medium
cfa2853d3876c9879475,이벤트 | 뉴스 | 메이플스토리,,,,medium
a6fe53577f8cb2e9564d,이벤트 | 뉴스 | 메이플스토리,,,,medium
2d1ca5e216bc713eafe9,이벤트 | 뉴스 | 메이플스토리,,,,medium
f5193d10894efc874f11,이벤트 | 뉴스 | 메이플스토리,,,,medium
e0006ee41e75e88e410e,이벤트 | 뉴스 | 메이플스토리,,,,medium
bafcca86d77d19f8fea0,이벤트 | 뉴스 | 메이플스토리,,,,medium
43930f46768798517ad4,이벤트 | 뉴스 | 메이플스토리,,,,medium
24b15f17e8c5ddd7b0f4,이벤트 | 뉴스 | 메이플스토리,,,,medium
f23d59faf1bfb34e3d4c,이벤트 | 뉴스 | 메이플스토리,,,,medium
3ab20c6ce1a9e513ce0d,이벤트 | 뉴스 | 메이플스토리,,,,medium
0e22bfdd40c3eb16db72,이벤트 | 뉴스 | 메이플스토리,,,,medium
10f24fbe9fdebbc9e3f8,이벤트 | 뉴스 | 메이플스토리,,,,medium
6a30999f6223f5fef59d,이벤트 | 뉴스 | 메이플스토리,,,,medium
dbe72732bba18aefcfb2,이벤트 | 뉴스 | 메이플스토리,,,,medium
780d2b7b63f2334324de,이벤트 | 뉴스 | 메이플스토리,,,,medium
4568928faed53e4dc795,이벤트 | 뉴스 | 메이플스토리,,,,medium
0c6361075b4652789ec8,이벤트 | 뉴스 | 메이플스토리,,,,medium
19bb6b4c6da33c8e3381,이벤트 | 뉴스 | 메이플스토리,,,,medium
9ba744bcc85622650e68,이벤트 | 뉴스 | 메이플스토리,,,,medium
7589bcbb5d5c6d62e422,이벤트 | 뉴스 | 메이플스토리,,,,medium
2ec4bcc2fbc6ddb08248,이벤트 | 뉴스 | 메이플스토리,,,,medium
ad2bdd32d43c5f18309d,이벤트 | 뉴스 | 메이플스토리,,,,medium
43e2ad35331af5f68c6f,이벤트 | 뉴스 | 메이플스토리,,,,medium
e5d5c027dde7589e3763,이벤트 | 뉴스 | 메이플스토리,,,,medium
7bbcbfd33858133f7955,이벤트 | 뉴스 | 메이플스토리,,,,medium
e649861cbb3fb73bd338,이벤트 | 뉴스 | 메이플스토리,,,,medium
508716485cefdf54fa5e,이벤트 | 뉴스 | 메이플스토리,,,,medium
ab8dcb6da58dde954800,이벤트 | 뉴스 | 메이플스토리,,,,medium
e514fe3d8f8b5b5948fe,이벤트 | 뉴스 | 메이플스토리,,,,medium
8c73e30ce3a46a304b4c,이벤트 | 뉴스 | 메이플스토리,,,,medium
4fb9ac884ff4e2aa9033,이벤트 | 뉴스 | 메이플스토리,,,,medium
6019a45fc08f1bfadbc5,이벤트 | 뉴스 | 메이플스토리,,,,medium
0f034f75f2a05d5a7e9f,이벤트 | 뉴스 | 메이플스토리,,,,medium
94455a4f5bdab4e76a96,이벤트 | 뉴스 | 메이플스토리,,,,medium
ab0e94457a2470526161,이벤트 | 뉴스 | 메이플스토리,,,,medium
afcb6d601f0bceeaba9c,이벤트 | 뉴스 | 메이플스토리,,,,medium
4cb9d851b4e04b11ac3e,이벤트 | 뉴스 | 메이플스토리,,,,medium
0b36e44a003c66088ad2,이벤트 | 뉴스 | 메이플스토리,,,,medium
abb8d4bb163bb68d6518,이벤트 | 뉴스 | 메이플스토리,,,,medium
5a4e904c90ee4ce8020b,이벤트 | 뉴스 | 메이플스토리,,,,medium
ea64c4beacce3ad5ae0f,이벤트 | 뉴스 | 메이플스토리,,,,medium
100f872beb584a8df038,이벤트 | 뉴스 | 메이플스토리,,,,medium
8c49c9659b4da96c7c19,이벤트 | 뉴스 | 메이플스토리,,,,medium
0eb4795ee5bacad6aec4,이벤트 | 뉴스 | 메이플스토리,,,,medium
2cc58769405d2365d61d,이벤트 | 뉴스 | 메이플스토리,,,,medium
ca653f19686bbc00d45e,이벤트 | 뉴스 | 메이플스토리,,,,medium
368b9063ef6d9f249e83,이벤트 | 뉴스 | 메이플스토리,,,,medium
fee0567571ce5074af43,이벤트 | 뉴스 | 메이플스토리,,,,medium
f9620e7e992a7a2a45cf,이벤트 | 뉴스 | 메이플스토리,,,,medium
38e971365baed652d0f4,이벤트 | 뉴스 | 메이플스토리,,,,medium
670351d6465bd8a5f62c,이벤트 | 뉴스 | 메이플스토리,,,,medium
dd1b1a51025f2c29ca77,이벤트 | 뉴스 | 메이플스토리,,,,medium
26b73fab0e6a565dc1e3,이벤트 | 뉴스 | 메이플스토리,,,,medium
11849fc397b375d957f0,이벤트 | 뉴스 | 메이플스토리,,,,medium
c15f8325a3e0bede46f9,이벤트 | 뉴스 | 메이플스토리,,,,medium
b6cca99cb0341490b7f9,이벤트 | 뉴스 | 메이플스토리,,,,medium
8774abed070c59a25fec,이벤트 | 뉴스 | 메이플스토리,,,,medium
1d956d82a0421492782f,이벤트 | 뉴스 | 메이플스토리,,,,medium
ffb5183eb68b0c31ea03,이벤트 | 뉴스 | 메이플스토리,,,,medium
40eb3337a5df795a34d0,이벤트 | 뉴스 | 메이플스토리,,,,medium
b8404a8eaa294ade722b,이벤트 | 뉴스 | 메이플스토리,,,,medium
e588f06bbb0fb3cbb82d,이벤트 | 뉴스 | 메이플스토리,,,,medium
022b5093eb9947bf7ab0,이벤트 | 뉴스 | 메이플스토리,,,,medium
3ce409cc23f6a851b6e6,이벤트 | 뉴스 | 메이플스토리,,,,medium
6c4ec98f6af3b8a11905,이벤트 | 뉴스 | 메이플스토리,,,,medium
d65b37b00440c8c56dde,이벤트 | 뉴스 | 메이플스토리,,,,medium
b3b3ad95798ed388a240,이벤트 | 뉴스 | 메이플스토리,,,,medium
87cbdd34bfee3eb63e28,이벤트 | 뉴스 | 메이플스토리,,,,medium
792aa0b044fe0926650f,이벤트 | 뉴스 | 메이플스토리,,,,medium
3e160c351e56829e0d99,이벤트 | 뉴스 | 메이플스토리,,,,medium
a4bef71f5ce6d34e50dd,이벤트 | 뉴스 | 메이플스토리,,,,medium
c11fe97a51aa30a32155,이벤트 | 뉴스 | 메이플스토리,,,,medium
6e0d44dcbed571a54d12,이벤트 | 뉴스 | 메이플스토리,,,,medium
81dec15e117037a86966,이벤트 | 뉴스 | 메이플스토리,,,,medium
370b64f0e6e94f5fa5fb,이벤트 | 뉴스 | 메이플스토리,,,,medium
40e0193c9e74c23019e6,이벤트 | 뉴스 | 메이플스토리,,,,medium
b66eea5b18cc366523de,이벤트 | 뉴스 | 메이플스토리,,,,medium
43263b8b2e16dd8f272e,이벤트 | 뉴스 | 메이플스토리,,,,medium
ed527719ae90de487bf5,이벤트 | 뉴스 | 메이플스토리,,,,medium
8f09367fc141fd2cc6de,이벤트 | 뉴스 | 메이플스토리,,,,medium
6222d44f8c4c5d769cf8,이벤트 | 뉴스 | 메이플스토리,,,,medium
7d48e86b47a28a96a9ff,이벤트 | 뉴스 | 메이플스토리,,,,medium
a378aab4bebce23b74ba,이벤트 | 뉴스 | 메이플스토리,,,,medium
ea00108473ce9742a6f8,이벤트 | 뉴스 | 메이플스토리,,,,medium
ab92a66efe6a7885fc64,이벤트 | 뉴스 | 메이플스토리,,,,medium
daa4058b8e486064b897,이벤트 | 뉴스 | 메이플스토리,,,,medium
9f42bf4c52524e7ec0a4,이벤트 | 뉴스 | 메이플스토리,,,,medium
332f70443569ed192440,이벤트 | 뉴스 | 메이플스토리,,,,medium
a20c36fad80517f7ad10,이벤트 | 뉴스 | 메이플스토리,,,,medium
74f8616928bd2e7367ef,이벤트 | 뉴스 | 메이플스토리,,,,medium
fc3582036f1f8f2a20e4,이벤트 | 뉴스 | 메이플스토리,,,,medium
681098159afdb245c1d5,이벤트 | 뉴스 | 메이플스토리,,,,medium
28a448dc7f28b5b23c51,이벤트 | 뉴스 | 메이플스토리,,,,medium
da1c2d4c9ccc1244bea1,이벤트 | 뉴스 | 메이플스토리,,,,medium
c6aff212be5391bf3453,이벤트 | 뉴스 | 메이플스토리,,,,medium
3537c7264059221e11d2,이벤트 | 뉴스 | 메이플스토리,,,,medium
bc9eafb7dd02f211871d,이벤트 | 뉴스 | 메이플스토리,,,,medium
e73981a31f32a387122f,이벤트 | 뉴스 | 메이플스토리,,,,medium
ee1e0ef5903f8ed3924f,이벤트 | 뉴스 | 메이플스토리,,,,medium
34367d19edb6d04ddf06,이벤트 | 뉴스 | 메이플스토리,,,,medium
591aceed0b07d0aefde3,이벤트 | 뉴스 | 메이플스토리,,,,medium
c99a5f9ed30624b70fca,이벤트 | 뉴스 | 메이플스토리,,,,medium
381422f88474cba7102f,이벤트 | 뉴스 | 메이플스토리,,,,medium
e11b587dbdb8457fd343,이벤트 | 뉴스 | 메이플스토리,,,,medium
b1db6e28bf347196d7fc,이벤트 | 뉴스 | 메이플스토리,,,,medium
9475c597f623b447e1b8,이벤트 | 뉴스 | 메이플스토리,,,,medium
d0c626cfc95563084ca2,이벤트 | 뉴스 | 메이플스토리,,,,medium
aadf959cc8de94daf354,이벤트 | 뉴스 | 메이플스토리,,,,medium
c183efce2324baf3e47d,이벤트 | 뉴스 | 메이플스토리,,,,medium
0003b1e936bbaeea3803,이벤트 | 뉴스 | 메이플스토리,,,,medium
6360304df19950b8da0e,이벤트 | 뉴스 | 메이플스토리,,,,medium
023621694c1d0187eead,이벤트 | 뉴스 | 메이플스토리,,,,medium
0e8f62034bd4fa2798ba,이벤트 | 뉴스 | 메이플스토리,,,,medium
18ce1d631eb775c4d2e5,이벤트 | 뉴스 | 메이플스토리,,,,medium
13d34eab53ad140b52ac,이벤트 | 뉴스 | 메이플스토리,,,,medium
600613d3670e28422d55,이벤트 | 뉴스 | 메이플스토리,,,,medium
a80918a4e49dcba7dd3b,이벤트 | 뉴스 | 메이플스토리,,,,medium
b4e11584e3483f0081d8,이벤트 | 뉴스 | 메이플스토리,,,,medium
e67dbd19514cca274924,이벤트 | 뉴스 | 메이플스토리,,,,medium
8f01577765ad4bae6d88,이벤트 | 뉴스 | 메이플스토리,,,,medium
bf7d1d21b89eeae4df3d,이벤트 | 뉴스 | 메이플스토리,,,,medium
91ef9f84cda97d026b7e,이벤트 | 뉴스 | 메이플스토리,,,,medium
db8d4424355a32ab63a3,이벤트 | 뉴스 | 메이플스토리,,,,medium
8288cf593a9d9ea68cc3,이벤트 | 뉴스 | 메이플스토리,,,,medium
8eccbdf3e569e6f1eb07,이벤트 | 뉴스 | 메이플스토리,,,,medium
1160e3e7e67e95b41c87,이벤트 | 뉴스 | 메이플스토리,,,,medium
6e26ed28f0fdfdfa2206,이벤트 | 뉴스 | 메이플스토리,,,,medium
7671e99bdcba9aa1022a,이벤트 | 뉴스 | 메이플스토리,,,,medium
b0c53dbc6cb7e6d71f95,이벤트 | 뉴스 | 메이플스토리,,,,medium
60081163a86bf4cafd31,이벤트 | 뉴스 | 메이플스토리,,,,medium
2910f3da42390b2922c5,이벤트 | 뉴스 | 메이플스토리,,,,medium
7a61c83994e1192b9f9d,이벤트 | 뉴스 | 메이플스토리,,,,medium
7d0afbb9069ffffb27f5,이벤트 | 뉴스 | 메이플스토리,,,,medium
370656b2e3ba0c321cc1,이벤트 | 뉴스 | 메이플스토리,,,,medium
802c8bf036dae7acc1b1,이벤트 | 뉴스 | 메이플스토리,,,,medium
826a66ec5c99da2da50a,이벤트 | 뉴스 | 메이플스토리,,,,medium
edab3f499ed74e5885cc,이벤트 | 뉴스 | 메이플스토리,,,,medium
11a8440bc34ef9360bc4,이벤트 | 뉴스 | 메이플스토리,,,,medium
505d0b467e7f116db3ba,이벤트 | 뉴스 | 메이플스토리,,,,medium
588f3c463d07250cd979,이벤트 | 뉴스 | 메이플스토리,,,,medium
8c3b9542a1edf597ab05,이벤트 | 뉴스 | 메이플스토리,,,,medium
e26cd96ab665f6637e04,이벤트 | 뉴스 | 메이플스토리,,,,medium
76f5fa3a2bee3699ac7c,이벤트 | 뉴스 | 메이플스토리,,,,medium
3a53a613e120cd00f6c1,이벤트 | 뉴스 | 메이플스토리,,,,medium
4fb436b2937530a0f7ce,이벤트 | 뉴스 | 메이플스토리,,,,medium
86e18c6551132ac932b6,이벤트 | 뉴스 | 메이플스토리,,,,medium
5de7d69f6102e104b75d,이벤트 | 뉴스 | 메이플스토리,,,,medium
166326e0909738ce95d0,이벤트 | 뉴스 | 메이플스토리,,,,medium
f7b4b1ec8e374ae24c68,이벤트 | 뉴스 | 메이플스토리,,,,medium
693dc9475206dd64dc2a,이벤트 | 뉴스 | 메이플스토리,,,,medium
8513f94a99a378404b72,이벤트 | 뉴스 | 메이플스토리,,,,medium
fe39a9442f5e91292f98,이벤트 | 뉴스 | 메이플스토리,,,,medium
49761c0da945756e6ae1,이벤트 | 뉴스 | 메이플스토리,,,,medium
56b619d4d945de19e0b7,이벤트 | 뉴스 | 메이플스토리,,,,medium
97aff7aac637720dc137,이벤트 | 뉴스 | 메이플스토리,,,,medium
d55bc2b04e0c25fab97e,이벤트 | 뉴스 | 메이플스토리,,,,medium
029c669e2e5863711c97,이벤트 | 뉴스 | 메이플스토리,,,,medium
8f07e387ad407b4d98c8,이벤트 | 뉴스 | 메이플스토리,,,,medium
fbed16c2edf0ec1e54df,이벤트 | 뉴스 | 메이플스토리,,,,medium
27830bceae0762f62b87,이벤트 | 뉴스 | 메이플스토리,,,,medium
f74c0424df7364bd1848,이벤트 | 뉴스 | 메이플스토리,,,,medium
7589aaa4056fb9ceb59c,이벤트 | 뉴스 | 메이플스토리,,,,medium
b707caaabcf5ba61d1b5,이벤트 | 뉴스 | 메이플스토리,,,,medium
4635cf47da9da8d5c6e0,이벤트 | 뉴스 | 메이플스토리,,,,medium
8a48a91e4128daa4b01a,이벤트 | 뉴스 | 메이플스토리,,,,medium
4e94acd4bae421365029,이벤트 | 뉴스 | 메이플스토리,,,,medium
8c0c53f8ced573109564,이벤트 | 뉴스 | 메이플스토리,,,,medium
ad521c344b7d3b18b252,이벤트 | 뉴스 | 메이플스토리,,,,medium
07c600cdc67938d0b8a6,이벤트 | 뉴스 | 메이플스토리,,,,medium
dec8083de464cf4b38e2,이벤트 | 뉴스 | 메이플스토리,,,,medium
1ac0e11872e8528b5d9c,이벤트 | 뉴스 | 메이플스토리,,,,medium
0733d60fcf4e027716dc,이벤트 | 뉴스 | 메이플스토리,,,,medium
48acdd9c14ab1faeca80,이벤트 | 뉴스 | 메이플스토리,,,,medium
3334f26988d51dcc42e7,이벤트 | 뉴스 | 메이플스토리,,,,medium
6ea7d36505e00bcffcc8,이벤트 | 뉴스 | 메이플스토리,,,,medium
6d7488239904cd296c27,이벤트 | 뉴스 | 메이플스토리,,,,medium
67f66e0a834324003fbf,이벤트 | 뉴스 | 메이플스토리,,,,medium
ad07aa9bf17619ecebb2,이벤트 | 뉴스 | 메이플스토리,,,,medium
5eea9e907c148e785bd6,이벤트 | 뉴스 | 메이플스토리,,,,medium
4e1ef3cafbfa85987d0d,이벤트 | 뉴스 | 메이플스토리,,,,medium
5a9ffd475fec82bf0c0a,이벤트 | 뉴스 | 메이플스토리,,,,medium
65fe5554ddd1da22e08d,이벤트 | 뉴스 | 메이플스토리,,,,medium
ad54d506d357fcab70e9,이벤트 | 뉴스 | 메이플스토리,,,,medium
4ffe3e79db993b23ab47,이벤트 | 뉴스 | 메이플스토리,,,,medium
47e6046296a94b062d01,이벤트 | 뉴스 | 메이플스토리,,,,medium
16319e9ecf8136816df4,이벤트 | 뉴스 | 메이플스토리,,,,medium
4ef3f4c8d7d3c5f34f50,이벤트 | 뉴스 | 메이플스토리,,,,medium
1e16ae4af194f3f045b2,이벤트 | 뉴스 | 메이플스토리,,,,medium
9a1173badb5996afb55f,이벤트 | 뉴스 | 메이플스토리,,,,medium
f0ad17bc506eda2d8de0,이벤트 | 뉴스 | 메이플스토리,,,,medium
caa43b763e5693df95fd,이벤트 | 뉴스 | 메이플스토리,,,,medium
67a23d206e7df51ec091,이벤트 | 뉴스 | 메이플스토리,,,,medium
887f1dfda268c791ae44,이벤트 | 뉴스 | 메이플스토리,,,,medium
d551a5921f08c90adce3,이벤트 | 뉴스 | 메이플스토리,,,,medium
841ed4fe626156520da3,이벤트 | 뉴스 | 메이플스토리,,,,medium
5787bd249af616754691,이벤트 | 뉴스 | 메이플스토리,,,,medium
e0f5a46e4efb7355573f,이벤트 | 뉴스 | 메이플스토리,,,,medium
7e859e016494a43078c4,이벤트 | 뉴스 | 메이플스토리,,,,medium
f65b975777e38f76c168,이벤트 | 뉴스 | 메이플스토리,,,,medium
553accb4fd7a51aad796,이벤트 | 뉴스 | 메이플스토리,,,,medium
2e54bf6702f0165510b1,이벤트 | 뉴스 | 메이플스토리,,,,medium
8e9e6ff763415f880cf6,이벤트 | 뉴스 | 메이플스토리,,,,medium
84344f0425238adcc663,이벤트 | 뉴스 | 메이플스토리,,,,medium
3f9d835fa8b517228de4,이벤트 | 뉴스 | 메이플스토리,,,,medium
31678e5de46219d5bdfb,이벤트 | 뉴스 | 메이플스토리,,,,medium
0d2b2d194c173eaccbe0,이벤트 | 뉴스 | 메이플스토리,,,,medium
27ab934fd69d0af8247a,이벤트 | 뉴스 | 메이플스토리,,,,medium
dc8c98bd1fee44f89977,이벤트 | 뉴스 | 메이플스토리,,,,medium
a64921671126df304aa8,이벤트 | 뉴스 | 메이플스토리,,,,medium
8b8c6f661d187b2b02a6,이벤트 | 뉴스 | 메이플스토리,,,,medium
dd486575d6a82cc51762,이벤트 | 뉴스 | 메이플스토리,,,,medium
cd1bc0ebdc1d2240b74b,이벤트 | 뉴스 | 메이플스토리,,,,medium
b4a95b0db3a31a3d4919,이벤트 | 뉴스 | 메이플스토리,,,,medium
6fa22412b1ec3cdd8697,이벤트 | 뉴스 | 메이플스토리,,,,medium
5c92ff34f73619fc356f,이벤트 | 뉴스 | 메이플스토리,,,,medium
4c40f40af5b1e0b43280,이벤트 | 뉴스 | 메이플스토리,,,,medium
7d9cf9dd4bbda53591c7,이벤트 | 뉴스 | 메이플스토리,,,,medium
9d7450e34f8d64605f9d,이벤트 | 뉴스 | 메이플스토리,,,,medium
e554e5aef89213d799c8,이벤트 | 뉴스 | 메이플스토리,,,,medium
cb70f955808c0b9974ba,이벤트 | 뉴스 | 메이플스토리,,,,medium
7ded650d946be154dd89,이벤트 | 뉴스 | 메이플스토리,,,,medium
c86183172257b08d0196,이벤트 | 뉴스 | 메이플스토리,,,,medium
4d223650741f1b0693be,이벤트 | 뉴스 | 메이플스토리,,,,medium
19b6fd9d800d2e86a654,이벤트 | 뉴스 | 메이플스토리,,,,medium
49d1a1ccacb4670bf72f,이벤트 | 뉴스 | 메이플스토리,,,,medium
3eb9223e6c8710f7e572,이벤트 | 뉴스 | 메이플스토리,,,,medium
d5677881ae3c8a3942ac,이벤트 | 뉴스 | 메이플스토리,,,,medium
3d7cb0ecda4b2e22d6e5,이벤트 | 뉴스 | 메이플스토리,,,,medium
95f878ee1d7ac0994947,이벤트 | 뉴스 | 메이플스토리,,,,medium
e594461f5c2326b6101a,이벤트 | 뉴스 | 메이플스토리,,,,medium
6eae910d982580e70da0,이벤트 | 뉴스 | 메이플스토리,,,,medium
d94a3176f10adb312528,이벤트 | 뉴스 | 메이플스토리,,,,medium
221ff0c0564f0968a1d8,이벤트 | 뉴스 | 메이플스토리,,,,medium
68131fc2d425f6df2602,이벤트 | 뉴스 | 메이플스토리,,,,medium
b0461dec262943a73129,이벤트 | 뉴스 | 메이플스토리,,,,medium
4b8e57c87955390a36d1,이벤트 | 뉴스 | 메이플스토리,,,,medium
436039505519c50ba84f,이벤트 | 뉴스 | 메이플스토리,,,,medium
45bb067809d75dfc3a24,이벤트 | 뉴스 | 메이플스토리,,,,medium
fac56d5071536acdbb86,이벤트 | 뉴스 | 메이플스토리,,,,medium
ac295e38294eca8382bb,이벤트 | 뉴스 | 메이플스토리,,,,medium
e306048561845fbe70f4,이벤트 | 뉴스 | 메이플스토리,,,,medium
eff4ddcad353a5a79972,이벤트 | 뉴스 | 메이플스토리,,,,medium
cc9860216cfd9e254c07,이벤트 | 뉴스 | 메이플스토리,,,,medium
04925dd5bb6e60b246d9,이벤트 | 뉴스 | 메이플스토리,,,,medium
6d45178c5ec64dd568f7,이벤트 | 뉴스 | 메이플스토리,,,,medium
8642f6073834ec492857,이벤트 | 뉴스 | 메이플스토리,,,,medium
81bc2a9a647f2b4f3487,이벤트 | 뉴스 | 메이플스토리,,,,medium
fe412b81cc167e677301,이벤트 | 뉴스 | 메이플스토리,,,,medium
6faff52e7bfd4932de4b,이벤트 | 뉴스 | 메이플스토리,,,,medium
586cb4e4602e64da6a5d,이벤트 | 뉴스 | 메이플스토리,,,,medium
c6d170ef77f839e0b3de,이벤트 | 뉴스 | 메이플스토리,,,,medium
544817b700b93fba2c00,이벤트 | 뉴스 | 메이플스토리,,,,medium
503414f2d3012bb36281,이벤트 | 뉴스 | 메이플스토리,,,,medium
8c723df4f8493dd1dd22,이벤트 | 뉴스 | 메이플스토리,,,,medium
634412bbf378d816334a,이벤트 | 뉴스 | 메이플스토리,,,,medium
93888e7093350c9ef8cd,이벤트 | 뉴스 | 메이플스토리,,,,medium
c334eca4bd9870958bb4,이벤트 | 뉴스 | 메이플스토리,,,,medium
4070e47cc4f45b6fd8fd,이벤트 | 뉴스 | 메이플스토리,,,,medium
3fdbc78b365cc50228a6,이벤트 | 뉴스 | 메이플스토리,,,,medium
f1eb20feaeffba08d6be,이벤트 | 뉴스 | 메이플스토리,,,,medium
ef3075bba374030e4a97,이벤트 | 뉴스 | 메이플스토리,,,,medium
e88b9484b4a30dc6def8,이벤트 | 뉴스 | 메이플스토리,,,,medium
b985a8c98cbfab91ac3f,이벤트 | 뉴스 | 메이플스토리,,,,medium
5e9d66dc7f8cd7011283,이벤트 | 뉴스 | 메이플스토리,,,,medium
a4dceb60945148490b9d,이벤트 | 뉴스 | 메이플스토리,,,,medium
1321047f95cef4c33d3a,이벤트 | 뉴스 | 메이플스토리,,,,medium
8931f33bae112dd4c9a1,이벤트 | 뉴스 | 메이플스토리,,,,medium
377bbb4f7ee4263e0d62,이벤트 | 뉴스 | 메이플스토리,,,,medium
1b766552542e81d22c31,이벤트 | 뉴스 | 메이플스토리,,,,medium
2c182864996748c10767,이벤트 | 뉴스 | 메이플스토리,,,,medium
cf4d653895bddb23c375,이벤트 | 뉴스 | 메이플스토리,,,,medium
030c9710a612edeae4cd,이벤트 | 뉴스 | 메이플스토리,,,,medium
3b86156e16aa7b7b1170,이벤트 | 뉴스 | 메이플스토리,,,,medium
a7efb0398790e1bd937b,이벤트 | 뉴스 | 메이플스토리,,,,medium
0e4bfb89b08cccf35480,이벤트 | 뉴스 | 메이플스토리,,,,medium
18572c803c6d8bc6fdb9,이벤트 | 뉴스 | 메이플스토리,,,,medium
d412629bbe76402d720d,이벤트 | 뉴스 | 메이플스토리,,,,medium
0d56b35906be92e2fddc,이벤트 | 뉴스 | 메이플스토리,,,,medium
a818cdd68264aae37382,이벤트 | 뉴스 | 메이플스토리,,,,medium
7b69fbdb44e451ae55e1,이벤트 | 뉴스 | 메이플스토리,,,,medium
5430faffb49bc687db49,이벤트 | 뉴스 | 메이플스토리,,,,medium
6993a6ed79ef4e7376da,이벤트 | 뉴스 | 메이플스토리,,,,medium
a27d0cbc12cf99f221f5,이벤트 | 뉴스 | 메이플스토리,,,,medium
4ef5e3b2d55765a862b3,이벤트 | 뉴스 | 메이플스토리,,,,medium
b233908688e2ce0fec6c,이벤트 | 뉴스 | 메이플스토리,,,,medium
e49ad28926e50bb3de19,이벤트 | 뉴스 | 메이플스토리,,,,medium
8c6bc8b4fc2f6d709349,이벤트 | 뉴스 | 메이플스토리,,,,medium
d157cd46363624cbaee8,이벤트 | 뉴스 | 메이플스토리,,,,medium
1aa2d9cda02451f8037e,이벤트 | 뉴스 | 메이플스토리,,,,medium
263defa1484aef7386cf,이벤트 | 뉴스 | 메이플스토리,,,,medium
1912ff596837b85cd519,이벤트 | 뉴스 | 메이플스토리,,,,medium
343b5df6213e2a9c4c04,이벤트 | 뉴스 | 메이플스토리,,,,medium
dfb85e787e5f17294ae8,이벤트 | 뉴스 | 메이플스토리,,,,medium
3463a473e745caabf188,이벤트 | 뉴스 | 메이플스토리,,,,medium
5b4c6a7999c881395a8f,이벤트 | 뉴스 | 메이플스토리,,,,medium
86709ff63508b1ee4443,이벤트 | 뉴스 | 메이플스토리,,,,medium
c707bc4ef42487fc3376,이벤트 | 뉴스 | 메이플스토리,,,,medium
ef0917303c8675baaa34,이벤트 | 뉴스 | 메이플스토리,,,,medium
f65c7ebf095cf4411708,이벤트 | 뉴스 | 메이플스토리,,,,medium
54a55db04fc8c53a2653,이벤트 | 뉴스 | 메이플스토리,,,,medium
64afbab4f9d4ab0cd0a4,이벤트 | 뉴스 | 메이플스토리,,,,medium
ffc1ffee1282fd78f5c9,이벤트 | 뉴스 | 메이플스토리,,,,medium
e040db9e78fa5b53c790,이벤트 | 뉴스 | 메이플스토리,,,,medium
c51092fd38775a8ec055,이벤트 | 뉴스 | 메이플스토리,,,,medium
0f34bcef31701cc8572b,이벤트 | 뉴스 | 메이플스토리,,,,medium
d010ea7a965c6e90286a,이벤트 | 뉴스 | 메이플스토리,,,,medium
e788d759747ecbe96efa,이벤트 | 뉴스 | 메이플스토리,,,,medium
ff59ee7c2a10b7ed21d1,이벤트 | 뉴스 | 메이플스토리,,,,medium
4e14b9cba31dc1556cc5,이벤트 | 뉴스 | 메이플스토리,,,,medium
18de892ff76b65b96861,이벤트 | 뉴스 | 메이플스토리,,,,medium
e61af0885bef7f94e39b,이벤트 | 뉴스 | 메이플스토리,,,,medium
ea9d9337a0d17effdd21,이벤트 | 뉴스 | 메이플스토리,,,,medium
fe76c38c9ad87ca43a2e,이벤트 | 뉴스 | 메이플스토리,,,,medium
e9da2bf651bbc11dece7,이벤트 | 뉴스 | 메이플스토리,,,,medium
512293ffd3841c3c120d,이벤트 | 뉴스 | 메이플스토리,,,,medium
8a36ae41224471997b8d,이벤트 | 뉴스 | 메이플스토리,,,,medium
4812c21f5293028efd7d,이벤트 | 뉴스 | 메이플스토리,,,,medium
37d587aa75aa31b98ed7,이벤트 | 뉴스 | 메이플스토리,,,,medium
bb3811aed6eaca0f86f4,이벤트 | 뉴스 | 메이플스토리,,,,medium
aecb153765da28aedace,이벤트 | 뉴스 | 메이플스토리,,,,medium
9df0804bd2a5474673f8,이벤트 | 뉴스 | 메이플스토리,,,,medium
61dde100763db0bd1d7e,이벤트 | 뉴스 | 메이플스토리,,,,medium
b55abf7440d340475e26,이벤트 | 뉴스 | 메이플스토리,,,,medium
7ff3a27a954f0f49aa3e,이벤트 | 뉴스 | 메이플스토리,,,,medium
365712bd7a2c92c12c2e,이벤트 | 뉴스 | 메이플스토리,,,,medium
3b6f618100d93dd1b1bd,이벤트 | 뉴스 | 메이플스토리,,,,medium
c8f00aa9c825b4403b11,이벤트 | 뉴스 | 메이플스토리,,,,medium
08bcb620bdf79c454a5b,이벤트 | 뉴스 | 메이플스토리,,,,medium
1569649a631ab7bf3523,이벤트 | 뉴스 | 메이플스토리,,,,medium
49d1de746c48bf9843a3,이벤트 | 뉴스 | 메이플스토리,,,,medium
ac99a8a0fd9e1e52002e,이벤트 | 뉴스 | 메이플스토리,,,,medium
1d545d439b66e3432ba4,이벤트 | 뉴스 | 메이플스토리,,,,medium
f099d0b24696882f1ac0,이벤트 | 뉴스 | 메이플스토리,,,,medium
f688db06b9abecc2d932,이벤트 | 뉴스 | 메이플스토리,,,,medium
cda60104de9619d86154,이벤트 | 뉴스 | 메이플스토리,,,,medium
8df5785e98176e70d8f9,이벤트 | 뉴스 | 메이플스토리,,,,medium
ed22ea008510462636ac,이벤트 | 뉴스 | 메이플스토리,,,,medium
c6c15ded9e49d4c49a33,이벤트 | 뉴스 | 메이플스토리,,,,medium
93fab007809d9a02122c,이벤트 | 뉴스 | 메이플스토리,,,,medium
868723ab102784f5e8df,이벤트 | 뉴스 | 메이플스토리,,,,medium
ec36e9b34ca3a2312fcd,이벤트 | 뉴스 | 메이플스토리,,,,medium
e4a6aca470f53479b74f,이벤트 | 뉴스 | 메이플스토리,,,,medium
618d7f9d1bb679a4e085,이벤트 | 뉴스 | 메이플스토리,,,,medium
6f54f807f6a4541d692c,이벤트 | 뉴스 | 메이플스토리,,,,medium
43067f567c5beb87dac0,이벤트 | 뉴스 | 메이플스토리,,,,medium
5c5242f4690c56a8af49,이벤트 | 뉴스 | 메이플스토리,,,,medium
6bdb92e85880bf14aee2,이벤트 | 뉴스 | 메이플스토리,,,,medium
73f0a79e6367d88a3929,이벤트 | 뉴스 | 메이플스토리,,,,medium
e73b6336b862cbe30d83,이벤트 | 뉴스 | 메이플스토리,,,,medium
ddbe06ac30a2efeee628,이벤트 | 뉴스 | 메이플스토리,,,,medium
229b84961edd3d6279c5,이벤트 | 뉴스 | 메이플스토리,,,,medium
4429c35a0868629574d3,이벤트 | 뉴스 | 메이플스토리,,,,medium
a978d5647c722c1642f4,이벤트 | 뉴스 | 메이플스토리,,,,medium
5044d4f8b9e9b5c7c46b,이벤트 | 뉴스 | 메이플스토리,,,,medium
04660cc2bf198d3dc423,이벤트 | 뉴스 | 메이플스토리,,,,medium
c68b31c464965dcad60f,이벤트 | 뉴스 | 메이플스토리,,,,medium
fab728dcb6f8d72e73a8,이벤트 | 뉴스 | 메이플스토리,,,,medium
920a5de41664431e833f,이벤트 | 뉴스 | 메이플스토리,,,,medium
5d63dd773725a2776e66,이벤트 | 뉴스 | 메이플스토리,,,,medium
48a24899b42ee395b80b,이벤트 | 뉴스 | 메이플스토리,,,,medium
59ed35e48954fde842d6,이벤트 | 뉴스 | 메이플스토리,,,,medium
5c55542349a65ffe8f57,이벤트 | 뉴스 | 메이플스토리,,,,medium
7768801e1b07d3ab4b92,이벤트 | 뉴스 | 메이플스토리,,,,medium
b3d34016598019076f78,이벤트 | 뉴스 | 메이플스토리,,,,medium
1204ea68e52e58049398,이벤트 | 뉴스 | 메이플스토리,,,,medium
87f91513f3700fa80148,이벤트 | 뉴스 | 메이플스토리,,,,medium
fd30f90bc3414e5339ce,이벤트 | 뉴스 | 메이플스토리,,,,medium
c5484bc6a146a2ab2e86,이벤트 | 뉴스 | 메이플스토리,,,,medium
7a536e76c92001df6df6,이벤트 | 뉴스 | 메이플스토리,,,,medium
8d7696bc0f07435dda0d,이벤트 | 뉴스 | 메이플스토리,,,,medium
90f86afcec6a92526d59,이벤트 | 뉴스 | 메이플스토리,,,,medium
f4198477face269c30a6,이벤트 | 뉴스 | 메이플스토리,,,,medium
6bced225ec955cdd6a52,이벤트 | 뉴스 | 메이플스토리,,,,medium
8e78dd6203cfcbce7648,이벤트 | 뉴스 | 메이플스토리,,,,medium
83809cbb928bdce75660,이벤트 | 뉴스 | 메이플스토리,,,,medium
0340f7222ff901369f03,이벤트 | 뉴스 | 메이플스토리,,,,medium
4443784dea9c2742a056,이벤트 | 뉴스 | 메이플스토리,,,,medium
13f31428b9d72d9167cd,이벤트 | 뉴스 | 메이플스토리,,,,medium
e08119c63252efcd9c0d,이벤트 | 뉴스 | 메이플스토리,,,,medium
6f2b87c662aa47c1ef0c,이벤트 | 뉴스 | 메이플스토리,,,,medium
d21a2f021d4b7bcc5a93,이벤트 | 뉴스 | 메이플스토리,,,,medium
7b2fe97ac1e18ba9cd59,이벤트 | 뉴스 | 메이플스토리,,,,medium
4b7439a8fd13988bac87,이벤트 | 뉴스 | 메이플스토리,,,,medium
b6e093c827b89123c576,이벤트 | 뉴스 | 메이플스토리,,,,medium
333ff19a5cb195ee48f4,이벤트 | 뉴스 | 메이플스토리,,,,medium
a98345fa8ec641af1c07,이벤트 | 뉴스 | 메이플스토리,,,,medium
5473880ff6d4d27799c0,이벤트 | 뉴스 | 메이플스토리,,,,medium
6fe01834a5483c22413a,이벤트 | 뉴스 | 메이플스토리,,,,medium
7887d062d7a10033b9aa,이벤트 | 뉴스 | 메이플스토리,,,,medium
86c16105c1ef593858df,이벤트 | 뉴스 | 메이플스토리,,,,medium
1d1daddf7ed8f28e4c77,이벤트 | 뉴스 | 메이플스토리,,,,medium
7b8f4d9da7974ee1dd34,이벤트 | 뉴스 | 메이플스토리,,,,medium
c2a8ae58f4d6416086cb,이벤트 | 뉴스 | 메이플스토리,,,,medium
a2299b7a93d54697fa45,이벤트 | 뉴스 | 메이플스토리,,,,medium
cbbb17928aecfa7cb5f2,이벤트 | 뉴스 | 메이플스토리,,,,medium
5bd6124dbd5bfbec1f7b,이벤트 | 뉴스 | 메이플스토리,,,,medium
272eed67b46a59b2e8db,이벤트 | 뉴스 | 메이플스토리,,,,medium
f2869daf30eec0694639,이벤트 | 뉴스 | 메이플스토리,,,,medium
973ce82fbd837fc193cd,이벤트 | 뉴스 | 메이플스토리,,,,medium
97fad56dd09311a093e5,이벤트 | 뉴스 | 메이플스토리,,,,medium
6855e48f5f76daf6c0a2,이벤트 | 뉴스 | 메이플스토리,,,,medium
b432e11a5306c8b78615,이벤트 | 뉴스 | 메이플스토리,,,,medium
ca129ac4b68633f561be,이벤트 | 뉴스 | 메이플스토리,,,,medium
4252a9ef3e71a35d1f07,이벤트 | 뉴스 | 메이플스토리,,,,medium
5e26bc1ae26bc269c0f4,이벤트 | 뉴스 | 메이플스토리,,,,medium
d27e9c5310afa1abf6ef,이벤트 | 뉴스 | 메이플스토리,,,,medium
82b6eea9a1c31d555da1,이벤트 | 뉴스 | 메이플스토리,,,,medium
bf11c587b4bbc7e11a5c,이벤트 | 뉴스 | 메이플스토리,,,,medium
5f435f14ec18b8956444,이벤트 | 뉴스 | 메이플스토리,,,,medium
2e8d7775899fe3d0b747,이벤트 | 뉴스 | 메이플스토리,,,,medium
dd679a291fdf83df4133,이벤트 | 뉴스 | 메이플스토리,,,,medium
f10ab5426a77e0f5a3ce,이벤트 | 뉴스 | 메이플스토리,,,,medium
3f480f29a801e9f217bb,이벤트 | 뉴스 | 메이플스토리,,,,medium
54dee419217b6c6a8b60,이벤트 | 뉴스 | 메이플스토리,,,,medium
8fb4ce2661fb866fe19f,이벤트 | 뉴스 | 메이플스토리,,,,medium
5152966002c968713e20,이벤트 | 뉴스 | 메이플스토리,,,,medium
13cd76ca19259bfe4585,이벤트 | 뉴스 | 메이플스토리,,,,medium
d28dd2eae7ea5c0b9d14,이벤트 | 뉴스 | 메이플스토리,,,,medium
66e9f9b407b4c9027e3f,이벤트 | 뉴스 | 메이플스토리,,,,medium
1e650e89dafe274ad69d,이벤트 | 뉴스 | 메이플스토리,,,,medium
8722ae329b0a01d4966d,이벤트 | 뉴스 | 메이플스토리,,,,medium
df35704e9c07e7dcb499,이벤트 | 뉴스 | 메이플스토리,,,,medium
4a17a12253c81c012412,이벤트 | 뉴스 | 메이플스토리,,,,medium
e2139acd556f1f272754,이벤트 | 뉴스 | 메이플스토리,,,,medium
7ddd937161940638c793,이벤트 | 뉴스 | 메이플스토리,,,,medium
0999e0e804a57e8bc0bd,이벤트 | 뉴스 | 메이플스토리,,,,medium
3d61266eae59c187c34f,이벤트 | 뉴스 | 메이플스토리,,,,medium
14886ac015a3ef27f39d,이벤트 | 뉴스 | 메이플스토리,,,,medium
f305ef6e090a6e8edeb5,이벤트 | 뉴스 | 메이플스토리,,,,medium
1617410845d68856b0fd,이벤트 | 뉴스 | 메이플스토리,,,,medium
0f6878fdd37690d4a665,이벤트 | 뉴스 | 메이플스토리,,,,medium
9d756c9f2f67b503e75f,이벤트 | 뉴스 | 메이플스토리,,,,medium
1c14774fc4fa0567fad4,이벤트 | 뉴스 | 메이플스토리,,,,medium
cd6417e0afb0fb34bd6a,이벤트 | 뉴스 | 메이플스토리,,,,medium
3aa6fd7ee6bdb1efe275,이벤트 | 뉴스 | 메이플스토리,,,,medium
fc9d73aa926cec32f712,이벤트 | 뉴스 | 메이플스토리,,,,medium
b9c373c2791fe62861b3,이벤트 | 뉴스 | 메이플스토리,,,,medium
e904df5dadb244ecea4e,이벤트 | 뉴스 | 메이플스토리,,,,medium
967dbce1aa603a0e42d3,이벤트 | 뉴스 | 메이플스토리,,,,medium
1069dfa1d0e4fcf16316,이벤트 | 뉴스 | 메이플스토리,,,,medium
299b1b6c939a6ba0aa5f,이벤트 | 뉴스 | 메이플스토리,,,,medium
34a9cc4964ae4b37fe13,이벤트 | 뉴스 | 메이플스토리,,,,medium
80efefbb95cf344b339a,이벤트 | 뉴스 | 메이플스토리,,,,medium
5477a3d18d0003c39ede,이벤트 | 뉴스 | 메이플스토리,,,,medium
217b387faace2d224b1d,이벤트 | 뉴스 | 메이플스토리,,,,medium
4a7789847881bca8b821,이벤트 | 뉴스 | 메이플스토리,,,,medium
4ba7d120ac7173a53b0d,이벤트 | 뉴스 | 메이플스토리,,,,medium
1d6b79c09a4133264ff8,이벤트 | 뉴스 | 메이플스토리,,,,medium
cac2e61e80833b6bc234,이벤트 | 뉴스 | 메이플스토리,,,,medium
cec347e00b612d151644,이벤트 | 뉴스 | 메이플스토리,,,,medium
c28294c574fc8e2cd006,이벤트 | 뉴스 | 메이플스토리,,,,medium
58a50c8e2b25519c527d,이벤트 | 뉴스 | 메이플스토리,,,,medium
a06c1ce43da7cd51cde1,이벤트 | 뉴스 | 메이플스토리,,,,medium
aef39a7d47b360b3bdc8,이벤트 | 뉴스 | 메이플스토리,,,,medium
b3a15691754dff468602,이벤트 | 뉴스 | 메이플스토리,,,,medium
60165e91e474012f87d1,이벤트 | 뉴스 | 메이플스토리,,,,medium
d5ef0d02a0762382f2cb,이벤트 | 뉴스 | 메이플스토리,,,,medium
e5910be3cd95ff989e12,이벤트 | 뉴스 | 메이플스토리,,,,medium
c2c39826a2e60ba66568,이벤트 | 뉴스 | 메이플스토리,,,,medium
02fd4b879c91e36feed4,이벤트 | 뉴스 | 메이플스토리,,,,medium
f3670998adc52fb685b9,이벤트 | 뉴스 | 메이플스토리,,,,medium
e8d797fb4f531207b106,이벤트 | 뉴스 | 메이플스토리,,,,medium
319c3044e9546078bbe5,이벤트 | 뉴스 | 메이플스토리,,,,medium
34b4055fa5572c28b951,이벤트 | 뉴스 | 메이플스토리,,,,medium
07bea892df1340753879,이벤트 | 뉴스 | 메이플스토리,,,,medium
4be18badcefd2a569928,이벤트 | 뉴스 | 메이플스토리,,,,medium
ac722359f0b69a0965bc,이벤트 | 뉴스 | 메이플스토리,,,,medium
372e3b742517014ff7f0,이벤트 | 뉴스 | 메이플스토리,,,,medium
d5d135885837c2a423bc,이벤트 | 뉴스 | 메이플스토리,,,,medium
fed3177686c5b149fdf6,이벤트 | 뉴스 | 메이플스토리,,,,medium
68805d281e25812148e1,이벤트 | 뉴스 | 메이플스토리,,,,medium
f3e3df7cca1bf5b20ddc,이벤트 | 뉴스 | 메이플스토리,,,,medium
586fd31cb4ce0c79401b,이벤트 | 뉴스 | 메이플스토리,,,,medium
370c9a140bf1e7274bc2,이벤트 | 뉴스 | 메이플스토리,,,,medium
0b8bf38a5ce97debeac5,이벤트 | 뉴스 | 메이플스토리,,,,medium
aecb76b9571ac73011d5,이벤트 | 뉴스 | 메이플스토리,,,,medium
76697f325a975ff7c7c9,이벤트 | 뉴스 | 메이플스토리,,,,medium
55f9a0a296745a93f56b,이벤트 | 뉴스 | 메이플스토리,,,,medium
43c150294509f61424a2,이벤트 | 뉴스 | 메이플스토리,,,,medium
787c8ef116e04ae83224,이벤트 | 뉴스 | 메이플스토리,,,,medium
3acc6b0d14860b5c197d,이벤트 | 뉴스 | 메이플스토리,,,,medium
47afc88cf6d3430b4232,이벤트 | 뉴스 | 메이플스토리,,,,medium
5d19181b9093b6d5d783,이벤트 | 뉴스 | 메이플스토리,,,,medium
e76f068f673f00e35555,이벤트 | 뉴스 | 메이플스토리,,,,medium
e9fc8c0c5aec1a31e2af,이벤트 | 뉴스 | 메이플스토리,,,,medium
588df70979491c2a9dd5,이벤트 | 뉴스 | 메이플스토리,,,,medium
5fb1c3b8a184cb3e448c,이벤트 | 뉴스 | 메이플스토리,,,,medium
e9fc413f1d9303b83fae,이벤트 | 뉴스 | 메이플스토리,,,,medium
8ae9e82cfd4400faa7a7,이벤트 | 뉴스 | 메이플스토리,,,,medium
bf871e439c7a6a6bd925,이벤트 | 뉴스 | 메이플스토리,,,,medium
22ad578e3bca8d6a179f,이벤트 | 뉴스 | 메이플스토리,,,,medium
6968b3906b5a810cf7cf,이벤트 | 뉴스 | 메이플스토리,,,,medium
deb5d238f534509492fd,이벤트 | 뉴스 | 메이플스토리,,,,medium
d4de8f23dc7e7a047b9d,이벤트 | 뉴스 | 메이플스토리,,,,medium
07992ee76525758618a5,이벤트 | 뉴스 | 메이플스토리,,,,medium
316623b87da6ba34b30b,이벤트 | 뉴스 | 메이플스토리,,,,medium
741725e23f2705df5c4e,이벤트 | 뉴스 | 메이플스토리,,,,medium
70c67f83115421ebe737,이벤트 | 뉴스 | 메이플스토리,,,,medium
d3fb5c6fa30f1c130fc4,이벤트 | 뉴스 | 메이플스토리,,,,medium
03cd89307f0c37092351,이벤트 | 뉴스 | 메이플스토리,,,,medium
ecb18e34955704223e49,이벤트 | 뉴스 | 메이플스토리,,,,medium
5df55cdc29913e8b8f50,이벤트 | 뉴스 | 메이플스토리,,,,medium
568a62f1036d34f7e92a,이벤트 | 뉴스 | 메이플스토리,,,,medium
cda99c5816a88d76785d,이벤트 | 뉴스 | 메이플스토리,,,,medium
ca3000933d59ddfe7623,이벤트 | 뉴스 | 메이플스토리,,,,medium
573d6d089a971ef35c6d,이벤트 | 뉴스 | 메이플스토리,,,,medium
1785b91cfbb1ebce1451,이벤트 | 뉴스 | 메이플스토리,,,,medium
4a7eb05d1d1340670ec2,이벤트 | 뉴스 | 메이플스토리,,,,medium
6f91f1bf5874ccfaed3e,이벤트 | 뉴스 | 메이플스토리,,,,medium
9ce5e8b2de89615592d5,이벤트 | 뉴스 | 메이플스토리,,,,medium
d73fa633921fd9d0a33f,이벤트 | 뉴스 | 메이플스토리,,,,medium
4d8178127c9050ebd49d,이벤트 | 뉴스 | 메이플스토리,,,,medium
df57d775843e3c21c0a0,이벤트 | 뉴스 | 메이플스토리,,,,medium
f57b2b344d75da7f26fd,이벤트 | 뉴스 | 메이플스토리,,,,medium
897c27ebb8c877585a06,이벤트 | 뉴스 | 메이플스토리,,,,medium
e1e639760a2e0a828c03,이벤트 | 뉴스 | 메이플스토리,,,,medium
1a4020404c50b1c64280,이벤트 | 뉴스 | 메이플스토리,,,,medium
83f34312c6b25cbc781b,이벤트 | 뉴스 | 메이플스토리,,,,medium
b07cd6ae94beeb917498,이벤트 | 뉴스 | 메이플스토리,,,,medium
001bcadd892f4fbc3103,이벤트 | 뉴스 | 메이플스토리,,,,medium
316078710879f08db732,이벤트 | 뉴스 | 메이플스토리,,,,medium
fe83c396f11a9f470d38,이벤트 | 뉴스 | 메이플스토리,,,,medium
bf2dbaefd376b45d4cd7,이벤트 | 뉴스 | 메이플스토리,,,,medium
78b654a7875153b4d3a2,이벤트 | 뉴스 | 메이플스토리,,,,medium
8ddce78bbf1ae66a581d,이벤트 | 뉴스 | 메이플스토리,,,,medium
0114f0eb53a64ba77dad,이벤트 | 뉴스 | 메이플스토리,,,,medium
459288b80d532cd67ff5,이벤트 | 뉴스 | 메이플스토리,,,,medium
69f6612120c3515f8063,이벤트 | 뉴스 | 메이플스토리,,,,medium
7fa5d065680dde30be67,이벤트 | 뉴스 | 메이플스토리,,,,medium
de33cc4dc7b5598fa710,이벤트 | 뉴스 | 메이플스토리,,,,medium
9b04a889ad750f9b2ed6,이벤트 | 뉴스 | 메이플스토리,,,,medium
dbb764d86dd13acb08c3,이벤트 | 뉴스 | 메이플스토리,,,,medium
fdf8667ef9fe0ee92725,이벤트 | 뉴스 | 메이플스토리,,,,medium
7f4cb5db0d0ba8fca38a,이벤트 | 뉴스 | 메이플스토리,,,,medium
bbb5a4934adbf417d59f,이벤트 | 뉴스 | 메이플스토리,,,,medium
9daf0389b71c11a32da3,이벤트 | 뉴스 | 메이플스토리,,,,medium
d057c2b75841be873ee9,이벤트 | 뉴스 | 메이플스토리,,,,medium
acb1da27f2150e621822,이벤트 | 뉴스 | 메이플스토리,,,,medium
58fc28f7f41ff336af3c,이벤트 | 뉴스 | 메이플스토리,,,,medium
e3ca2d6345a730966a46,이벤트 | 뉴스 | 메이플스토리,,,,medium
e6aed6a01ed436ada3e2,이벤트 | 뉴스 | 메이플스토리,,,,medium
39fc0a768915f830a519,이벤트 | 뉴스 | 메이플스토리,,,,medium
057abdde18150a02301d,이벤트 | 뉴스 | 메이플스토리,,,,medium
f401252d709ab8807de8,이벤트 | 뉴스 | 메이플스토리,,,,medium
362beaad3105fa5c1185,이벤트 | 뉴스 | 메이플스토리,,,,medium
9d4b5873602c0715b511,이벤트 | 뉴스 | 메이플스토리,,,,medium
5f5ad89e5324aaf2ea79,이벤트 | 뉴스 | 메이플스토리,,,,medium
cc05871832b5025794d1,이벤트 | 뉴스 | 메이플스토리,,,,medium
5382b8567f8d70365a88,이벤트 | 뉴스 | 메이플스토리,,,,medium
f4ef01349661bb84a755,이벤트 | 뉴스 | 메이플스토리,,,,medium
687e23e2a5ee00fbcb4a,이벤트 | 뉴스 | 메이플스토리,,,,medium
d3802ade496bea39217c,이벤트 | 뉴스 | 메이플스토리,,,,medium
00a8ad629ed5ecb316de,이벤트 | 뉴스 | 메이플스토리,,,,medium
86f3986b7d86e4f7632e,이벤트 | 뉴스 | 메이플스토리,,,,medium
17664aa97bc952d8f338,이벤트 | 뉴스 | 메이플스토리,,,,medium
70e556e289a37f2d0164,이벤트 | 뉴스 | 메이플스토리,,,,medium
aa48d3bfd036d45ac84c,이벤트 | 뉴스 | 메이플스토리,,,,medium
bd392a4770c77b66484e,이벤트 | 뉴스 | 메이플스토리,,,,medium
fc8774f7ab5de24536d7,이벤트 | 뉴스 | 메이플스토리,,,,medium
4ac43f60608c80046f61,이벤트 | 뉴스 | 메이플스토리,,,,medium
34084101e233b48cb441,이벤트 | 뉴스 | 메이플스토리,,,,medium
ec5a12dd087783918ffc,이벤트 | 뉴스 | 메이플스토리,,,,medium
15a3fc3767649d20bd68,이벤트 | 뉴스 | 메이플스토리,,,,medium
f70715fb5e4dcf8009bd,이벤트 | 뉴스 | 메이플스토리,,,,medium
a0363ebeeaf01fcc7b2e,이벤트 | 뉴스 | 메이플스토리,,,,medium
391976a329cc7336ec0d,이벤트 | 뉴스 | 메이플스토리,,,,medium
8d81699cd73b5cdee229,이벤트 | 뉴스 | 메이플스토리,,,,medium
bc14a39c5abcba0c952c,이벤트 | 뉴스 | 메이플스토리,,,,medium
48a0f62a2de59be6b6f8,이벤트 | 뉴스 | 메이플스토리,,,,medium
d731b22633d603c17b88,이벤트 | 뉴스 | 메이플스토리,,,,medium
75299761cb4936aeee4b,이벤트 | 뉴스 | 메이플스토리,,,,medium
73fdcad8b22bbc5ec043,이벤트 | 뉴스 | 메이플스토리,,,,medium
f4e1b5c73de2a9b8c7b5,이벤트 | 뉴스 | 메이플스토리,,,,medium
a136a7f098f477668bad,이벤트 | 뉴스 | 메이플스토리,,,,medium
5bd88104b33f59b3b135,이벤트 | 뉴스 | 메이플스토리,,,,medium
c067fbbfbd9c983ae312,이벤트 | 뉴스 | 메이플스토리,,,,medium
8e693a29be72f19c0320,이벤트 | 뉴스 | 메이플스토리,,,,medium
ef5af39eb7f1abbd8f61,이벤트 | 뉴스 | 메이플스토리,,,,medium
2e9a80a2da370e81bc49,이벤트 | 뉴스 | 메이플스토리,,,,medium
19c954e97340be99eda5,이벤트 | 뉴스 | 메이플스토리,,,,medium
82e44a4b6604ba83e3c7,이벤트 | 뉴스 | 메이플스토리,,,,medium
83d94de843693a37e204,이벤트 | 뉴스 | 메이플스토리,,,,medium
bad7c7eacb3187ec1f9c,이벤트 | 뉴스 | 메이플스토리,,,,medium
e3eafec7abc4e59d6bec,이벤트 | 뉴스 | 메이플스토리,,,,medium
fde6e1adccc018348044,이벤트 | 뉴스 | 메이플스토리,,,,medium
2143b4f447b1071a2adf,이벤트 | 뉴스 | 메이플스토리,,,,medium
a7dd8b52ddd347bf11d1,이벤트 | 뉴스 | 메이플스토리,,,,medium
9bf042fb456a59356860,이벤트 | 뉴스 | 메이플스토리,,,,medium
d7f926b8d6567fabe7f9,이벤트 | 뉴스 | 메이플스토리,,,,medium
7d230d7db734c1b080e3,이벤트 | 뉴스 | 메이플스토리,,,,medium
69a78b918f7da3fd6ae3,이벤트 | 뉴스 | 메이플스토리,,,,medium
ef46b666a0bc956880cb,이벤트 | 뉴스 | 메이플스토리,,,,medium
65c9ef0ba4daf533b4ce,이벤트 | 뉴스 | 메이플스토리,,,,medium
1c99ebac61a8aa6d1c41,이벤트 | 뉴스 | 메이플스토리,,,,medium
7142906189e1c31d4032,이벤트 | 뉴스 | 메이플스토리,,,,medium
301153d990b2b365bdab,이벤트 | 뉴스 | 메이플스토리,,,,medium
8ef2142692bbf557bb3f,이벤트 | 뉴스 | 메이플스토리,,,,medium
9ca05f0f1813e23c3d9e,이벤트 | 뉴스 | 메이플스토리,,,,medium
bb63d95f4705a44977f1,이벤트 | 뉴스 | 메이플스토리,,,,medium
4951f3937fd80454a789,이벤트 | 뉴스 | 메이플스토리,,,,medium
bf4286128e06feeb8712,이벤트 | 뉴스 | 메이플스토리,,,,medium
366eca6a790b43751a22,이벤트 | 뉴스 | 메이플스토리,,,,medium
26448af685458bf323fe,이벤트 | 뉴스 | 메이플스토리,,,,medium
f5ee986155609dca6879,이벤트 | 뉴스 | 메이플스토리,,,,medium
9414d2e6bae6fabbb8b8,이벤트 | 뉴스 | 메이플스토리,,,,medium
19f45901f930c81c7f6e,이벤트 | 뉴스 | 메이플스토리,,,,medium
6221635089338953aca1,이벤트 | 뉴스 | 메이플스토리,,,,medium
d92ef51f93a25d95eaa4,이벤트 | 뉴스 | 메이플스토리,,,,medium
c743052aea35c86862f1,이벤트 | 뉴스 | 메이플스토리,,,,medium
5a8c412888e49b767a1f,이벤트 | 뉴스 | 메이플스토리,,,,medium
a05dfa8999c4bd7bb5db,이벤트 | 뉴스 | 메이플스토리,,,,medium
c9ca221f4b6655aa078c,이벤트 | 뉴스 | 메이플스토리,,,,medium
ef4b43836c02b905b94d,이벤트 | 뉴스 | 메이플스토리,,,,medium
7d906431b91344941725,이벤트 | 뉴스 | 메이플스토리,,,,medium
bf7bc6d8eed2fd82ad37,이벤트 | 뉴스 | 메이플스토리,,,,medium
f7bba5962c4f78202e04,이벤트 | 뉴스 | 메이플스토리,,,,medium
871f8f3a6a70a011405c,이벤트 | 뉴스 | 메이플스토리,,,,medium
8b2b052d77dee110cb63,이벤트 | 뉴스 | 메이플스토리,,,,medium
966acb339ddd08368ea6,이벤트 | 뉴스 | 메이플스토리,,,,medium
4820751d75c315ffa97f,이벤트 | 뉴스 | 메이플스토리,,,,medium
3a2dba60274589923eb5,이벤트 | 뉴스 | 메이플스토리,,,,medium
193c9639965d1e31358c,이벤트 | 뉴스 | 메이플스토리,,,,medium
c9e2ae1b8252f9ceca41,이벤트 | 뉴스 | 메이플스토리,,,,medium
7dba8d3905dcfe62365b,이벤트 | 뉴스 | 메이플스토리,,,,medium
b95deb2fea75222feaae,이벤트 | 뉴스 | 메이플스토리,,,,medium
0e563704cdcd87b9a640,이벤트 | 뉴스 | 메이플스토리,,,,medium
27102886d486d5feccaa,이벤트 | 뉴스 | 메이플스토리,,,,medium
ed34a1809b538c24f71a,이벤트 | 뉴스 | 메이플스토리,,,,medium
c8821af47f762db24218,이벤트 | 뉴스 | 메이플스토리,,,,medium
f81aa2571a7343a69b9d,이벤트 | 뉴스 | 메이플스토리,,,,medium
6081ee7c6be7cac775fa,이벤트 | 뉴스 | 메이플스토리,,,,medium
6153961102aad41bc296,이벤트 | 뉴스 | 메이플스토리,,,,medium
b1e6acf7182f1f03d1c2,이벤트 | 뉴스 | 메이플스토리,,,,medium
5593b44bff916b828d39,이벤트 | 뉴스 | 메이플스토리,,,,medium
5a77318ff41d0cd31454,이벤트 | 뉴스 | 메이플스토리,,,,medium
1d88e5cf90f49e752633,이벤트 | 뉴스 | 메이플스토리,,,,medium
2a2db4079806b04624a5,이벤트 | 뉴스 | 메이플스토리,,,,medium
d06f9d8f96ea074bbc2c,이벤트 | 뉴스 | 메이플스토리,,,,medium
b4ef33721df80cfec7ba,이벤트 | 뉴스 | 메이플스토리,,,,medium
2db6ccdd2f1e15dfb06b,이벤트 | 뉴스 | 메이플스토리,,,,medium
5e14815808d1ae3d72da,이벤트 | 뉴스 | 메이플스토리,,,,medium
29d3099a0a075f051091,이벤트 | 뉴스 | 메이플스토리,,,,medium
4c9aa85ccc49318c22ae,이벤트 | 뉴스 | 메이플스토리,,,,medium
96c07f12a91275218d9b,이벤트 | 뉴스 | 메이플스토리,,,,medium
9eb7f48c024b160f03bd,이벤트 | 뉴스 | 메이플스토리,,,,medium
60af65ca969c2eea06d9,이벤트 | 뉴스 | 메이플스토리,,,,medium
97c8854b10b1a4744030,이벤트 | 뉴스 | 메이플스토리,,,,medium
bcaaec3b2326c53359b1,이벤트 | 뉴스 | 메이플스토리,,,,medium
43bce931b4a7bc5a718e,이벤트 | 뉴스 | 메이플스토리,,,,medium
d9e6c4ded34d47a1cebd,이벤트 | 뉴스 | 메이플스토리,,,,medium
350bc590846b67d33c07,이벤트 | 뉴스 | 메이플스토리,,,,medium
0647eff3d3ab65c4994b,이벤트 | 뉴스 | 메이플스토리,,,,medium
0e276dc9b488a1524bce,이벤트 | 뉴스 | 메이플스토리,,,,medium
9721c58c714b84a09b7c,이벤트 | 뉴스 | 메이플스토리,,,,medium
5ea9e514ff2b791a0f98,이벤트 | 뉴스 | 메이플스토리,,,,medium
f703147d4110e428c607,이벤트 | 뉴스 | 메이플스토리,,,,medium
eb88cfdff7e9e15635ce,이벤트 | 뉴스 | 메이플스토리,,,,medium
4e25dd1e0e98f13010eb,이벤트 | 뉴스 | 메이플스토리,,,,medium
8d719423e18bea2a2240,이벤트 | 뉴스 | 메이플스토리,,,,medium
c17d1f49c1c71f595515,이벤트 | 뉴스 | 메이플스토리,,,,medium
333e99cd9683907f583a,이벤트 | 뉴스 | 메이플스토리,,,,medium
11a8d4061188b185ef5f,이벤트 | 뉴스 | 메이플스토리,,,,medium
3fa8362207ee7f6ea437,이벤트 | 뉴스 | 메이플스토리,,,,medium
6a689e589712e2198ad7,이벤트 | 뉴스 | 메이플스토리,,,,medium
f017bed108231ed2d9f5,이벤트 | 뉴스 | 메이플스토리,,,,medium
460e6cba3686116a008e,이벤트 | 뉴스 | 메이플스토리,,,,medium
f9115241d0aed1a585d7,이벤트 | 뉴스 | 메이플스토리,,,,medium
c292efd0f1cbf03b71d8,이벤트 | 뉴스 | 메이플스토리,,,,medium
c78de928d5d8cc581963,이벤트 | 뉴스 | 메이플스토리,,,,medium
5c3bbe3fb3becef4a996,이벤트 | 뉴스 | 메이플스토리,,,,medium
166431a07040702a9bf3,이벤트 | 뉴스 | 메이플스토리,,,,medium
365d1fbf6b684092b813,이벤트 | 뉴스 | 메이플스토리,,,,medium
ba18195a02107ade355d,이벤트 | 뉴스 | 메이플스토리,,,,medium
c93299fe0b82703048c9,이벤트 | 뉴스 | 메이플스토리,,,,medium
f5a33e10b255bb421ab4,이벤트 | 뉴스 | 메이플스토리,,,,medium
92979b82f60e7c24838b,이벤트 | 뉴스 | 메이플스토리,,,,medium
44c144ce2d6704f3e7dd,이벤트 | 뉴스 | 메이플스토리,,,,medium
768c38dacd962a2f1c1a,이벤트 | 뉴스 | 메이플스토리,,,,medium
8f40c18a8aeb7a788537,이벤트 | 뉴스 | 메이플스토리,,,,medium
063305252b5c20b1c724,이벤트 | 뉴스 | 메이플스토리,,,,medium
11467d57c03bc399d0ab,이벤트 | 뉴스 | 메이플스토리,,,,medium
d21668187ddbd42952ce,이벤트 | 뉴스 | 메이플스토리,,,,medium
bac5f61911661d0e5215,이벤트 | 뉴스 | 메이플스토리,,,,medium
f59a04df9eab8f3dfaa4,이벤트 | 뉴스 | 메이플스토리,,,,medium
5a48f08eba1f4a14969f,이벤트 | 뉴스 | 메이플스토리,,,,medium
2f0c79dfdd83045d1529,이벤트 | 뉴스 | 메이플스토리,,,,medium
aa38488e540ca267f6d9,이벤트 | 뉴스 | 메이플스토리,,,,medium
759748c984c4da1506d2,이벤트 | 뉴스 | 메이플스토리,,,,medium
494e913f22fefaf90d66,이벤트 | 뉴스 | 메이플스토리,,,,medium
19c9c15fc5b9c719bf06,이벤트 | 뉴스 | 메이플스토리,,,,medium
b21adb005fd97684e708,이벤트 | 뉴스 | 메이플스토리,,,,medium
7f208c709157fa707948,이벤트 | 뉴스 | 메이플스토리,,,,medium
4894f22554e24ee66c3a,이벤트 | 뉴스 | 메이플스토리,,,,medium
63090aba19d40adba266,이벤트 | 뉴스 | 메이플스토리,,,,medium
8badfc5851a9ca759bba,이벤트 | 뉴스 | 메이플스토리,,,,medium
258f11e8458d3ec50658,이벤트 | 뉴스 | 메이플스토리,,,,medium
fc9445640178c0c4ef2d,이벤트 | 뉴스 | 메이플스토리,,,,medium
8e141c1a53fe107ba076,이벤트 | 뉴스 | 메이플스토리,,,,medium
beab497e05de3391f204,이벤트 | 뉴스 | 메이플스토리,,,,medium
373a0714b9a7a1114c4e,이벤트 | 뉴스 | 메이플스토리,,,,medium
69769ee3126c7b88696b,이벤트 | 뉴스 | 메이플스토리,,,,medium
734380e5372db67aaf99,이벤트 | 뉴스 | 메이플스토리,,,,medium
39cb746dde6968f4d8ef,이벤트 | 뉴스 | 메이플스토리,,,,medium
7a2baf90b811c9f3f7f4,이벤트 | 뉴스 | 메이플스토리,,,,medium
1e3fffa9a84237843fe4,이벤트 | 뉴스 | 메이플스토리,,,,medium
ba2346fed1eba0392281,이벤트 | 뉴스 | 메이플스토리,,,,medium
bbfba5758e900b0eb116,이벤트 | 뉴스 | 메이플스토리,,,,medium
c203d7ce96a87af6d543,이벤트 | 뉴스 | 메이플스토리,,,,medium
e39eea1ee81a0a3fbb3a,이벤트 | 뉴스 | 메이플스토리,,,,medium
df88ffabf7cde9b99551,이벤트 | 뉴스 | 메이플스토리,,,,medium
87d9a5ca99063571170f,이벤트 | 뉴스 | 메이플스토리,,,,medium
9f819bfd5a6e5893f6b3,이벤트 | 뉴스 | 메이플스토리,,,,medium
2655287e4c35e9e24473,이벤트 | 뉴스 | 메이플스토리,,,,medium
4fd326329537e47152f2,이벤트 | 뉴스 | 메이플스토리,,,,medium
e604932e49057de04b0e,이벤트 | 뉴스 | 메이플스토리,,,,medium
4571047eeec872c9c0d6,이벤트 | 뉴스 | 메이플스토리,,,,medium
eeb51d1b62e4a7b62f3e,이벤트 | 뉴스 | 메이플스토리,,,,medium
f38579f6dc3c5427bebb,이벤트 | 뉴스 | 메이플스토리,,,,medium
4d18cba41411ffe9e733,이벤트 | 뉴스 | 메이플스토리,,,,medium
a8bb86b7395ce6c94576,이벤트 | 뉴스 | 메이플스토리,,,,medium
296855fe1b584df39a5d,이벤트 | 뉴스 | 메이플스토리,,,,medium
82abfa644fe25865e5f7,이벤트 | 뉴스 | 메이플스토리,,,,medium
6effeaebdfeed9ef4454,이벤트 | 뉴스 | 메이플스토리,,,,medium
4333fe6219eccde6eab2,이벤트 | 뉴스 | 메이플스토리,,,,medium
0b0b187b82e42c457621,이벤트 | 뉴스 | 메이플스토리,,,,medium
b40b7cc8debae3dc8fb7,이벤트 | 뉴스 | 메이플스토리,,,,medium
32ac229be3b22d0df34c,이벤트 | 뉴스 | 메이플스토리,,,,medium
7cb31e4864700a8ffd34,이벤트 | 뉴스 | 메이플스토리,,,,medium
217a5a0e0cc923581701,이벤트 | 뉴스 | 메이플스토리,,,,medium
a93c477958db2e1e176b,이벤트 | 뉴스 | 메이플스토리,,,,medium
8409f31842b8fa01c0d6,이벤트 | 뉴스 | 메이플스토리,,,,medium
023f87df35cfff76e71b,이벤트 | 뉴스 | 메이플스토리,,,,medium
c11729383b3179db4788,이벤트 | 뉴스 | 메이플스토리,,,,medium
ba69be56913b436d7d0a,이벤트 | 뉴스 | 메이플스토리,,,,medium
21d0939dc2557d3489fb,이벤트 | 뉴스 | 메이플스토리,,,,medium
a27974b662dc1cf703f5,이벤트 | 뉴스 | 메이플스토리,,,,medium
5e287406ec948c78cf47,이벤트 | 뉴스 | 메이플스토리,,,,medium
19e628120252bc659d7a,이벤트 | 뉴스 | 메이플스토리,,,,medium
00b60df0d9f2999ea7f2,이벤트 | 뉴스 | 메이플스토리,,,,medium
6873ea161b241a25ad55,이벤트 | 뉴스 | 메이플스토리,,,,medium
004e8c9aa616ce99bda3,이벤트 | 뉴스 | 메이플스토리,,,,medium
019724d63c02666c01ac,이벤트 | 뉴스 | 메이플스토리,,,,medium
f67c3aee8c4913829466,이벤트 | 뉴스 | 메이플스토리,,,,medium
0e2a363d8e73e85ea753,이벤트 | 뉴스 | 메이플스토리,,,,medium
bac25013e7a64f710da1,이벤트 | 뉴스 | 메이플스토리,,,,medium
96f4837fffc3ee10c121,이벤트 | 뉴스 | 메이플스토리,,,,medium
84ae4a47ace3209888b2,이벤트 | 뉴스 | 메이플스토리,,,,medium
f52c24eeffaf7c92d6e3,이벤트 | 뉴스 | 메이플스토리,,,,medium
fb62d0499670312170b3,이벤트 | 뉴스 | 메이플스토리,,,,medium
7713cfa14c31783fc029,이벤트 | 뉴스 | 메이플스토리,,,,medium
6d5ef8e78937cb147f1a,이벤트 | 뉴스 | 메이플스토리,,,,medium
eb56bc08333e24add730,이벤트 | 뉴스 | 메이플스토리,,,,medium
1e21f6b4777f27b51119,이벤트 | 뉴스 | 메이플스토리,,,,medium
317f621e2282ba18b628,이벤트 | 뉴스 | 메이플스토리,,,,medium
b48d35e36851cb0e70eb,이벤트 | 뉴스 | 메이플스토리,,,,medium
0a58e81a198fa6f48e82,이벤트 | 뉴스 | 메이플스토리,,,,medium
2e30986ed26213e5a0c1,이벤트 | 뉴스 | 메이플스토리,,,,medium
06ac2e8f6c2dbdd50820,이벤트 | 뉴스 | 메이플스토리,,,,medium
105a70aa000838b52ba3,이벤트 | 뉴스 | 메이플스토리,,,,medium
4722296635dfe25cc864,이벤트 | 뉴스 | 메이플스토리,,,,medium
9a16c01dffd68c7abe0a,이벤트 | 뉴스 | 메이플스토리,,,,medium
38868cd32fe4f216cd30,이벤트 | 뉴스 | 메이플스토리,,,,medium
80a0a101d482e54e4f47,이벤트 | 뉴스 | 메이플스토리,,,,medium
ab5b5d1e373529a69f06,이벤트 | 뉴스 | 메이플스토리,,,,medium
4b54f4bcb9b4d6f41e68,이벤트 | 뉴스 | 메이플스토리,,,,medium
e9286e1cfd212dce6230,이벤트 | 뉴스 | 메이플스토리,,,,medium
edfa80fc632ea2eab7d2,이벤트 | 뉴스 | 메이플스토리,,,,medium
8b5d42074c630d0bcc74,이벤트 | 뉴스 | 메이플스토리,,,,medium
d4aa0bb11d5637ff6311,이벤트 | 뉴스 | 메이플스토리,,,,medium
9d39caf02298f73a55fd,이벤트 | 뉴스 | 메이플스토리,,,,medium
e0807b421d816b5be065,이벤트 | 뉴스 | 메이플스토리,,,,medium
a327e365b420eb1d9450,이벤트 | 뉴스 | 메이플스토리,,,,medium
e8d5ea93a4d54c0b377f,이벤트 | 뉴스 | 메이플스토리,,,,medium
cf1b76f1e90b37fbec86,이벤트 | 뉴스 | 메이플스토리,,,,medium
fcd31fbb91490040a67f,이벤트 | 뉴스 | 메이플스토리,,,,medium
2ce13e17022c46998a79,이벤트 | 뉴스 | 메이플스토리,,,,medium
15ef072ec18b64f0bd92,이벤트 | 뉴스 | 메이플스토리,,,,medium
a8a2eb4b4e13c5078667,이벤트 | 뉴스 | 메이플스토리,,,,medium
939620c412d1dd05ea38,이벤트 | 뉴스 | 메이플스토리,,,,medium
3a76734aa3a58a551f37,이벤트 | 뉴스 | 메이플스토리,,,,medium
fdb8e5dd0c12f160ed6c,이벤트 | 뉴스 | 메이플스토리,,,,medium
b705b09299cf10a37003,이벤트 | 뉴스 | 메이플스토리,,,,medium
c19bd84e64a9b068c6e6,이벤트 | 뉴스 | 메이플스토리,,,,medium
4f718250dc1a985f86aa,이벤트 | 뉴스 | 메이플스토리,,,,medium
c17ba6222ede5d65bda2,이벤트 | 뉴스 | 메이플스토리,,,,medium
0527d23f664bc84b1085,이벤트 | 뉴스 | 메이플스토리,,,,medium
f105cfd636ce08b85416,이벤트 | 뉴스 | 메이플스토리,,,,medium
fde80fa0c257fc8c3c10,이벤트 | 뉴스 | 메이플스토리,,,,medium
5a3e045d9828754e5f05,이벤트 | 뉴스 | 메이플스토리,,,,medium
3750846a7653764e43d0,이벤트 | 뉴스 | 메이플스토리,,,,medium
ef77f41351a93803f117,이벤트 | 뉴스 | 메이플스토리,,,,medium
da01fa00f1249ab351a8,이벤트 | 뉴스 | 메이플스토리,,,,medium
8b47d8f24a6178ee1b4d,이벤트 | 뉴스 | 메이플스토리,,,,medium
4f2c6f6cc75b24972e27,이벤트 | 뉴스 | 메이플스토리,,,,medium
0809eaf353fe2eafd866,이벤트 | 뉴스 | 메이플스토리,,,,medium
7afe26a483121ac38201,이벤트 | 뉴스 | 메이플스토리,,,,medium
ddfc6c02fdfc9134c6d4,이벤트 | 뉴스 | 메이플스토리,,,,medium
23091b7a31a48b61f4e6,이벤트 | 뉴스 | 메이플스토리,,,,medium
a8707276b474fa12478d,이벤트 | 뉴스 | 메이플스토리,,,,medium
f76a81852c08e38b4e83,이벤트 | 뉴스 | 메이플스토리,,,,medium
29e98c201ee7e28f7129,이벤트 | 뉴스 | 메이플스토리,,,,medium
4ca6c16d467a60cd5703,이벤트 | 뉴스 | 메이플스토리,,,,medium
34096da7b38696a9c259,이벤트 | 뉴스 | 메이플스토리,,,,medium
553ae4abf7707ddde7b1,이벤트 | 뉴스 | 메이플스토리,,,,medium
21f1ad2b16bb14d69f52,이벤트 | 뉴스 | 메이플스토리,,,,medium
a9829b9afcffad09de68,이벤트 | 뉴스 | 메이플스토리,,,,medium
e78b2d90bdc215ec9b39,이벤트 | 뉴스 | 메이플스토리,,,,medium
aa0bd16e454a7239198b,이벤트 | 뉴스 | 메이플스토리,,,,medium
619993bfe15af4394c82,이벤트 | 뉴스 | 메이플스토리,,,,medium
6a0ffdd46d6e5055f43c,이벤트 | 뉴스 | 메이플스토리,,,,medium
edd313029feeeb400c37,이벤트 | 뉴스 | 메이플스토리,,,,medium
f33921b1e43ddd91216d,이벤트 | 뉴스 | 메이플스토리,,,,medium
7864a44c81022f0e35f9,이벤트 | 뉴스 | 메이플스토리,,,,medium
6184d1b822b7749fe22f,이벤트 | 뉴스 | 메이플스토리,,,,medium
8e8f0926841209955c84,이벤트 | 뉴스 | 메이플스토리,,,,medium
705cb2cc3a4804720a08,이벤트 | 뉴스 | 메이플스토리,,,,medium
2d18d6604ef609cb6f4e,이벤트 | 뉴스 | 메이플스토리,,,,medium
6db5a7b7804ae5c14f8f,이벤트 | 뉴스 | 메이플스토리,,,,medium
54af011af6be2871bd33,이벤트 | 뉴스 | 메이플스토리,,,,medium
06e56962cdb86f36a6a7,이벤트 | 뉴스 | 메이플스토리,,,,medium
7d9b3e6960c9a934dad0,이벤트 | 뉴스 | 메이플스토리,,,,medium
6ae82c599b1fbdb083a0,이벤트 | 뉴스 | 메이플스토리,,,,medium
63fa4a74cd1dc6fac6d1,이벤트 | 뉴스 | 메이플스토리,,,,medium
5efe0bfcdea06893209f,이벤트 | 뉴스 | 메이플스토리,,,,medium
8f9649118fb1e0b56f24,이벤트 | 뉴스 | 메이플스토리,,,,medium
0bab9f7377952a117f99,이벤트 | 뉴스 | 메이플스토리,,,,medium
e0ce05c6fd50c5b3fefd,이벤트 | 뉴스 | 메이플스토리,,,,medium
b9b38213d23edfcf8f3d,이벤트 | 뉴스 | 메이플스토리,,,,medium
55e70a00fd2b4aa7f5b8,이벤트 | 뉴스 | 메이플스토리,,,,medium
9c604b9ce8db807d937e,이벤트 | 뉴스 | 메이플스토리,,,,medium
8fe5cd9fc829e2807d9e,이벤트 | 뉴스 | 메이플스토리,,,,medium
032c2fcc3525b80871fd,이벤트 | 뉴스 | 메이플스토리,,,,medium
285b8f1faba67736468a,이벤트 | 뉴스 | 메이플스토리,,,,medium
cadece25d66c8e427bd7,이벤트 | 뉴스 | 메이플스토리,,,,medium
b5d301f75f66c9c2455c,이벤트 | 뉴스 | 메이플스토리,,,,medium
2b952dc7cb74d03d725f,이벤트 | 뉴스 | 메이플스토리,,,,medium
faac8e3d6f93df70fefb,이벤트 | 뉴스 | 메이플스토리,,,,medium
17176fff8099dad979f3,이벤트 | 뉴스 | 메이플스토리,,,,medium
7eb6102806c900c75180,이벤트 | 뉴스 | 메이플스토리,,,,medium
4936aa458f4a3afc32b5,이벤트 | 뉴스 | 메이플스토리,,,,medium
976930bab60a5f40552b,이벤트 | 뉴스 | 메이플스토리,,,,medium
6e36cdd0eb80ee68a49e,이벤트 | 뉴스 | 메이플스토리,,,,medium
7b2df47fdcfa502cee09,이벤트 | 뉴스 | 메이플스토리,,,,medium
a2c1be22555449705a4b,이벤트 | 뉴스 | 메이플스토리,,,,medium
a41522c87c5c39cc0b03,이벤트 | 뉴스 | 메이플스토리,,,,medium
f84c39354f973f26a9eb,이벤트 | 뉴스 | 메이플스토리,,,,medium
469b2a7d988c982b1a5b,이벤트 | 뉴스 | 메이플스토리,,,,medium
feb619e26cdaeb7608a7,이벤트 | 뉴스 | 메이플스토리,,,,medium
9672f104cd039f63b308,이벤트 | 뉴스 | 메이플스토리,,,,medium
cd239f5b4cbbbaf9e3aa,이벤트 | 뉴스 | 메이플스토리,,,,medium
5389353a52df4495db1e,이벤트 | 뉴스 | 메이플스토리,,,,medium
0f326bd0df10d6126ff8,이벤트 | 뉴스 | 메이플스토리,,,,medium
9e1624df020566e0bf09,이벤트 | 뉴스 | 메이플스토리,,,,medium
ab0b048731f19e8db514,이벤트 | 뉴스 | 메이플스토리,,,,medium
e1b3329ef594e4d78fa7,이벤트 | 뉴스 | 메이플스토리,,,,medium
98a5ce4c740281e25b8e,이벤트 | 뉴스 | 메이플스토리,,,,medium
a78e6ca1ab26d88b5eef,이벤트 | 뉴스 | 메이플스토리,,,,medium
8e23980d81b865d36848,이벤트 | 뉴스 | 메이플스토리,,,,medium
9b0c02cf0dad2ebbf760,이벤트 | 뉴스 | 메이플스토리,,,,medium
5c1599f4d2eb66a6ce3c,이벤트 | 뉴스 | 메이플스토리,,,,medium
4f4da4484d0a11d9a468,이벤트 | 뉴스 | 메이플스토리,,,,medium
5fd09e6c572754445f6a,이벤트 | 뉴스 | 메이플스토리,,,,medium
de921b8e07b89bdd3648,이벤트 | 뉴스 | 메이플스토리,,,,medium
89d9312030b74a5c60ee,이벤트 | 뉴스 | 메이플스토리,,,,medium
7184148d3ea36bbe7ca7,이벤트 | 뉴스 | 메이플스토리,,,,medium
aacf7430925b88490b38,이벤트 | 뉴스 | 메이플스토리,,,,medium
ebc30d9691e458a213b4,이벤트 | 뉴스 | 메이플스토리,,,,medium
80861146aa4f7d0efc59,이벤트 | 뉴스 | 메이플스토리,,,,medium
f1c7d824665c346fd85e,이벤트 | 뉴스 | 메이플스토리,,,,medium
4af919f37ff6655f50bf,이벤트 | 뉴스 | 메이플스토리,,,,medium
31af07bf24bcf98b4b90,이벤트 | 뉴스 | 메이플스토리,,,,medium
da3153eb9a57da04db17,이벤트 | 뉴스 | 메이플스토리,,,,medium
a3be343acc1826d791fa,이벤트 | 뉴스 | 메이플스토리,,,,medium
30310d2d83850b71be26,이벤트 | 뉴스 | 메이플스토리,,,,medium
eae07514b7b9e050bb36,이벤트 | 뉴스 | 메이플스토리,,,,medium
30cc72a9a7bcf76cc150,이벤트 | 뉴스 | 메이플스토리,,,,medium
29ed71f3e836a81e1bf7,이벤트 | 뉴스 | 메이플스토리,,,,medium
a8573832bedcd8fc39bd,이벤트 | 뉴스 | 메이플스토리,,,,medium
145704221e296195b233,이벤트 | 뉴스 | 메이플스토리,,,,medium
f5bc4b79ca5d2fa502b9,이벤트 | 뉴스 | 메이플스토리,,,,medium
bfa87256efcbac9c00df,이벤트 | 뉴스 | 메이플스토리,,,,medium
a17c75e5ff9de552182d,이벤트 | 뉴스 | 메이플스토리,,,,medium
9dd6fe6e46622d3f6857,이벤트 | 뉴스 | 메이플스토리,,,,medium
b230f11d43a4ae32dd0a,이벤트 | 뉴스 | 메이플스토리,,,,medium
956b8377636d64b4547e,이벤트 | 뉴스 | 메이플스토리,,,,medium
1fca6e90a3a645bde7bb,이벤트 | 뉴스 | 메이플스토리,,,,medium
e2eaf9b3f216d81fb800,이벤트 | 뉴스 | 메이플스토리,,,,medium
cab9bceaab6b7854513c,이벤트 | 뉴스 | 메이플스토리,,,,medium
a0e9006f70eb44c90884,이벤트 | 뉴스 | 메이플스토리,,,,medium
8a1e60bc0c0091fa860e,이벤트 | 뉴스 | 메이플스토리,,,,medium
3354157be17147c0dbd4,이벤트 | 뉴스 | 메이플스토리,,,,medium
4d8a9e43db6a7fdfc643,이벤트 | 뉴스 | 메이플스토리,,,,medium
f1798018a1888acc66a6,이벤트 | 뉴스 | 메이플스토리,,,,medium
807190239c1149851fbc,이벤트 | 뉴스 | 메이플스토리,,,,medium
e322cbfb9d8e8b12016d,이벤트 | 뉴스 | 메이플스토리,,,,medium
f321c6925746b494cb89,이벤트 | 뉴스 | 메이플스토리,,,,medium
099bfded425706cb1b9a,이벤트 | 뉴스 | 메이플스토리,,,,medium
7fcd2d7ed64541b76be5,이벤트 | 뉴스 | 메이플스토리,,,,medium
aff92590021d6e69fb68,이벤트 | 뉴스 | 메이플스토리,,,,medium
bd8b932657426961654a,이벤트 | 뉴스 | 메이플스토리,,,,medium
d36249b2098983fff187,이벤트 | 뉴스 | 메이플스토리,,,,medium
e0d9298ea32a8772cb3d,이벤트 | 뉴스 | 메이플스토리,,,,medium
1ab7b361adfaf30993b6,이벤트 | 뉴스 | 메이플스토리,,,,medium
67db765554408dcb525f,이벤트 | 뉴스 | 메이플스토리,,,,medium
0382338e8e441d84a4e3,이벤트 | 뉴스 | 메이플스토리,,,,medium
5e09574459ff5a2d6582,이벤트 | 뉴스 | 메이플스토리,,,,medium
903ba9b6422f0d3c6b4d,이벤트 | 뉴스 | 메이플스토리,,,,medium
5586f6e1c613e26365a5,이벤트 | 뉴스 | 메이플스토리,,,,medium
c1d59075b77aeb62140a,이벤트 | 뉴스 | 메이플스토리,,,,medium
3ecd856804245deb7120,이벤트 | 뉴스 | 메이플스토리,,,,medium
5fae38b9d4a62fb8c858,이벤트 | 뉴스 | 메이플스토리,,,,medium
492ed7102bc320388a19,이벤트 | 뉴스 | 메이플스토리,,,,medium
d803dffdb94cc356d72a,이벤트 | 뉴스 | 메이플스토리,,,,medium
f044df988a9805018a5d,이벤트 | 뉴스 | 메이플스토리,,,,medium
39bc047c4c146ddf1b37,이벤트 | 뉴스 | 메이플스토리,,,,medium
0362bb7fedf8e84b5964,이벤트 | 뉴스 | 메이플스토리,,,,medium
0fd848713d2bd482b55e,이벤트 | 뉴스 | 메이플스토리,,,,medium
e0d9f3db93be949bfa83,이벤트 | 뉴스 | 메이플스토리,,,,medium
65ae9cf16726ab35d162,이벤트 | 뉴스 | 메이플스토리,,,,medium
2950687b404b823d294b,이벤트 | 뉴스 | 메이플스토리,,,,medium
54d4beb1090e6f263030,이벤트 | 뉴스 | 메이플스토리,,,,medium
f96efa177150e5ce7c9c,이벤트 | 뉴스 | 메이플스토리,,,,medium
6ba96a7f6cf0c4abbc63,이벤트 | 뉴스 | 메이플스토리,,,,medium
7ac779cf1f050fd890df,이벤트 | 뉴스 | 메이플스토리,,,,medium
5f354007e94908928c60,이벤트 | 뉴스 | 메이플스토리,,,,medium
c8164e728d91b8a02356,이벤트 | 뉴스 | 메이플스토리,,,,medium
27e3d8e4c2c00f1952ee,이벤트 | 뉴스 | 메이플스토리,,,,medium
64fd1653bc19b7cba5f1,이벤트 | 뉴스 | 메이플스토리,,,,medium
a78af5b1dc84cab803d1,이벤트 | 뉴스 | 메이플스토리,,,,medium
9ce14b8342f2b17386d8,이벤트 | 뉴스 | 메이플스토리,,,,medium
7ed7d7042257f48abfce,이벤트 | 뉴스 | 메이플스토리,,,,medium
9f9b829af85271a30c42,이벤트 | 뉴스 | 메이플스토리,,,,medium
a2266ed08f7d82606138,이벤트 | 뉴스 | 메이플스토리,,,,medium
3ce09564a4275b9db78d,이벤트 | 뉴스 | 메이플스토리,,,,medium
6dfd4cc028d3f71626b1,이벤트 | 뉴스 | 메이플스토리,,,,medium
dde99b22860d91e4dc2c,이벤트 | 뉴스 | 메이플스토리,,,,medium
73c91ddbadcc55e0fc81,이벤트 | 뉴스 | 메이플스토리,,,,medium
7bc399043db73832b324,이벤트 | 뉴스 | 메이플스토리,,,,medium
909d60ce1151fa166e8d,이벤트 | 뉴스 | 메이플스토리,,,,medium
9e6aa4381414a4f5dcec,이벤트 | 뉴스 | 메이플스토리,,,,medium
1d66ca278aa67ec4e50c,이벤트 | 뉴스 | 메이플스토리,,,,medium
d4fbdb1460e4456545c3,이벤트 | 뉴스 | 메이플스토리,,,,medium
1e232806e0597282ee62,이벤트 | 뉴스 | 메이플스토리,,,,medium
9f012a7d9ed01ebe25df,이벤트 | 뉴스 | 메이플스토리,,,,medium
6d90b385a5d73174949d,이벤트 | 뉴스 | 메이플스토리,,,,medium
8baea5406549af48f891,이벤트 | 뉴스 | 메이플스토리,,,,medium
52cf4ad5d9a6c9cd8b67,이벤트 | 뉴스 | 메이플스토리,,,,medium
b2a5c2b1b99ec66425c2,이벤트 | 뉴스 | 메이플스토리,,,,medium
57ac580506a43e53cb95,이벤트 | 뉴스 | 메이플스토리,,,,medium
4b624c7f9787ede11864,이벤트 | 뉴스 | 메이플스토리,,,,medium
4d7d2612b63391ce5320,이벤트 | 뉴스 | 메이플스토리,,,,medium
dea293f7cee5aa88fe26,이벤트 | 뉴스 | 메이플스토리,,,,medium
20ab9edd788b3773602c,이벤트 | 뉴스 | 메이플스토리,,,,medium
da27997abbb4ad0d16d9,이벤트 | 뉴스 | 메이플스토리,,,,medium
45134d59666dc9fbbb99,이벤트 | 뉴스 | 메이플스토리,,,,medium
c1a801d202cc7513913b,이벤트 | 뉴스 | 메이플스토리,,,,medium
46408bdd7a899530ba1e,이벤트 | 뉴스 | 메이플스토리,,,,medium
27775c9e50c34648de8b,이벤트 | 뉴스 | 메이플스토리,,,,medium
da2f27722128c5284375,이벤트 | 뉴스 | 메이플스토리,,,,medium
806b0c03cb6b84a16142,이벤트 | 뉴스 | 메이플스토리,,,,medium
e8a711cc6291b12bc3de,이벤트 | 뉴스 | 메이플스토리,,,,medium
7c8a9e9a74f388da64a2,이벤트 | 뉴스 | 메이플스토리,,,,medium
6e4a908780836e6612e5,이벤트 | 뉴스 | 메이플스토리,,,,medium
01a956556c2c320f8eb3,이벤트 | 뉴스 | 메이플스토리,,,,medium
47f5703db768625f6dd4,이벤트 | 뉴스 | 메이플스토리,,,,medium
405e1c694a9f95ba0542,이벤트 | 뉴스 | 메이플스토리,,,,medium
0c7aa2c0001d72130656,이벤트 | 뉴스 | 메이플스토리,,,,medium
61b58702ead896a34192,이벤트 | 뉴스 | 메이플스토리,,,,medium
da98d4038a2c03bf3642,이벤트 | 뉴스 | 메이플스토리,,,,medium
2fb53b1902b7f2b1f5ed,이벤트 | 뉴스 | 메이플스토리,,,,medium
bf67c93d4b449dc5b8d5,이벤트 | 뉴스 | 메이플스토리,,,,medium
e180fa61aa8c321f3257,이벤트 | 뉴스 | 메이플스토리,,,,medium
ccb85c5355f20ac1af87,이벤트 | 뉴스 | 메이플스토리,,,,medium
886faa277c9f6fcaf3d3,이벤트 | 뉴스 | 메이플스토리,,,,medium
f841b04f305353466ed7,이벤트 | 뉴스 | 메이플스토리,,,,medium
d52ff8d03240c46e8893,이벤트 | 뉴스 | 메이플스토리,,,,medium
0543831a4b2ca1de9613,이벤트 | 뉴스 | 메이플스토리,,,,medium
70d5d9ecd45590e59cc7,이벤트 | 뉴스 | 메이플스토리,,,,medium
7c0b76b46534020d7cbd,이벤트 | 뉴스 | 메이플스토리,,,,medium
abcb545da0e2486240da,이벤트 | 뉴스 | 메이플스토리,,,,medium
80686d8773c940604513,이벤트 | 뉴스 | 메이플스토리,,,,medium
8ba38c80767fd1d77e36,이벤트 | 뉴스 | 메이플스토리,,,,medium
a6b86ee6e0a839f64736,이벤트 | 뉴스 | 메이플스토리,,,,medium
23d27c451095cb0f0bcd,이벤트 | 뉴스 | 메이플스토리,,,,medium
87148c6e7545c4ad2d2f,이벤트 | 뉴스 | 메이플스토리,,,,medium
46949e4c9e2c00a1ff9b,이벤트 | 뉴스 | 메이플스토리,,,,medium
5118a63a6b1461fbe1e2,이벤트 | 뉴스 | 메이플스토리,,,,medium
89c5c865ac54ef95033d,이벤트 | 뉴스 | 메이플스토리,,,,medium
08fd8bcfb7a49896a1a0,이벤트 | 뉴스 | 메이플스토리,,,,medium
436c1d962d0817e36a53,이벤트 | 뉴스 | 메이플스토리,,,,medium
c8d314aa1f48cf8cf1e6,이벤트 | 뉴스 | 메이플스토리,,,,medium
89be0509b62e65febf90,이벤트 | 뉴스 | 메이플스토리,,,,medium
924424195b8594f69c13,이벤트 | 뉴스 | 메이플스토리,,,,medium
d098ca9b33ba797dadb8,이벤트 | 뉴스 | 메이플스토리,,,,medium
cda071ceab4c0673c1f1,이벤트 | 뉴스 | 메이플스토리,,,,medium
49d216b32efcb68329df,이벤트 | 뉴스 | 메이플스토리,,,,medium
10d6393122d8433b6b28,이벤트 | 뉴스 | 메이플스토리,,,,medium
ea0eb2226ab673fd7377,이벤트 | 뉴스 | 메이플스토리,,,,medium
836a9b1c5bec8972d325,이벤트 | 뉴스 | 메이플스토리,,,,medium
257708918a0ddc96d36f,이벤트 | 뉴스 | 메이플스토리,,,,medium
670337a37c308495357c,이벤트 | 뉴스 | 메이플스토리,,,,medium
16fea8b1d6e298b9867a,이벤트 | 뉴스 | 메이플스토리,,,,medium
4bae16421e98498cb6bf,이벤트 | 뉴스 | 메이플스토리,,,,medium
ee523e450adb8a869012,이벤트 | 뉴스 | 메이플스토리,,,,medium
5af161f5e4395d9089ba,이벤트 | 뉴스 | 메이플스토리,,,,medium
baf89352d90c8c453393,이벤트 | 뉴스 | 메이플스토리,,,,medium
ae52a497813c5ff67494,이벤트 | 뉴스 | 메이플스토리,,,,medium
36a62b68d98f2b66935c,이벤트 | 뉴스 | 메이플스토리,,,,medium
535be9d995dfca551db4,이벤트 | 뉴스 | 메이플스토리,,,,medium
beec8074b6724883ea67,이벤트 | 뉴스 | 메이플스토리,,,,medium
b0342472c0bda5f70f3b,이벤트 | 뉴스 | 메이플스토리,,,,medium
b032a8ca3bda7c49043f,이벤트 | 뉴스 | 메이플스토리,,,,medium
100ab52b3518c7bbdfd3,이벤트 | 뉴스 | 메이플스토리,,,,medium
79bf53142638d29afba6,이벤트 | 뉴스 | 메이플스토리,,,,medium
6ef17764fbc04db4bedb,이벤트 | 뉴스 | 메이플스토리,,,,medium
4bb7ab74fd6f34c5207b,이벤트 | 뉴스 | 메이플스토리,,,,medium
d3324482a72a40660bb6,이벤트 | 뉴스 | 메이플스토리,,,,medium
b2fee47d7fbd409aa05c,이벤트 | 뉴스 | 메이플스토리,,,,medium
639551af2268e1d62040,이벤트 | 뉴스 | 메이플스토리,,,,medium
61c941d99ccfeb222999,이벤트 | 뉴스 | 메이플스토리,,,,medium
13a8097456d52980b28d,이벤트 | 뉴스 | 메이플스토리,,,,medium
a19204236c15dad655ba,이벤트 | 뉴스 | 메이플스토리,,,,medium
26fd08e9c4131b32fe18,이벤트 | 뉴스 | 메이플스토리,,,,medium
6896abb6d2379886e132,이벤트 | 뉴스 | 메이플스토리,,,,medium
5a2ca786edd2054bea0f,이벤트 | 뉴스 | 메이플스토리,,,,medium
c1e0e5274e9850a4ea3f,이벤트 | 뉴스 | 메이플스토리,,,,medium
2fd43fa69e6554609ae9,이벤트 | 뉴스 | 메이플스토리,,,,medium
96e2903ed7383a9720e4,이벤트 | 뉴스 | 메이플스토리,,,,medium
5b29e183b2eaab3aa4f3,이벤트 | 뉴스 | 메이플스토리,,,,medium
7011431df6cf0fe74833,이벤트 | 뉴스 | 메이플스토리,,,,medium
81611c73eaa555353da6,이벤트 | 뉴스 | 메이플스토리,,,,medium
c365961633200c1c1875,이벤트 | 뉴스 | 메이플스토리,,,,medium
00e55ebd28f571ee35f4,이벤트 | 뉴스 | 메이플스토리,,,,medium
91e413a8b16545f64dc5,이벤트 | 뉴스 | 메이플스토리,,,,medium
44f3537fa37215fe0549,이벤트 | 뉴스 | 메이플스토리,,,,medium
469e7b49dec7e193a7d1,이벤트 | 뉴스 | 메이플스토리,,,,medium
c0e5ec3e0b8a190f13af,이벤트 | 뉴스 | 메이플스토리,,,,medium
8ea9957fe9efe5c5d39d,이벤트 | 뉴스 | 메이플스토리,,,,medium
796cae2e48f0f25ff817,이벤트 | 뉴스 | 메이플스토리,,,,medium
4d96a16cbfd1ab7d9ebf,이벤트 | 뉴스 | 메이플스토리,,,,medium
b80968720297761d30f9,이벤트 | 뉴스 | 메이플스토리,,,,medium
048dc5a7cf5adcf57746,이벤트 | 뉴스 | 메이플스토리,,,,medium
06fd3ccfa26e1628a35d,이벤트 | 뉴스 | 메이플스토리,,,,medium
6e7178f6221325a76d14,이벤트 | 뉴스 | 메이플스토리,,,,medium
8a134207ede365149a65,이벤트 | 뉴스 | 메이플스토리,,,,medium
1d7ee74d97fc55d88871,이벤트 | 뉴스 | 메이플스토리,,,,medium
1f756b087e53266113a3,이벤트 | 뉴스 | 메이플스토리,,,,medium
b5cecdf780e89b598851,이벤트 | 뉴스 | 메이플스토리,,,,medium
fde97589eb5eabdd3b47,이벤트 | 뉴스 | 메이플스토리,,,,medium
304d3c34e011a5e3f624,이벤트 | 뉴스 | 메이플스토리,,,,medium
6a5d0e45a2a6db615c64,이벤트 | 뉴스 | 메이플스토리,,,,medium
0abb33dd5f34b291a3a1,이벤트 | 뉴스 | 메이플스토리,,,,medium
0d10bb2e8fcf4878f9c6,이벤트 | 뉴스 | 메이플스토리,,,,medium
6ad9482fbcf83bbb8876,이벤트 | 뉴스 | 메이플스토리,,,,medium
db10ed79cbe787295346,이벤트 | 뉴스 | 메이플스토리,,,,medium
aa0c753d50bde1b19180,이벤트 | 뉴스 | 메이플스토리,,,,medium
fe886b761961c92e77f0,이벤트 | 뉴스 | 메이플스토리,,,,medium
07448af5fc4d1a60d786,이벤트 | 뉴스 | 메이플스토리,,,,medium
2cc2f0bbd97e76ef6382,이벤트 | 뉴스 | 메이플스토리,,,,medium
f9c8c5d53d2d8ed94ad9,이벤트 | 뉴스 | 메이플스토리,,,,medium
a01c4c7346695abc2035,이벤트 | 뉴스 | 메이플스토리,,,,medium
c98b47ecac46cdf4fed7,이벤트 | 뉴스 | 메이플스토리,,,,medium
b96379e23c19cd1bff4d,이벤트 | 뉴스 | 메이플스토리,,,,medium
481ce3ebcf8521fa86ff,이벤트 | 뉴스 | 메이플스토리,,,,medium
c84eb9478c185151f8be,이벤트 | 뉴스 | 메이플스토리,,,,medium
92e48d36aa7be6bdbe34,이벤트 | 뉴스 | 메이플스토리,,,,medium
453300bb7270048f2d88,이벤트 | 뉴스 | 메이플스토리,,,,medium
2bad76a3b17cfcdfddaa,이벤트 | 뉴스 | 메이플스토리,,,,medium
62cc87e0e21ef16ba2e3,이벤트 | 뉴스 | 메이플스토리,,,,medium
ebf8afb9619acdb0bb36,이벤트 | 뉴스 | 메이플스토리,,,,medium
e3de9ab55c9310a02c6d,이벤트 | 뉴스 | 메이플스토리,,,,medium
6fae7ad79aec609eb592,이벤트 | 뉴스 | 메이플스토리,,,,medium
99e95c8dbe87234fee36,이벤트 | 뉴스 | 메이플스토리,,,,medium
b91effd14737259cbe08,이벤트 | 뉴스 | 메이플스토리,,,,medium
54c06a03f50412be72f8,이벤트 | 뉴스 | 메이플스토리,,,,medium
09ddadbd9930706a3600,이벤트 | 뉴스 | 메이플스토리,,,,medium
4d6f8cad3c5ec6a4ed97,이벤트 | 뉴스 | 메이플스토리,,,,medium
021c0997b3fe115b1ecc,이벤트 | 뉴스 | 메이플스토리,,,,medium
719f13a8905aae3ef029,이벤트 | 뉴스 | 메이플스토리,,,,medium
e9a3397b8d2615637039,이벤트 | 뉴스 | 메이플스토리,,,,medium
3cbef7edd100dd536b9a,이벤트 | 뉴스 | 메이플스토리,,,,medium
d26822c1fb871334690c,이벤트 | 뉴스 | 메이플스토리,,,,medium
46502aa3e89a63755cfa,이벤트 | 뉴스 | 메이플스토리,,,,medium
cb9d113663da058dbae8,이벤트 | 뉴스 | 메이플스토리,,,,medium
d6ec30e15cb8e0ff304e,이벤트 | 뉴스 | 메이플스토리,,,,medium
b192adae3acea23cbc8a,이벤트 | 뉴스 | 메이플스토리,,,,medium
9e85effb52b060527f3d,이벤트 | 뉴스 | 메이플스토리,,,,medium
92906115390a87b130bf,이벤트 | 뉴스 | 메이플스토리,,,,medium
af3dab2e37d09059794c,이벤트 | 뉴스 | 메이플스토리,,,,medium
9e5f6373d1f855f2aba3,이벤트 | 뉴스 | 메이플스토리,,,,medium
875e3ac0688176cffcc4,이벤트 | 뉴스 | 메이플스토리,,,,medium
9613d39cbef39a07139e,이벤트 | 뉴스 | 메이플스토리,,,,medium
af6471cfc1f074cac372,이벤트 | 뉴스 | 메이플스토리,,,,medium
17017b6ed4b12c0bdd37,이벤트 | 뉴스 | 메이플스토리,,,,medium
7a45fa715856f63bd25a,이벤트 | 뉴스 | 메이플스토리,,,,medium
f4359aefbbd00532e738,이벤트 | 뉴스 | 메이플스토리,,,,medium
91edd7921e627ae56f35,이벤트 | 뉴스 | 메이플스토리,,,,medium
10885d93925dc48d4d93,이벤트 | 뉴스 | 메이플스토리,,,,medium
2c97dd75bfd4d323a04e,이벤트 | 뉴스 | 메이플스토리,,,,medium
30dc047c36254fb49117,이벤트 | 뉴스 | 메이플스토리,,,,medium
b5c9b9a70fd06a3a0fc1,이벤트 | 뉴스 | 메이플스토리,,,,medium
5102b26771d81d71b642,이벤트 | 뉴스 | 메이플스토리,,,,medium
22639ac7e7a4c9bbbad3,이벤트 | 뉴스 | 메이플스토리,,,,medium
0853297ab745cb85a451,이벤트 | 뉴스 | 메이플스토리,,,,medium
4357d2a8cdd9946fc7c9,이벤트 | 뉴스 | 메이플스토리,,,,medium
1879043c3514154d7d66,이벤트 | 뉴스 | 메이플스토리,,,,medium
1e3fc6d743f1c66c2ad6,이벤트 | 뉴스 | 메이플스토리,,,,medium
74ad2d2dcb35ed4ca0d2,이벤트 | 뉴스 | 메이플스토리,,,,medium
5e4ea0a4f44f95409506,이벤트 | 뉴스 | 메이플스토리,,,,medium
022e43dbb37cbd19bdc3,이벤트 | 뉴스 | 메이플스토리,,,,medium
7d019be7f2014873b2ae,이벤트 | 뉴스 | 메이플스토리,,,,medium
7915caacfe23f5d1b158,이벤트 | 뉴스 | 메이플스토리,,,,medium
9df08d8dab7d64dcc5f8,이벤트 | 뉴스 | 메이플스토리,,,,medium
911b1280d41e4591bd10,이벤트 | 뉴스 | 메이플스토리,,,,medium
024e3ff02b470c0b6983,이벤트 | 뉴스 | 메이플스토리,,,,medium
7f74b40743e934036948,이벤트 | 뉴스 | 메이플스토리,,,,medium
24d13cf334b6d80fb49b,이벤트 | 뉴스 | 메이플스토리,,,,medium
4286ef5967c5cf39fb02,이벤트 | 뉴스 | 메이플스토리,,,,medium
9ebbdaee31ed9c5c54a0,이벤트 | 뉴스 | 메이플스토리,,,,medium
f17be06a5acccf052182,이벤트 | 뉴스 | 메이플스토리,,,,medium
3786ce2ebf5c24dbcb31,이벤트 | 뉴스 | 메이플스토리,,,,medium
df49bad6c3cbf0962dbf,이벤트 | 뉴스 | 메이플스토리,,,,medium
28474b2323915b278d87,이벤트 | 뉴스 | 메이플스토리,,,,medium
4a445922d80fad721ac6,이벤트 | 뉴스 | 메이플스토리,,,,medium
9b9cb3cd5cf32fef17aa,이벤트 | 뉴스 | 메이플스토리,,,,medium
b29a81a7fc38eda040e2,이벤트 | 뉴스 | 메이플스토리,,,,medium
496a76101aacc92f7ace,이벤트 | 뉴스 | 메이플스토리,,,,medium
da38244f12fa6fe3cd83,이벤트 | 뉴스 | 메이플스토리,,,,medium
e968ddc4782f79f00fa7,이벤트 | 뉴스 | 메이플스토리,,,,medium
86dc323748ecb941f4ad,이벤트 | 뉴스 | 메이플스토리,,,,medium
d7e2fa5144fd4027758c,이벤트 | 뉴스 | 메이플스토리,,,,medium
bf6368b61c286ea7b031,이벤트 | 뉴스 | 메이플스토리,,,,medium
8e09871ab14ee15118ed,이벤트 | 뉴스 | 메이플스토리,,,,medium
70d5962720bf0df73c2e,이벤트 | 뉴스 | 메이플스토리,,,,medium
07a677c5275e0712944f,이벤트 | 뉴스 | 메이플스토리,,,,medium
c276c3e90a93e8446a08,이벤트 | 뉴스 | 메이플스토리,,,,medium
aee6b3ea89446723ad47,이벤트 | 뉴스 | 메이플스토리,,,,medium
81f46adc4b4be2ed3289,이벤트 | 뉴스 | 메이플스토리,,,,medium
48696c792a59096b0e8c,이벤트 | 뉴스 | 메이플스토리,,,,medium
4b4a127bc0681597a14c,이벤트 | 뉴스 | 메이플스토리,,,,medium
2235f40beb5f66eb6e62,이벤트 | 뉴스 | 메이플스토리,,,,medium
7f48d282827779dad448,이벤트 | 뉴스 | 메이플스토리,,,,medium
ab16f70764da1e56743f,이벤트 | 뉴스 | 메이플스토리,,,,medium
98eb667f5dcf778cd903,이벤트 | 뉴스 | 메이플스토리,,,,medium
7bc7257effeebdaee8ce,이벤트 | 뉴스 | 메이플스토리,,,,medium
2c52397619f348864fec,이벤트 | 뉴스 | 메이플스토리,,,,medium
5b9304a99e6f60376056,이벤트 | 뉴스 | 메이플스토리,,,,medium
32696c5a9f92f11a1391,이벤트 | 뉴스 | 메이플스토리,,,,medium
e0a0dbe614fc4b47df9e,이벤트 | 뉴스 | 메이플스토리,,,,medium
d203db0fd10b18914536,이벤트 | 뉴스 | 메이플스토리,,,,medium
8334e2b55feabc60159f,이벤트 | 뉴스 | 메이플스토리,,,,medium
a370f0bd9eb3cb67ccc4,이벤트 | 뉴스 | 메이플스토리,,,,medium
5ad3a53b76c5ba37b173,이벤트 | 뉴스 | 메이플스토리,,,,medium
4c4e2586c66eeee153b7,이벤트 | 뉴스 | 메이플스토리,,,,medium
0be89a3d20afcf8aa9e9,이벤트 | 뉴스 | 메이플스토리,,,,medium
54c6e4889b522615746d,이벤트 | 뉴스 | 메이플스토리,,,,medium
eff6baac01b341d8b789,이벤트 | 뉴스 | 메이플스토리,,,,medium
b9151200d50b5c567cb0,이벤트 | 뉴스 | 메이플스토리,,,,medium
59e0acc1ee905919b3f3,이벤트 | 뉴스 | 메이플스토리,,,,medium
ec5b49f691e76afb940b,이벤트 | 뉴스 | 메이플스토리,,,,medium
ae5709426e2865adb631,이벤트 | 뉴스 | 메이플스토리,,,,medium
5e191f38ea08cfdc4d43,이벤트 | 뉴스 | 메이플스토리,,,,medium
818c0118c1d04e1d52b6,이벤트 | 뉴스 | 메이플스토리,,,,medium
85d39ae02e89d8969458,이벤트 | 뉴스 | 메이플스토리,,,,medium
c03fcbc2a18d69942872,이벤트 | 뉴스 | 메이플스토리,,,,medium
da75cb8f9b6670a468d6,이벤트 | 뉴스 | 메이플스토리,,,,medium
52fca82ccef8f2427190,이벤트 | 뉴스 | 메이플스토리,,,,medium
0d9dee5932b328878760,이벤트 | 뉴스 | 메이플스토리,,,,medium
28c11dd3113fbe2f5d9f,이벤트 | 뉴스 | 메이플스토리,,,,medium
b91dfd2af5ef1df7a143,이벤트 | 뉴스 | 메이플스토리,,,,medium
cb27904121b24a4f9901,이벤트 | 뉴스 | 메이플스토리,,,,medium
cdb5c3b1acda5f6814ba,이벤트 | 뉴스 | 메이플스토리,,,,medium
89e7b4743e5e5e15902d,이벤트 | 뉴스 | 메이플스토리,,,,medium
8fd815d72f08cac94082,이벤트 | 뉴스 | 메이플스토리,,,,medium
7a44fc087db82606ddba,이벤트 | 뉴스 | 메이플스토리,,,,medium
374cb27f96db72be0069,이벤트 | 뉴스 | 메이플스토리,,,,medium
a1745a8fc920895a3555,이벤트 | 뉴스 | 메이플스토리,,,,medium
a2d51cffd572a6fcfa5d,이벤트 | 뉴스 | 메이플스토리,,,,medium
bfbeba99f42b53de9e0c,이벤트 | 뉴스 | 메이플스토리,,,,medium
83dcd2c710781ae73b6c,이벤트 | 뉴스 | 메이플스토리,,,,medium
de53a18d010737685322,이벤트 | 뉴스 | 메이플스토리,,,,medium
44a5a61cc4bca8b0c14d,이벤트 | 뉴스 | 메이플스토리,,,,medium
fbd93d205ac93a69f8d9,이벤트 | 뉴스 | 메이플스토리,,,,medium
2ccf1e1e7a73dfc4c6cf,공지사항 | 뉴스 | 메이플스토리,,,,medium
0d729914f0cc4d3249cf,공지사항 | 뉴스 | 메이플스토리,,,,medium
7f6d7b091aea5f117b35,공지사항 | 뉴스 | 메이플스토리,,,,medium
e9a39f2e609ec6ae793f,공지사항 | 뉴스 | 메이플스토리,,,,medium
1c3561567b12d93de16f,공지사항 | 뉴스 | 메이플스토리,,,,medium
d3d2819deb844512dfe9,공지사항 | 뉴스 | 메이플스토리,,,,medium
d55ad0ef16c7d10b1b84,공지사항 | 뉴스 | 메이플스토리,,,,medium
6b0d02d5e4dd6bc519ba,공지사항 | 뉴스 | 메이플스토리,,,,medium
c65c7cfe56d69f99152e,공지사항 | 뉴스 | 메이플스토리,,,,medium
79d8129d29e4754ee2ab,공지사항 | 뉴스 | 메이플스토리,,,,medium
5e68a19e4b0927b8d305,공지사항 | 뉴스 | 메이플스토리,,,,medium
4e974846909114fea636,공지사항 | 뉴스 | 메이플스토리,,,,medium
214d038b6f608558f4c4,공지사항 | 뉴스 | 메이플스토리,,,,medium
749e68a777dab5812635,공지사항 | 뉴스 | 메이플스토리,,,,medium
456b810662b1f4ce9c90,공지사항 | 뉴스 | 메이플스토리,,,,medium
3cfae80fc6a56f278844,공지사항 | 뉴스 | 메이플스토리,,,,medium
a5a864f5852bcf89992e,공지사항 | 뉴스 | 메이플스토리,,,,medium
68c9100572d56106abb9,공지사항 | 뉴스 | 메이플스토리,,,,medium
1cf73c90558a797a8e57,공지사항 | 뉴스 | 메이플스토리,,,,medium
1f168b6356e3aa308f68,공지사항 | 뉴스 | 메이플스토리,,,,medium
4a6ace2e4483b2b1bd84,공지사항 | 뉴스 | 메이플스토리,,,,medium
bb0d8881be67d4e928fd,공지사항 | 뉴스 | 메이플스토리,,,,medium
67e42203b4c9cb8d6706,공지사항 | 뉴스 | 메이플스토리,,,,medium
a8b0fd4184c4ec31abdb,공지사항 | 뉴스 | 메이플스토리,,,,medium
cbc0bbcfc34b1a30e318,공지사항 | 뉴스 | 메이플스토리,,,,medium
111d1c4dd7d0c319e0c8,공지사항 | 뉴스 | 메이플스토리,,,,medium
bc93db6c63702bf84f53,공지사항 | 뉴스 | 메이플스토리,,,,medium
7b4e1c7043f10998b867,공지사항 | 뉴스 | 메이플스토리,,,,medium
bdc6f884272eff0fa420,공지사항 | 뉴스 | 메이플스토리,,,,medium
2c0bc5fd7758a5175e9d,공지사항 | 뉴스 | 메이플스토리,,,,medium
c1eea353fcb9e753d907,공지사항 | 뉴스 | 메이플스토리,,,,medium
3eeac2de639e3ddb7472,공지사항 | 뉴스 | 메이플스토리,,,,medium
eeff6169f851b3f62759,공지사항 | 뉴스 | 메이플스토리,,,,medium
b456679624e6dd07adaf,공지사항 | 뉴스 | 메이플스토리,,,,medium
5bd42f9ac02886b6a613,공지사항 | 뉴스 | 메이플스토리,,,,medium
7a52ddc394ee7414e6ed,공지사항 | 뉴스 | 메이플스토리,,,,medium
19a6518daaaa97b0d704,공지사항 | 뉴스 | 메이플스토리,,,,medium
08c68315e940ca537b50,공지사항 | 뉴스 | 메이플스토리,,,,medium
db76359079c5107841fc,공지사항 | 뉴스 | 메이플스토리,,,,medium
9be3ed56a56bbcd2b41f,공지사항 | 뉴스 | 메이플스토리,,,,medium
e1a82bd83801169ba24c,공지사항 | 뉴스 | 메이플스토리,,,,medium
a38cb26a0997bc4aa0a9,공지사항 | 뉴스 | 메이플스토리,,,,medium
93fb4ccc13169dc01508,공지사항 | 뉴스 | 메이플스토리,,,,medium
23964af8ee481581c349,공지사항 | 뉴스 | 메이플스토리,,,,medium
eb7614efbf8b59c257ce,공지사항 | 뉴스 | 메이플스토리,,,,medium
7933964e0f10dcd589ea,공지사항 | 뉴스 | 메이플스토리,,,,medium
0700641d4fb7d6a25b6e,공지사항 | 뉴스 | 메이플스토리,,,,medium
2a22e44949890819c719,공지사항 | 뉴스 | 메이플스토리,,,,medium
67fa0fef01b9a1e1a6b3,공지사항 | 뉴스 | 메이플스토리,,,,medium
cd35271d788695662389,공지사항 | 뉴스 | 메이플스토리,,,,medium
71a17fc87539f7777696,공지사항 | 뉴스 | 메이플스토리,,,,medium
0ee9552af291010cef4b,공지사항 | 뉴스 | 메이플스토리,,,,medium
f86411bd5e8669ce64d1,공지사항 | 뉴스 | 메이플스토리,,,,medium
81d7ee8b852e80c0bcd2,공지사항 | 뉴스 | 메이플스토리,,,,medium
1ad26c334f8d2033758b,공지사항 | 뉴스 | 메이플스토리,,,,medium
12c44449d8560d80142d,공지사항 | 뉴스 | 메이플스토리,,,,medium
147807c175f1589a960b,공지사항 | 뉴스 | 메이플스토리,,,,medium
8376be596beaef36ccd8,공지사항 | 뉴스 | 메이플스토리,,,,medium
ecc719af7e0c51ef4584,공지사항 | 뉴스 | 메이플스토리,,,,medium
a62c9721c860a0ff75e8,공지사항 | 뉴스 | 메이플스토리,,,,medium
4df96246a43aa3823df7,공지사항 | 뉴스 | 메이플스토리,,,,medium
8485e541e156b784a1dc,공지사항 | 뉴스 | 메이플스토리,,,,medium
57882e9d5bd05136454c,공지사항 | 뉴스 | 메이플스토리,,,,medium
6280c747b46b2c5cc395,공지사항 | 뉴스 | 메이플스토리,,,,medium
04006ae23b156e07797c,공지사항 | 뉴스 | 메이플스토리,,,,medium
0214cc44fcf7dc7cd6b0,공지사항 | 뉴스 | 메이플스토리,,,,medium
8716b2ddb45d1529c618,공지사항 | 뉴스 | 메이플스토리,,,,medium
fef6b41d26e6a964c4f0,공지사항 | 뉴스 | 메이플스토리,,,,medium
45743f51229d9cf55664,공지사항 | 뉴스 | 메이플스토리,,,,medium
e2e193f7486bf335ab47,공지사항 | 뉴스 | 메이플스토리,,,,medium
bb371746aa5bda14d600,공지사항 | 뉴스 | 메이플스토리,,,,medium
a494b908a89a2b889429,공지사항 | 뉴스 | 메이플스토리,,,,medium
fdfa577fb81aa066c5e1,공지사항 | 뉴스 | 메이플스토리,,,,medium
1ea72b78842e2163810e,공지사항 | 뉴스 | 메이플스토리,,,,medium
17bdead79ca7f1c80aad,공지사항 | 뉴스 | 메이플스토리,,,,medium
5160dd9bf0750d213246,공지사항 | 뉴스 | 메이플스토리,,,,medium
8dbf42628387e45200af,공지사항 | 뉴스 | 메이플스토리,,,,medium
32c618218a367cade5b5,공지사항 | 뉴스 | 메이플스토리,,,,medium
8e8f50927452f7f9bdb6,공지사항 | 뉴스 | 메이플스토리,,,,medium
fcac6f4cb1d3cbf3dae8,공지사항 | 뉴스 | 메이플스토리,,,,medium
c55cc1e8e0020723078c,공지사항 | 뉴스 | 메이플스토리,,,,medium
a1bb86ae1c212ac4e95b,공지사항 | 뉴스 | 메이플스토리,,,,medium
5cf67ceb606268d77557,공지사항 | 뉴스 | 메이플스토리,,,,medium
654358198f7ede99b7b4,공지사항 | 뉴스 | 메이플스토리,,,,medium
52567ebdf26f7e4b4753,공지사항 | 뉴스 | 메이플스토리,,,,medium
73a9c921432dab4edb6f,공지사항 | 뉴스 | 메이플스토리,,,,medium
7dd003e9672f14dd8da8,공지사항 | 뉴스 | 메이플스토리,,,,medium
012cfcf9bfddb4c6b0ce,공지사항 | 뉴스 | 메이플스토리,,,,medium
5a1a028e1a881ac1ab95,공지사항 | 뉴스 | 메이플스토리,,,,medium
20326afa1b4bef2ee2ad,공지사항 | 뉴스 | 메이플스토리,,,,medium
406d4dcf623098eca1a9,공지사항 | 뉴스 | 메이플스토리,,,,medium
b0233a326f73a15140b9,공지사항 | 뉴스 | 메이플스토리,,,,medium
d92e105e25eb16f7d6b2,공지사항 | 뉴스 | 메이플스토리,,,,medium
ec622aa737da0e3f015b,공지사항 | 뉴스 | 메이플스토리,,,,medium
5baf452af3a01cd1d35e,공지사항 | 뉴스 | 메이플스토리,,,,medium
6ce35729b0d1ad87e339,공지사항 | 뉴스 | 메이플스토리,,,,medium
31a42330f7c755ec76a5,공지사항 | 뉴스 | 메이플스토리,,,,medium
de8e314df826c3edb0d1,공지사항 | 뉴스 | 메이플스토리,,,,medium
7fef8060cd19a1bfd4d4,공지사항 | 뉴스 | 메이플스토리,,,,medium
0d0b49c99c969e7879fd,공지사항 | 뉴스 | 메이플스토리,,,,medium
432fe797316ff189864e,공지사항 | 뉴스 | 메이플스토리,,,,medium
094ae37d420c88ff3571,공지사항 | 뉴스 | 메이플스토리,,,,medium
5e3688dc9c64fd6e326b,공지사항 | 뉴스 | 메이플스토리,,,,medium
fe69e44059d724745bd0,공지사항 | 뉴스 | 메이플스토리,,,,medium
079eb13ac168b7593697,공지사항 | 뉴스 | 메이플스토리,,,,medium
45badc987f085a054bde,공지사항 | 뉴스 | 메이플스토리,,,,medium
7ea7ab1fd62dd37d627b,공지사항 | 뉴스 | 메이플스토리,,,,medium
c334f5ec3b4ca5a2da4a,공지사항 | 뉴스 | 메이플스토리,,,,medium
ca3db628b2a7b08ae708,공지사항 | 뉴스 | 메이플스토리,,,,medium
d38b506f6d9acb6dd988,공지사항 | 뉴스 | 메이플스토리,,,,medium
2b430df6e4366d185089,공지사항 | 뉴스 | 메이플스토리,,,,medium
d8c21c21e7ad1a531685,공지사항 | 뉴스 | 메이플스토리,,,,medium
40767b96692416e09da4,공지사항 | 뉴스 | 메이플스토리,,,,medium
a5c7a7ff411652653944,공지사항 | 뉴스 | 메이플스토리,,,,medium
baa18745555dadb65032,공지사항 | 뉴스 | 메이플스토리,,,,medium
7df03bb7d1afc1015243,공지사항 | 뉴스 | 메이플스토리,,,,medium
ffd455391c7763763548,공지사항 | 뉴스 | 메이플스토리,,,,medium
ca68778a3c9a540a9ff2,공지사항 | 뉴스 | 메이플스토리,,,,medium
0bbe4953728ff04972ce,공지사항 | 뉴스 | 메이플스토리,,,,medium
045eca0be58ec392e693,공지사항 | 뉴스 | 메이플스토리,,,,medium
07ab982f7bc0d8f86d9f,공지사항 | 뉴스 | 메이플스토리,,,,medium
a7d88557b4a7785ad612,공지사항 | 뉴스 | 메이플스토리,,,,medium
a5a2286b58a7db848742,공지사항 | 뉴스 | 메이플스토리,,,,medium
91385e25dedee7c02381,공지사항 | 뉴스 | 메이플스토리,,,,medium
f7325432ae71f67a7b25,공지사항 | 뉴스 | 메이플스토리,,,,medium
237f093d7e6c129ec3ce,공지사항 | 뉴스 | 메이플스토리,,,,medium
baa18f8bf1d0bb75c250,공지사항 | 뉴스 | 메이플스토리,,,,medium
b7c60e8489ca188919e6,공지사항 | 뉴스 | 메이플스토리,,,,medium
7f43e496841e432b67ee,공지사항 | 뉴스 | 메이플스토리,,,,medium
77569073eb885fed46ff,공지사항 | 뉴스 | 메이플스토리,,,,medium
a782b9789e6a5727bf49,공지사항 | 뉴스 | 메이플스토리,,,,medium
cdafd47c440927e75491,공지사항 | 뉴스 | 메이플스토리,,,,medium
e6f848a6c65b13463200,공지사항 | 뉴스 | 메이플스토리,,,,medium
f289727437ed065b468d,공지사항 | 뉴스 | 메이플스토리,,,,medium
87361dc11551649fbcab,공지사항 | 뉴스 | 메이플스토리,,,,medium
7e1ae835053dae8e883f,공지사항 | 뉴스 | 메이플스토리,,,,medium
55f14ef55097de74915e,공지사항 | 뉴스 | 메이플스토리,,,,medium
b620fda51609b0fcfa1c,공지사항 | 뉴스 | 메이플스토리,,,,medium
d77fec5ecd21655004b1,공지사항 | 뉴스 | 메이플스토리,,,,medium
010fb6aa21c5f8d48cd7,공지사항 | 뉴스 | 메이플스토리,,,,medium
86ea9d73707ccc5e5f8f,공지사항 | 뉴스 | 메이플스토리,,,,medium
0850df53fadd8aa512fe,공지사항 | 뉴스 | 메이플스토리,,,,medium
5f7cc55dcffb1b53c515,공지사항 | 뉴스 | 메이플스토리,,,,medium
951530bf87800ef02cd9,공지사항 | 뉴스 | 메이플스토리,,,,medium
91edc73e63832e38dfab,공지사항 | 뉴스 | 메이플스토리,,,,medium
92d1de2917836307aa7e,공지사항 | 뉴스 | 메이플스토리,,,,medium
4c638bc1340bf1e37f95,공지사항 | 뉴스 | 메이플스토리,,,,medium
f4d40ffd3c15f6455690,공지사항 | 뉴스 | 메이플스토리,,,,medium
8de9e18da82171223947,공지사항 | 뉴스 | 메이플스토리,,,,medium
5564cfb5ef65063bb875,공지사항 | 뉴스 | 메이플스토리,,,,medium
c7b47b1f6b74593f720b,공지사항 | 뉴스 | 메이플스토리,,,,medium
55e151b3191af2565e59,공지사항 | 뉴스 | 메이플스토리,,,,medium
97d99d2ec1c5af4b9f43,공지사항 | 뉴스 | 메이플스토리,,,,medium
fddca26df90d4d565323,공지사항 | 뉴스 | 메이플스토리,,,,medium
4d0fbc47f27f1c201eb3,공지사항 | 뉴스 | 메이플스토리,,,,medium
9b3946db9916f9588a8a,공지사항 | 뉴스 | 메이플스토리,,,,medium
d1153cfe5dbd110b014b,공지사항 | 뉴스 | 메이플스토리,,,,medium
98dbad572a319224e700,공지사항 | 뉴스 | 메이플스토리,,,,medium
8dc731e83d7f2a2bb419,공지사항 | 뉴스 | 메이플스토리,,,,medium
f1ad8eba926cc03196a9,공지사항 | 뉴스 | 메이플스토리,,,,medium
d595278a3bc7bf37e03b,공지사항 | 뉴스 | 메이플스토리,,,,medium
a0166007ce0c2060073d,공지사항 | 뉴스 | 메이플스토리,,,,medium
d8ae07d08f1dd067698a,공지사항 | 뉴스 | 메이플스토리,,,,medium
334dac4f2aeaf52b9585,공지사항 | 뉴스 | 메이플스토리,,,,medium
ddcf0b401e9e3f274647,공지사항 | 뉴스 | 메이플스토리,,,,medium
502572a56fb994f7fcd8,공지사항 | 뉴스 | 메이플스토리,,,,medium
f3e5d7423b7701fdd725,공지사항 | 뉴스 | 메이플스토리,,,,medium
c7ebf5ad48b7295fed6d,공지사항 | 뉴스 | 메이플스토리,,,,medium
ade85c0b0d08af65fa9d,공지사항 | 뉴스 | 메이플스토리,,,,medium
1cfde65d14c86103fa40,공지사항 | 뉴스 | 메이플스토리,,,,medium
affd9589a769aa72ddb1,공지사항 | 뉴스 | 메이플스토리,,,,medium
e211a7b6f7f2f1ffedac,공지사항 | 뉴스 | 메이플스토리,,,,medium
e97e262edec5eb4de334,공지사항 | 뉴스 | 메이플스토리,,,,medium
784e3802c837ff56bb8b,공지사항 | 뉴스 | 메이플스토리,,,,medium
66f60a4f5674d9a23e92,공지사항 | 뉴스 | 메이플스토리,,,,medium
3dcd997e7837213e6457,공지사항 | 뉴스 | 메이플스토리,,,,medium
f28d7ba58f48cc2ac402,공지사항 | 뉴스 | 메이플스토리,,,,medium
f930cea01919bd9ee02d,공지사항 | 뉴스 | 메이플스토리,,,,medium
aa18a4a974ef965db914,공지사항 | 뉴스 | 메이플스토리,,,,medium
41d4eb74cdead3825461,공지사항 | 뉴스 | 메이플스토리,,,,medium
dc44b8ec4a8b79979048,공지사항 | 뉴스 | 메이플스토리,,,,medium
f66334092fb184ff4a7a,공지사항 | 뉴스 | 메이플스토리,,,,medium
aac79fb39593f95847e9,공지사항 | 뉴스 | 메이플스토리,,,,medium
8dfdf72053ade193f747,공지사항 | 뉴스 | 메이플스토리,,,,medium
7b8211e9126dce074e9d,공지사항 | 뉴스 | 메이플스토리,,,,medium
ae256dd1e594aac3b1ef,공지사항 | 뉴스 | 메이플스토리,,,,medium
126ddc0384f583380c7e,공지사항 | 뉴스 | 메이플스토리,,,,medium
a710cc8b4d39de6b1c4d,공지사항 | 뉴스 | 메이플스토리,,,,medium
72c9226b005b88d997ae,공지사항 | 뉴스 | 메이플스토리,,,,medium
50244aff5ea30ef852a5,공지사항 | 뉴스 | 메이플스토리,,,,medium
418c09bc1da4d42ffff4,공지사항 | 뉴스 | 메이플스토리,,,,medium
dbd530c46331b8134fd3,공지사항 | 뉴스 | 메이플스토리,,,,medium
b992f9e936aeb49f8c3b,공지사항 | 뉴스 | 메이플스토리,,,,medium
7aec332c66761283b7aa,공지사항 | 뉴스 | 메이플스토리,,,,medium
ffb9dca4d319c6c56681,공지사항 | 뉴스 | 메이플스토리,,,,medium
9d0476fefff7098955e7,공지사항 | 뉴스 | 메이플스토리,,,,medium
c249d09c70c36b0a39ff,공지사항 | 뉴스 | 메이플스토리,,,,medium
c1b6ce1ca5e95eff3deb,공지사항 | 뉴스 | 메이플스토리,,,,medium
d0f322e07f2fde192e3e,공지사항 | 뉴스 | 메이플스토리,,,,medium
663f35b3e1cba879c9a3,공지사항 | 뉴스 | 메이플스토리,,,,medium
a2644737072f30fe0e0d,공지사항 | 뉴스 | 메이플스토리,,,,medium
7db5941554ff3b8df420,공지사항 | 뉴스 | 메이플스토리,,,,medium
b3107892e99e0b5e8ac1,공지사항 | 뉴스 | 메이플스토리,,,,medium
d181aaef16afa580b5a8,공지사항 | 뉴스 | 메이플스토리,,,,medium
e6cd43075d4299500cf8,공지사항 | 뉴스 | 메이플스토리,,,,medium
d4011aa31971cee566ce,공지사항 | 뉴스 | 메이플스토리,,,,medium
f0e2255ff39c24f2a848,공지사항 | 뉴스 | 메이플스토리,,,,medium
60de0bb279759997a4a1,공지사항 | 뉴스 | 메이플스토리,,,,medium
970ab4e6084a29b52c0b,공지사항 | 뉴스 | 메이플스토리,,,,medium
d23f1b91d6496068274e,공지사항 | 뉴스 | 메이플스토리,,,,medium
0786cb20265c9e563674,공지사항 | 뉴스 | 메이플스토리,,,,medium
12ce651081a9d0e6d540,공지사항 | 뉴스 | 메이플스토리,,,,medium
48f9efe9451470495b3b,공지사항 | 뉴스 | 메이플스토리,,,,medium
a3b7b347626afa1baa89,공지사항 | 뉴스 | 메이플스토리,,,,medium
3ab2303d43f4485b650b,공지사항 | 뉴스 | 메이플스토리,,,,medium
4fc2f8a445ce022b4f13,공지사항 | 뉴스 | 메이플스토리,,,,medium
3701e038a871c2de0528,공지사항 | 뉴스 | 메이플스토리,,,,medium
f10b2dc6ada506ee9bba,공지사항 | 뉴스 | 메이플스토리,,,,medium
6d629b1a58d137879b20,공지사항 | 뉴스 | 메이플스토리,,,,medium
353d2227b8566e34a8f7,공지사항 | 뉴스 | 메이플스토리,,,,medium
c05f23b77e246f5d1792,공지사항 | 뉴스 | 메이플스토리,,,,medium
03ed05e9bcab2fe48523,공지사항 | 뉴스 | 메이플스토리,,,,medium
16c2c2b51278231dedd8,공지사항 | 뉴스 | 메이플스토리,,,,medium
9c62194084a38bd82177,공지사항 | 뉴스 | 메이플스토리,,,,medium
0d339d50487a968a7e8f,공지사항 | 뉴스 | 메이플스토리,,,,medium
d04ecda38a776f2f3d0d,공지사항 | 뉴스 | 메이플스토리,,,,medium
ca0096207213c6121d21,공지사항 | 뉴스 | 메이플스토리,,,,medium
7534f1f80cac14c71010,공지사항 | 뉴스 | 메이플스토리,,,,medium
3fbb9eec1b1fcf351236,공지사항 | 뉴스 | 메이플스토리,,,,medium
80ca73d9ab93f2ed283e,공지사항 | 뉴스 | 메이플스토리,,,,medium
eb2677cdde1dff8f2d8d,공지사항 | 뉴스 | 메이플스토리,,,,medium
01b58ea8904022890f26,공지사항 | 뉴스 | 메이플스토리,,,,medium
10cab8da20af560f3f6a,공지사항 | 뉴스 | 메이플스토리,,,,medium
09c720201874df12a75f,공지사항 | 뉴스 | 메이플스토리,,,,medium
c0cddc3a2a252bda719d,공지사항 | 뉴스 | 메이플스토리,,,,medium
0747d0a83f47d313b4f0,공지사항 | 뉴스 | 메이플스토리,,,,medium
57a888e34a2ddb7bc8f8,공지사항 | 뉴스 | 메이플스토리,,,,medium
c9c86fdba9f245a99668,공지사항 | 뉴스 | 메이플스토리,,,,medium
ecf15ee400febf702153,공지사항 | 뉴스 | 메이플스토리,,,,medium
eedb111882c9c53782e3,공지사항 | 뉴스 | 메이플스토리,,,,medium
8bb124a0c2a6dde8cfd8,공지사항 | 뉴스 | 메이플스토리,,,,medium
20e395ee2f1614a0c2e6,공지사항 | 뉴스 | 메이플스토리,,,,medium
7fc4289a64684641759f,공지사항 | 뉴스 | 메이플스토리,,,,medium
9fe1f6650f6e383b9562,공지사항 | 뉴스 | 메이플스토리,,,,medium
eea7354c0099401da8fb,공지사항 | 뉴스 | 메이플스토리,,,,medium
26498be29a16e932427f,공지사항 | 뉴스 | 메이플스토리,,,,medium
405ed0a579ebc14045a5,공지사항 | 뉴스 | 메이플스토리,,,,medium
c6606d7c9761491af59d,공지사항 | 뉴스 | 메이플스토리,,,,medium
8722e75068111beb6584,공지사항 | 뉴스 | 메이플스토리,,,,medium
ebe27a3fabbe591d0330,공지사항 | 뉴스 | 메이플스토리,,,,medium
b093eb1d28f2b7d41b3e,공지사항 | 뉴스 | 메이플스토리,,,,medium
d66f6baa02e7817ec853,공지사항 | 뉴스 | 메이플스토리,,,,medium
7c8608f2fb7576e4ecac,공지사항 | 뉴스 | 메이플스토리,,,,medium
da4c6f36dadb5d5948db,공지사항 | 뉴스 | 메이플스토리,,,,medium
7cc25697e952cd4898fc,공지사항 | 뉴스 | 메이플스토리,,,,medium
cf786e4618065372eff3,공지사항 | 뉴스 | 메이플스토리,,,,medium
04e820b2703425355cab,공지사항 | 뉴스 | 메이플스토리,,,,medium
a2f2541bbcc39fd17009,공지사항 | 뉴스 | 메이플스토리,,,,medium
7ed129aa4ccda8fe57ff,공지사항 | 뉴스 | 메이플스토리,,,,medium
11a2c3399a872373151e,공지사항 | 뉴스 | 메이플스토리,,,,medium
ddd5ca584d192ec75007,공지사항 | 뉴스 | 메이플스토리,,,,medium
ad4c73c783b4d5386ee5,공지사항 | 뉴스 | 메이플스토리,,,,medium
f15e6ff5db0ecf84cdad,공지사항 | 뉴스 | 메이플스토리,,,,medium
313d185f8ca24f31e4c3,공지사항 | 뉴스 | 메이플스토리,,,,medium
e8b5be296de2b2172c81,공지사항 | 뉴스 | 메이플스토리,,,,medium
15d850022e02aee5af53,공지사항 | 뉴스 | 메이플스토리,,,,medium
24a71e18412c20e7e91a,공지사항 | 뉴스 | 메이플스토리,,,,medium
598583349a6cdd9761d3,공지사항 | 뉴스 | 메이플스토리,,,,medium
2fcef0f145fdd1c98443,공지사항 | 뉴스 | 메이플스토리,,,,medium
20dd4df77c3c2fb8fc6d,공지사항 | 뉴스 | 메이플스토리,,,,medium
c2a44bc282849df08ab3,공지사항 | 뉴스 | 메이플스토리,,,,medium
40e9521298d67210a92f,공지사항 | 뉴스 | 메이플스토리,,,,medium
749697063ecd149e7537,공지사항 | 뉴스 | 메이플스토리,,,,medium
11603f1c182f0b496037,공지사항 | 뉴스 | 메이플스토리,,,,medium
5b3a188d0f51c269b8ac,공지사항 | 뉴스 | 메이플스토리,,,,medium
23ec61f345848e4fd2ec,공지사항 | 뉴스 | 메이플스토리,,,,medium
c3f1da89711e1bfd329b,공지사항 | 뉴스 | 메이플스토리,,,,medium
c217f3d92496637f6db4,공지사항 | 뉴스 | 메이플스토리,,,,medium
2464b79b6587ac8e2ae0,공지사항 | 뉴스 | 메이플스토리,,,,medium
9318001b852bd59acd05,공지사항 | 뉴스 | 메이플스토리,,,,medium
0d502c873d7ab0c77623,공지사항 | 뉴스 | 메이플스토리,,,,medium
f1bc128d90dabd7c8d0c,공지사항 | 뉴스 | 메이플스토리,,,,medium
edf92a5cded7fdeb698e,공지사항 | 뉴스 | 메이플스토리,,,,medium
a82ac164dbf66de09fce,공지사항 | 뉴스 | 메이플스토리,,,,medium
ceb66eb2aa9ebc6c52c3,공지사항 | 뉴스 | 메이플스토리,,,,medium
ee2b04aae633c29d45cd,공지사항 | 뉴스 | 메이플스토리,,,,medium
5362fc97aeb8dd0c0876,공지사항 | 뉴스 | 메이플스토리,,,,medium
8f9dcfd006a173108241,공지사항 | 뉴스 | 메이플스토리,,,,medium
190b65efa4e7c2cc8edf,공지사항 | 뉴스 | 메이플스토리,,,,medium
e30c6f765e6ebe01ae02,공지사항 | 뉴스 | 메이플스토리,,,,medium
c5a497cdd906dc96e26d,공지사항 | 뉴스 | 메이플스토리,,,,medium
a17aecb34f11b260fa17,공지사항 | 뉴스 | 메이플스토리,,,,medium
94c3bdc3ffcda208c0e7,공지사항 | 뉴스 | 메이플스토리,,,,medium
b4fb1950d37bca6d6da0,공지사항 | 뉴스 | 메이플스토리,,,,medium
daa2e53cee03ed48d150,공지사항 | 뉴스 | 메이플스토리,,,,medium
d66ce0f60955d123c5ec,공지사항 | 뉴스 | 메이플스토리,,,,medium
3bafa09fc0a9b716be74,공지사항 | 뉴스 | 메이플스토리,,,,medium
206bb8b33e80143c9d8b,공지사항 | 뉴스 | 메이플스토리,,,,medium
8a00a6e7c9130453a1be,공지사항 | 뉴스 | 메이플스토리,,,,medium
2db6c70316ca3f155357,공지사항 | 뉴스 | 메이플스토리,,,,medium
14fdb3aa85856ee838f5,공지사항 | 뉴스 | 메이플스토리,,,,medium
7ff8748c778d174b2cbf,공지사항 | 뉴스 | 메이플스토리,,,,medium
b7d5805070c8d9e3b020,공지사항 | 뉴스 | 메이플스토리,,,,medium
26cd61cfaec9e15886ae,공지사항 | 뉴스 | 메이플스토리,,,,medium
f8805be4de07cdc47a41,공지사항 | 뉴스 | 메이플스토리,,,,medium
cf8f91f68c0f7a5cd9df,공지사항 | 뉴스 | 메이플스토리,,,,medium
6c3d904779f988adac4d,공지사항 | 뉴스 | 메이플스토리,,,,medium
b33f9c74b9bc8583c61b,공지사항 | 뉴스 | 메이플스토리,,,,medium
899589d86e071e263997,공지사항 | 뉴스 | 메이플스토리,,,,medium
a914dbb6cfaafc9e4961,공지사항 | 뉴스 | 메이플스토리,,,,medium
62ec8536cdeca3fc9867,공지사항 | 뉴스 | 메이플스토리,,,,medium
faddd9748c7f2b305d56,공지사항 | 뉴스 | 메이플스토리,,,,medium
52b110b346e08ca34142,공지사항 | 뉴스 | 메이플스토리,,,,medium
e7d58db7d2d3dd73729a,공지사항 | 뉴스 | 메이플스토리,,,,medium
c73f08b25706e8d45633,공지사항 | 뉴스 | 메이플스토리,,,,medium
46c7f96b71bdc4828f69,공지사항 | 뉴스 | 메이플스토리,,,,medium
87aea7e418809e4cd227,공지사항 | 뉴스 | 메이플스토리,,,,medium
4030999e3eb1a6a1a9d0,공지사항 | 뉴스 | 메이플스토리,,,,medium
14dbb236171e5b257384,공지사항 | 뉴스 | 메이플스토리,,,,medium
5c13d7b9e747ab86317a,공지사항 | 뉴스 | 메이플스토리,,,,medium
758d3a611426b6af21c6,공지사항 | 뉴스 | 메이플스토리,,,,medium
9c70c389f5222468224e,공지사항 | 뉴스 | 메이플스토리,,,,medium
92ea4965e3878a1cb9fb,공지사항 | 뉴스 | 메이플스토리,,,,medium
94ce3fbe48df72769fcf,공지사항 | 뉴스 | 메이플스토리,,,,medium
af11b6c9b683b27e0756,공지사항 | 뉴스 | 메이플스토리,,,,medium
606126165c92f25d65ee,공지사항 | 뉴스 | 메이플스토리,,,,medium
79a28bb1ade566082d7a,공지사항 | 뉴스 | 메이플스토리,,,,medium
abd635fc6bee0eb52c19,공지사항 | 뉴스 | 메이플스토리,,,,medium
473ffba6e6f1a2e55e25,공지사항 | 뉴스 | 메이플스토리,,,,medium
efe53648af9ea19e9f80,공지사항 | 뉴스 | 메이플스토리,,,,medium
eadc78a1fc09a3b5fa9b,공지사항 | 뉴스 | 메이플스토리,,,,medium
c3ecfb4d27e169f92349,공지사항 | 뉴스 | 메이플스토리,,,,medium
5cd4929e84a311a22658,공지사항 | 뉴스 | 메이플스토리,,,,medium
624309fcb269c818b14d,공지사항 | 뉴스 | 메이플스토리,,,,medium
540a315235425a77e922,공지사항 | 뉴스 | 메이플스토리,,,,medium
9f58ab98fbafc8a1622a,공지사항 | 뉴스 | 메이플스토리,,,,medium
ff84777cd571a25fdaaa,공지사항 | 뉴스 | 메이플스토리,,,,medium
f324783689649e9c6ce5,공지사항 | 뉴스 | 메이플스토리,,,,medium
75a23debc322e10c6e48,공지사항 | 뉴스 | 메이플스토리,,,,medium
37a10cc3c1007936026f,공지사항 | 뉴스 | 메이플스토리,,,,medium
44a4fec704f94b956360,공지사항 | 뉴스 | 메이플스토리,,,,medium
7cec708f4d997b28e304,공지사항 | 뉴스 | 메이플스토리,,,,medium
27911b57f76806ff170d,공지사항 | 뉴스 | 메이플스토리,,,,medium
f73dd576eb522cbeaa5a,공지사항 | 뉴스 | 메이플스토리,,,,medium
1fd2518e94a3d84f340e,공지사항 | 뉴스 | 메이플스토리,,,,medium
a5211394312a66857f20,공지사항 | 뉴스 | 메이플스토리,,,,medium
a5628a3d92bfb3520e90,공지사항 | 뉴스 | 메이플스토리,,,,medium
7c919063d36b3d8415ec,공지사항 | 뉴스 | 메이플스토리,,,,medium
7941ce6adb434f172dc8,공지사항 | 뉴스 | 메이플스토리,,,,medium
35d29d980a23826ad1b8,공지사항 | 뉴스 | 메이플스토리,,,,medium
d1f1f6dd9c3e0fbfe80f,공지사항 | 뉴스 | 메이플스토리,,,,medium
5a187aa7f90a0dfd99e6,공지사항 | 뉴스 | 메이플스토리,,,,medium
99b6a8c893d45e0d6867,공지사항 | 뉴스 | 메이플스토리,,,,medium
f1d327d3eef7bf6d2719,공지사항 | 뉴스 | 메이플스토리,,,,medium
cc0793326de8467d6f4c,공지사항 | 뉴스 | 메이플스토리,,,,medium
af9dba6b96467ea9638b,공지사항 | 뉴스 | 메이플스토리,,,,medium
db6f089ab51b964af1dd,공지사항 | 뉴스 | 메이플스토리,,,,medium
38ef63ee2e6681166246,공지사항 | 뉴스 | 메이플스토리,,,,medium
3a32bbf2408cd9b1d7e0,공지사항 | 뉴스 | 메이플스토리,,,,medium
1c5335e560bbc0007166,공지사항 | 뉴스 | 메이플스토리,,,,medium
0dab576eaae56a282858,공지사항 | 뉴스 | 메이플스토리,,,,medium
ec0f0cf95de05df70ee6,공지사항 | 뉴스 | 메이플스토리,,,,medium
5cc49e51ae7ad4a59e80,공지사항 | 뉴스 | 메이플스토리,,,,medium
5edac555ac14da74a8eb,공지사항 | 뉴스 | 메이플스토리,,,,medium
d44b4a6eff5af032f27b,공지사항 | 뉴스 | 메이플스토리,,,,medium
6a66f1306bf4d5c8c971,공지사항 | 뉴스 | 메이플스토리,,,,medium
2ddebcb32f731d78d90c,공지사항 | 뉴스 | 메이플스토리,,,,medium
0fd0a9c4ca35182cc3b8,공지사항 | 뉴스 | 메이플스토리,,,,medium
06a921f1ae137d83c6d5,공지사항 | 뉴스 | 메이플스토리,,,,medium
8cc4aa8508ccb8d13c62,공지사항 | 뉴스 | 메이플스토리,,,,medium
43820d3b631c808bc81e,공지사항 | 뉴스 | 메이플스토리,,,,medium
e26f949271a0329a484b,공지사항 | 뉴스 | 메이플스토리,,,,medium
c51654b129601f93a287,공지사항 | 뉴스 | 메이플스토리,,,,medium
649dce3fecc0a9ceeb8c,공지사항 | 뉴스 | 메이플스토리,,,,medium
6acc3ce2b2cdee8d938d,공지사항 | 뉴스 | 메이플스토리,,,,medium
e0a47052d4da8c6537b6,공지사항 | 뉴스 | 메이플스토리,,,,medium
692e254ac1a735296ac6,공지사항 | 뉴스 | 메이플스토리,,,,medium
9b0b763fc2706c1d2377,공지사항 | 뉴스 | 메이플스토리,,,,medium
e40f43be25c6f4e69744,공지사항 | 뉴스 | 메이플스토리,,,,medium
f132b491433173609032,공지사항 | 뉴스 | 메이플스토리,,,,medium
bd547a726871a59c70d3,공지사항 | 뉴스 | 메이플스토리,,,,medium
a6efc39f1cc7caab3ae3,공지사항 | 뉴스 | 메이플스토리,,,,medium
e101e13793ecb0bc5179,공지사항 | 뉴스 | 메이플스토리,,,,medium
e6f518c3584a82ecc6ac,공지사항 | 뉴스 | 메이플스토리,,,,medium
3df62f3f6043011883c0,공지사항 | 뉴스 | 메이플스토리,,,,medium
e0326630d09d8555ba5a,공지사항 | 뉴스 | 메이플스토리,,,,medium
dd6a67d2996043aedf66,공지사항 | 뉴스 | 메이플스토리,,,,medium
f352513295f0715ebe78,공지사항 | 뉴스 | 메이플스토리,,,,medium
a9ce8e4ae8d2d305e424,공지사항 | 뉴스 | 메이플스토리,,,,medium
c6f29e18a351be57ce5f,공지사항 | 뉴스 | 메이플스토리,,,,medium
b7b56246c1a352c4c614,공지사항 | 뉴스 | 메이플스토리,,,,medium
e4974f25f52d256e7ba2,공지사항 | 뉴스 | 메이플스토리,,,,medium
db89911eb08183dee93c,공지사항 | 뉴스 | 메이플스토리,,,,medium
bb7ad5c8bd4ac0debcdf,공지사항 | 뉴스 | 메이플스토리,,,,medium
2138290eb6df0c9b649b,공지사항 | 뉴스 | 메이플스토리,,,,medium
af2eee459adbed40bf7c,공지사항 | 뉴스 | 메이플스토리,,,,medium
48480a3838c65e5a68c4,공지사항 | 뉴스 | 메이플스토리,,,,medium
a900224408359a992b62,공지사항 | 뉴스 | 메이플스토리,,,,medium
6e0c77a3534fc6959e4b,공지사항 | 뉴스 | 메이플스토리,,,,medium
875d0e617164613c2503,공지사항 | 뉴스 | 메이플스토리,,,,medium
32d3d1c6ca6024a7e2e7,공지사항 | 뉴스 | 메이플스토리,,,,medium
d8765ea3596e4a253aae,공지사항 | 뉴스 | 메이플스토리,,,,medium
7d080412c75796d2be36,공지사항 | 뉴스 | 메이플스토리,,,,medium
7dddcd4532945041d14b,공지사항 | 뉴스 | 메이플스토리,,,,medium
504d5addcd195075bf0e,공지사항 | 뉴스 | 메이플스토리,,,,medium
7df52433b974f3427995,공지사항 | 뉴스 | 메이플스토리,,,,medium
1d7cfa11531eff79b1aa,공지사항 | 뉴스 | 메이플스토리,,,,medium
ca2182f42a53d66a2e5b,공지사항 | 뉴스 | 메이플스토리,,,,medium
8206f30c6de20429324d,공지사항 | 뉴스 | 메이플스토리,,,,medium
1dd7961b422ae23d1aa3,공지사항 | 뉴스 | 메이플스토리,,,,medium
dad5d2e78882d075cd75,공지사항 | 뉴스 | 메이플스토리,,,,medium
ecf2ef56f742aa023342,공지사항 | 뉴스 | 메이플스토리,,,,medium
9c55e5e98d20f5ea8f71,공지사항 | 뉴스 | 메이플스토리,,,,medium
7b6a11df9e61d79fd767,공지사항 | 뉴스 | 메이플스토리,,,,medium
bba943ccb240a9f450e8,공지사항 | 뉴스 | 메이플스토리,,,,medium
3f1273e385dfb7d02f6a,공지사항 | 뉴스 | 메이플스토리,,,,medium
3d56a30d09ba73ba9016,공지사항 | 뉴스 | 메이플스토리,,,,medium
a75773ae3a7879868c87,공지사항 | 뉴스 | 메이플스토리,,,,medium
284c3af0f156aa7755ae,공지사항 | 뉴스 | 메이플스토리,,,,medium
48fde56e4354003bafb8,공지사항 | 뉴스 | 메이플스토리,,,,medium
71eaaf168e98079047f2,공지사항 | 뉴스 | 메이플스토리,,,,medium
6cc3bba8d9ccaca7c04f,공지사항 | 뉴스 | 메이플스토리,,,,medium
dc40c51fad1ea5df382b,공지사항 | 뉴스 | 메이플스토리,,,,medium
ea0b9d22e55f702cc529,공지사항 | 뉴스 | 메이플스토리,,,,medium
b31ce2e5416d527ae636,공지사항 | 뉴스 | 메이플스토리,,,,medium
68c4110b27681bf2d7c1,공지사항 | 뉴스 | 메이플스토리,,,,medium
aca00e5c987dfe41a821,공지사항 | 뉴스 | 메이플스토리,,,,medium
781607d613d5f75859ff,공지사항 | 뉴스 | 메이플스토리,,,,medium
070afb86763abebcca62,공지사항 | 뉴스 | 메이플스토리,,,,medium
633c0744698fff1a1753,공지사항 | 뉴스 | 메이플스토리,,,,medium
634ae1ea9393c010b493,공지사항 | 뉴스 | 메이플스토리,,,,medium
c832e7940537e9892a4e,공지사항 | 뉴스 | 메이플스토리,,,,medium
1e74cd6e0a4b284326c4,공지사항 | 뉴스 | 메이플스토리,,,,medium
1106e703faf71eb00291,공지사항 | 뉴스 | 메이플스토리,,,,medium
81e309765ffdd3bbffc2,공지사항 | 뉴스 | 메이플스토리,,,,medium
619217bab9fbff1eb952,공지사항 | 뉴스 | 메이플스토리,,,,medium
e585d788807385b0b590,공지사항 | 뉴스 | 메이플스토리,,,,medium
95a08457fa2045eb276e,공지사항 | 뉴스 | 메이플스토리,,,,medium
ef534cc081157fd3e019,공지사항 | 뉴스 | 메이플스토리,,,,medium
494f14a561c93f807524,공지사항 | 뉴스 | 메이플스토리,,,,medium
e586863a41f67c7fd409,공지사항 | 뉴스 | 메이플스토리,,,,medium
f74c06e741b0419926a0,공지사항 | 뉴스 | 메이플스토리,,,,medium
730decfb241cd9e88ff5,공지사항 | 뉴스 | 메이플스토리,,,,medium
2f35983713309c9e36a4,공지사항 | 뉴스 | 메이플스토리,,,,medium
7e804d075ac8239235a1,공지사항 | 뉴스 | 메이플스토리,,,,medium
4415ee90650ccf8e5a3f,공지사항 | 뉴스 | 메이플스토리,,,,medium
b78abb38eca62c430368,공지사항 | 뉴스 | 메이플스토리,,,,medium
afafabaf1b737ca6ee26,공지사항 | 뉴스 | 메이플스토리,,,,medium
58df710e07f8a640d871,공지사항 | 뉴스 | 메이플스토리,,,,medium
944058fe3c95eed04ac4,공지사항 | 뉴스 | 메이플스토리,,,,medium
e45c6de65ec5a4706750,공지사항 | 뉴스 | 메이플스토리,,,,medium
5822644b49664f49e5cd,공지사항 | 뉴스 | 메이플스토리,,,,medium
61d00f9a6d1b02260ac9,공지사항 | 뉴스 | 메이플스토리,,,,medium
a95159a67f85c6835dbe,공지사항 | 뉴스 | 메이플스토리,,,,medium
1b3a6ee61b8cf9528f73,공지사항 | 뉴스 | 메이플스토리,,,,medium
59f78829635fbbee1a6a,공지사항 | 뉴스 | 메이플스토리,,,,medium
bf18346594baff2df170,공지사항 | 뉴스 | 메이플스토리,,,,medium
42ecfe240d7ff112aab3,공지사항 | 뉴스 | 메이플스토리,,,,medium
0dab5f7355ed9994e593,공지사항 | 뉴스 | 메이플스토리,,,,medium
706c8a1d7b14d8ed15b1,공지사항 | 뉴스 | 메이플스토리,,,,medium
5842e7abf82abfd6203a,공지사항 | 뉴스 | 메이플스토리,,,,medium
d3e1c5b5ffb0b8489d38,공지사항 | 뉴스 | 메이플스토리,,,,medium
9d9c3b0f71d40ed4c6de,공지사항 | 뉴스 | 메이플스토리,,,,medium
b38166ae91dae6d54544,공지사항 | 뉴스 | 메이플스토리,,,,medium
342126c1c482fc18ac4c,공지사항 | 뉴스 | 메이플스토리,,,,medium
4dc069c551a6a00f8d17,공지사항 | 뉴스 | 메이플스토리,,,,medium
e0e9036b87cfcf9ef6f7,공지사항 | 뉴스 | 메이플스토리,,,,medium
95636989fd215df5ea83,공지사항 | 뉴스 | 메이플스토리,,,,medium
1ac6a8dc2632d154cd71,공지사항 | 뉴스 | 메이플스토리,,,,medium
3042be6504a9b4232ab0,공지사항 | 뉴스 | 메이플스토리,,,,medium
aaecf681e3b3ad394a44,공지사항 | 뉴스 | 메이플스토리,,,,medium
802be0779f09aad80447,공지사항 | 뉴스 | 메이플스토리,,,,medium
43f6a693a6c964ac4581,공지사항 | 뉴스 | 메이플스토리,,,,medium
0a7b02855c8cca92a2bc,공지사항 | 뉴스 | 메이플스토리,,,,medium
62f1bb49a48ada834594,공지사항 | 뉴스 | 메이플스토리,,,,medium
7823418eddb48207afc0,공지사항 | 뉴스 | 메이플스토리,,,,medium
fd49386561d6b84c4ece,공지사항 | 뉴스 | 메이플스토리,,,,medium
df93f97a1a80114632f2,공지사항 | 뉴스 | 메이플스토리,,,,medium
7cb3afd42474bc6e57a0,공지사항 | 뉴스 | 메이플스토리,,,,medium
5ae192a1151683ae2540,공지사항 | 뉴스 | 메이플스토리,,,,medium
bed69ef83a2b6afe0924,공지사항 | 뉴스 | 메이플스토리,,,,medium
c44cf433a76ea65db334,공지사항 | 뉴스 | 메이플스토리,,,,medium
034da639aa4bcce0cdcc,공지사항 | 뉴스 | 메이플스토리,,,,medium
24f3e1e38d21c442ccb2,공지사항 | 뉴스 | 메이플스토리,,,,medium
a310430b4a14717b7a37,공지사항 | 뉴스 | 메이플스토리,,,,medium
ede2304692ae05a62a13,공지사항 | 뉴스 | 메이플스토리,,,,medium
9129c7d949e343528da7,공지사항 | 뉴스 | 메이플스토리,,,,medium
e3694c96f0ebe6e7490e,공지사항 | 뉴스 | 메이플스토리,,,,medium
64de8a0d055a22700163,공지사항 | 뉴스 | 메이플스토리,,,,medium
18e3a65af9ca1f6874c3,공지사항 | 뉴스 | 메이플스토리,,,,medium
fb3aa8342da7bf8f2bdd,공지사항 | 뉴스 | 메이플스토리,,,,medium
5f09eef6ebbe68c37880,공지사항 | 뉴스 | 메이플스토리,,,,medium
5067525744c417e08e14,공지사항 | 뉴스 | 메이플스토리,,,,medium
94a5010e51d2cdb314e3,공지사항 | 뉴스 | 메이플스토리,,,,medium
0e8865cfa50988380a43,공지사항 | 뉴스 | 메이플스토리,,,,medium
e8697083bf1da502a79f,공지사항 | 뉴스 | 메이플스토리,,,,medium
1d269987663465e844eb,공지사항 | 뉴스 | 메이플스토리,,,,medium
09425f8982866de113c6,공지사항 | 뉴스 | 메이플스토리,,,,medium
235ecb792db5bbafeb3c,공지사항 | 뉴스 | 메이플스토리,,,,medium
6bdc50b8b22f1a125619,공지사항 | 뉴스 | 메이플스토리,,,,medium
905e00c4f229430201fb,공지사항 | 뉴스 | 메이플스토리,,,,medium
c74d4b5f844637089c05,공지사항 | 뉴스 | 메이플스토리,,,,medium
5313c250ea6b3a775710,공지사항 | 뉴스 | 메이플스토리,,,,medium
c321c1d0b709c27962ea,공지사항 | 뉴스 | 메이플스토리,,,,medium
bf8a409e1c2bb3d51265,공지사항 | 뉴스 | 메이플스토리,,,,medium
10563f3ad79e4851f37c,공지사항 | 뉴스 | 메이플스토리,,,,medium
7366ca7ca189c29b6878,공지사항 | 뉴스 | 메이플스토리,,,,medium
20e772efe4c7379a7d08,공지사항 | 뉴스 | 메이플스토리,,,,medium
1321cb84bb617b95ef65,공지사항 | 뉴스 | 메이플스토리,,,,medium
47d0e192fceaf7cb19e2,공지사항 | 뉴스 | 메이플스토리,,,,medium
08f2b207273a2677473c,공지사항 | 뉴스 | 메이플스토리,,,,medium
09fdabd8d985d3d57dc4,공지사항 | 뉴스 | 메이플스토리,,,,medium
363beb617636958f7ec2,공지사항 | 뉴스 | 메이플스토리,,,,medium
2b8692c4fd2f2abd9b3a,공지사항 | 뉴스 | 메이플스토리,,,,medium
426b60bf79c4a6759636,공지사항 | 뉴스 | 메이플스토리,,,,medium
5a995c840efe45eb67d8,공지사항 | 뉴스 | 메이플스토리,,,,medium
65d25efedb52feb9577f,공지사항 | 뉴스 | 메이플스토리,,,,medium
00a20f7f698ff1e00969,공지사항 | 뉴스 | 메이플스토리,,,,medium
181739bc1468b07283f2,공지사항 | 뉴스 | 메이플스토리,,,,medium
26c45c5dd7dd76a73d72,공지사항 | 뉴스 | 메이플스토리,,,,medium
d7c8a934f6f457461255,공지사항 | 뉴스 | 메이플스토리,,,,medium
acb34c860c6df68a110f,공지사항 | 뉴스 | 메이플스토리,,,,medium
2e8f7c52c91de999e87a,공지사항 | 뉴스 | 메이플스토리,,,,medium
930f748ceed9f47c0151,공지사항 | 뉴스 | 메이플스토리,,,,medium
7023e7f0b4fe6a274989,공지사항 | 뉴스 | 메이플스토리,,,,medium
8345c74319cc0489ac82,공지사항 | 뉴스 | 메이플스토리,,,,medium
a7ed0c6fe479cd56fa14,공지사항 | 뉴스 | 메이플스토리,,,,medium
51b9c59073d8d2239a02,공지사항 | 뉴스 | 메이플스토리,,,,medium
a887014733bf69fc6a68,공지사항 | 뉴스 | 메이플스토리,,,,medium
0be4d8fdda4bf2ce3829,공지사항 | 뉴스 | 메이플스토리,,,,medium
cf02f14a9a7f186a65dd,공지사항 | 뉴스 | 메이플스토리,,,,medium
2d0539d6a74e6063bd05,공지사항 | 뉴스 | 메이플스토리,,,,medium
d08e390328f5f362c923,공지사항 | 뉴스 | 메이플스토리,,,,medium
0923a08ce7865c8a4523,공지사항 | 뉴스 | 메이플스토리,,,,medium
971f70e227d0a67cfdd9,공지사항 | 뉴스 | 메이플스토리,,,,medium
6a30cba6e18bfb6d41ac,공지사항 | 뉴스 | 메이플스토리,,,,medium
55590c2ea943bae8c4e1,공지사항 | 뉴스 | 메이플스토리,,,,medium
ac52f5146ac64e2c50ed,공지사항 | 뉴스 | 메이플스토리,,,,medium
a2fc96f80d45602113fe,공지사항 | 뉴스 | 메이플스토리,,,,medium
98efc1d44ae6ff147886,공지사항 | 뉴스 | 메이플스토리,,,,medium
1c8d8afa56c8b4217adb,공지사항 | 뉴스 | 메이플스토리,,,,medium
0dcc6dd0c44a32b72fb6,공지사항 | 뉴스 | 메이플스토리,,,,medium
5b93e7465b82b7053632,공지사항 | 뉴스 | 메이플스토리,,,,medium
26edd27a7637c25e1a2d,공지사항 | 뉴스 | 메이플스토리,,,,medium
52cddecf8171b589af6a,공지사항 | 뉴스 | 메이플스토리,,,,medium
7db1817b178724de20b4,공지사항 | 뉴스 | 메이플스토리,,,,medium
bb512d755a27eabfa3a0,공지사항 | 뉴스 | 메이플스토리,,,,medium
77db88bd6b9fb88e7bf7,공지사항 | 뉴스 | 메이플스토리,,,,medium
e409d8ddacfdb60c908e,공지사항 | 뉴스 | 메이플스토리,,,,medium
80093af5cbabdff17ca6,공지사항 | 뉴스 | 메이플스토리,,,,medium
3b30d17bfbfb6e8a6afe,공지사항 | 뉴스 | 메이플스토리,,,,medium
cb5fdf6f63a2b3693db8,공지사항 | 뉴스 | 메이플스토리,,,,medium
cf5a88abc6cb8e0a83d4,공지사항 | 뉴스 | 메이플스토리,,,,medium
5abeb71bd19d9b689c08,공지사항 | 뉴스 | 메이플스토리,,,,medium
e6db2013846683fb3e1e,공지사항 | 뉴스 | 메이플스토리,,,,medium
8216c2c03f959a9f7ca0,공지사항 | 뉴스 | 메이플스토리,,,,medium
4b5728c7ca4d1978535d,공지사항 | 뉴스 | 메이플스토리,,,,medium
6adea19abd86d60555cd,공지사항 | 뉴스 | 메이플스토리,,,,medium
1a99365b26fa08518020,공지사항 | 뉴스 | 메이플스토리,,,,medium
1923a5cd8e3a0ce8a632,공지사항 | 뉴스 | 메이플스토리,,,,medium
1b3d229bcc78282f9246,공지사항 | 뉴스 | 메이플스토리,,,,medium
7004cedd9d2b4ea7464b,공지사항 | 뉴스 | 메이플스토리,,,,medium
5a85fe3eb0332cc26278,공지사항 | 뉴스 | 메이플스토리,,,,medium
59a960c6eb945a59b87b,공지사항 | 뉴스 | 메이플스토리,,,,medium
b36e022eff1d01fa9052,공지사항 | 뉴스 | 메이플스토리,,,,medium
f336c13ee277cd3a00b9,공지사항 | 뉴스 | 메이플스토리,,,,medium
7726246046e5bd01a621,공지사항 | 뉴스 | 메이플스토리,,,,medium
824f9af87adb3e0c0703,공지사항 | 뉴스 | 메이플스토리,,,,medium
a064990bebe5618a1000,공지사항 | 뉴스 | 메이플스토리,,,,medium
3e91b6e9b4bcb5d9b15f,공지사항 | 뉴스 | 메이플스토리,,,,medium
522ee9e9d67af15a8e6e,공지사항 | 뉴스 | 메이플스토리,,,,medium
7ac9fe52143a39ebfbe7,공지사항 | 뉴스 | 메이플스토리,,,,medium
95493657bfd4f718d4c1,공지사항 | 뉴스 | 메이플스토리,,,,medium
b5f727cdc597a6aa8a79,공지사항 | 뉴스 | 메이플스토리,,,,medium
f84662c9898e94f62bf3,공지사항 | 뉴스 | 메이플스토리,,,,medium
466c9cfe16d565be94f8,공지사항 | 뉴스 | 메이플스토리,,,,medium
690f9331674898dbfc04,공지사항 | 뉴스 | 메이플스토리,,,,medium
77b16bff0a4d9a05112b,공지사항 | 뉴스 | 메이플스토리,,,,medium
78a45d918375a99d80f6,공지사항 | 뉴스 | 메이플스토리,,,,medium
731b5350094a64fa0bb9,공지사항 | 뉴스 | 메이플스토리,,,,medium
36db57e7dc0e11da7f38,공지사항 | 뉴스 | 메이플스토리,,,,medium
d27108ffc39bd01b42d6,공지사항 | 뉴스 | 메이플스토리,,,,medium
78ab8e3484c60b64f85a,공지사항 | 뉴스 | 메이플스토리,,,,medium
3c45cdb29c12950281ad,공지사항 | 뉴스 | 메이플스토리,,,,medium
01fe9f84e9f178281dfa,공지사항 | 뉴스 | 메이플스토리,,,,medium
97a209c192f76cfac43d,공지사항 | 뉴스 | 메이플스토리,,,,medium
c5593568764d07c8e610,공지사항 | 뉴스 | 메이플스토리,,,,medium
b914084d67070cb270ce,공지사항 | 뉴스 | 메이플스토리,,,,medium
437f4e9810edaa129715,공지사항 | 뉴스 | 메이플스토리,,,,medium
d1580220ae3b8e49f37e,공지사항 | 뉴스 | 메이플스토리,,,,medium
11de26a36aa2eec4d1e3,공지사항 | 뉴스 | 메이플스토리,,,,medium
0c11dbd725864e4b156d,공지사항 | 뉴스 | 메이플스토리,,,,medium
21f6eb3de1a4bd1c8c96,공지사항 | 뉴스 | 메이플스토리,,,,medium
5373922b771cf0560019,공지사항 | 뉴스 | 메이플스토리,,,,medium
421413e69efadd537e81,공지사항 | 뉴스 | 메이플스토리,,,,medium
e505c5764301987f45f9,공지사항 | 뉴스 | 메이플스토리,,,,medium
4c58a26c4f0ed781f8d4,공지사항 | 뉴스 | 메이플스토리,,,,medium
b682fa8c692eb9c5fcb0,공지사항 | 뉴스 | 메이플스토리,,,,medium
a498f6fd0dbf834e5a4a,공지사항 | 뉴스 | 메이플스토리,,,,medium
eb17044e8c5de7163a60,공지사항 | 뉴스 | 메이플스토리,,,,medium
bb618e78f6caaf7fddcd,공지사항 | 뉴스 | 메이플스토리,,,,medium
fd541aed00298bfe3a12,공지사항 | 뉴스 | 메이플스토리,,,,medium
05e012a9c4705b49869f,공지사항 | 뉴스 | 메이플스토리,,,,medium
db667b85b22a8f0bbea8,공지사항 | 뉴스 | 메이플스토리,,,,medium
13ebbbe989f93e35ddc1,공지사항 | 뉴스 | 메이플스토리,,,,medium
a81e24279b4f7f566507,공지사항 | 뉴스 | 메이플스토리,,,,medium
892c8fd15ed89592b98f,공지사항 | 뉴스 | 메이플스토리,,,,medium
5c85b9fe3dd8cdb6cc0f,공지사항 | 뉴스 | 메이플스토리,,,,medium
f99e2c7b1bce7fdcc232,공지사항 | 뉴스 | 메이플스토리,,,,medium
33167536bcd1ba133ee3,공지사항 | 뉴스 | 메이플스토리,,,,medium
fc7d0617b41e0e2fd26b,공지사항 | 뉴스 | 메이플스토리,,,,medium
416a462f5dbe6ccb6774,공지사항 | 뉴스 | 메이플스토리,,,,medium
daf5421cc5d17c5e542d,공지사항 | 뉴스 | 메이플스토리,,,,medium
afba651a943581ba9138,공지사항 | 뉴스 | 메이플스토리,,,,medium
88cd55a058b640a922cc,공지사항 | 뉴스 | 메이플스토리,,,,medium
4a7edb73bfd482f6194e,공지사항 | 뉴스 | 메이플스토리,,,,medium
91f55546e48e5bbae64f,공지사항 | 뉴스 | 메이플스토리,,,,medium
eef9cb68807e61f45bad,공지사항 | 뉴스 | 메이플스토리,,,,medium
89b8f0adbd86d5005a5f,공지사항 | 뉴스 | 메이플스토리,,,,medium
543a36b709d0ec38a703,공지사항 | 뉴스 | 메이플스토리,,,,medium
376ac1e2f4a3ab67b609,공지사항 | 뉴스 | 메이플스토리,,,,medium
b67ea933994b47d5aed9,공지사항 | 뉴스 | 메이플스토리,,,,medium
a7f5bc636243f802b15b,공지사항 | 뉴스 | 메이플스토리,,,,medium
4c20b9d9c0a07baa3d35,공지사항 | 뉴스 | 메이플스토리,,,,medium
8fd51777a5a8a113af25,공지사항 | 뉴스 | 메이플스토리,,,,medium
d9ab6d2258f00660da7a,공지사항 | 뉴스 | 메이플스토리,,,,medium
71a733b5145061fb0227,공지사항 | 뉴스 | 메이플스토리,,,,medium
57e0dce96be2ccd53c6a,공지사항 | 뉴스 | 메이플스토리,,,,medium
545f370dcccb2a767b34,공지사항 | 뉴스 | 메이플스토리,,,,medium
268c8c90f1667fa72b8b,공지사항 | 뉴스 | 메이플스토리,,,,medium
7d22cdd347fd99035f46,공지사항 | 뉴스 | 메이플스토리,,,,medium
1c78d9a8956fd35754a4,공지사항 | 뉴스 | 메이플스토리,,,,medium
144a42a75eaf9b538059,공지사항 | 뉴스 | 메이플스토리,,,,medium
d97d84d564c394db573f,공지사항 | 뉴스 | 메이플스토리,,,,medium
46553c74e10a6f10bf90,공지사항 | 뉴스 | 메이플스토리,,,,medium
c193d9648fc0679ffc71,공지사항 | 뉴스 | 메이플스토리,,,,medium
d4c48cafe51e3977a880,공지사항 | 뉴스 | 메이플스토리,,,,medium
61d1339a1e5233d250a2,공지사항 | 뉴스 | 메이플스토리,,,,medium
44beba8ba94f8335e1eb,공지사항 | 뉴스 | 메이플스토리,,,,medium
83af743921231c0c4c53,공지사항 | 뉴스 | 메이플스토리,,,,medium
3d4ccb3aa17a5cd6069d,공지사항 | 뉴스 | 메이플스토리,,,,medium
597280fd00d1014c6389,공지사항 | 뉴스 | 메이플스토리,,,,medium
765f711532ae2531fc54,공지사항 | 뉴스 | 메이플스토리,,,,medium
2023611f6c5aecca9161,공지사항 | 뉴스 | 메이플스토리,,,,medium
57d5eb225f1188722c76,공지사항 | 뉴스 | 메이플스토리,,,,medium
43e394ec9ff89e93f286,공지사항 | 뉴스 | 메이플스토리,,,,medium
913b08089b563a8dcb99,공지사항 | 뉴스 | 메이플스토리,,,,medium
754ab704bcf857c484b9,공지사항 | 뉴스 | 메이플스토리,,,,medium
69f915175e128ef0ffe9,공지사항 | 뉴스 | 메이플스토리,,,,medium
d2ba28bdd623de30d1a7,공지사항 | 뉴스 | 메이플스토리,,,,medium
d2b209ee42db7e6e1108,공지사항 | 뉴스 | 메이플스토리,,,,medium
b462a435501b9648c1af,공지사항 | 뉴스 | 메이플스토리,,,,medium
8e5edd33d2d48cb0878a,공지사항 | 뉴스 | 메이플스토리,,,,medium
a7052c98475b78dd4681,공지사항 | 뉴스 | 메이플스토리,,,,medium
37006232e4c08d245f3f,공지사항 | 뉴스 | 메이플스토리,,,,medium
17911e9e73b9a9bb0d62,공지사항 | 뉴스 | 메이플스토리,,,,medium
d2b9591d9484d752c8b8,공지사항 | 뉴스 | 메이플스토리,,,,medium
a547ea9762152d7d1753,공지사항 | 뉴스 | 메이플스토리,,,,medium
10747dfeb96c4cc461ad,공지사항 | 뉴스 | 메이플스토리,,,,medium
d5fa8b86f4c151945eda,공지사항 | 뉴스 | 메이플스토리,,,,medium
8db1c26660c14bb10554,공지사항 | 뉴스 | 메이플스토리,,,,medium
b0249339ce57f1803f57,공지사항 | 뉴스 | 메이플스토리,,,,medium
809e89ffae706117737e,공지사항 | 뉴스 | 메이플스토리,,,,medium
fc251fc5825e5bb2aa7a,공지사항 | 뉴스 | 메이플스토리,,,,medium
895730b9eb59c1984de9,공지사항 | 뉴스 | 메이플스토리,,,,medium
96ae5a3393df66a651d4,공지사항 | 뉴스 | 메이플스토리,,,,medium
7ce37f21d299446b79a2,공지사항 | 뉴스 | 메이플스토리,,,,medium
8f83e114e9cc16e8354b,공지사항 | 뉴스 | 메이플스토리,,,,medium
9b55b0a4dc6d58775ee8,공지사항 | 뉴스 | 메이플스토리,,,,medium
68da969de7bbdf1ee5cb,공지사항 | 뉴스 | 메이플스토리,,,,medium
561e68e762b57a5d07df,공지사항 | 뉴스 | 메이플스토리,,,,medium
2a08f498b42f1925fab8,공지사항 | 뉴스 | 메이플스토리,,,,medium
9097808b7f7eeecf6fd2,공지사항 | 뉴스 | 메이플스토리,,,,medium
631e9d538fa8160f7deb,공지사항 | 뉴스 | 메이플스토리,,,,medium
e53156a0084b5ef04837,공지사항 | 뉴스 | 메이플스토리,,,,medium
25eb400159e46abf79ba,공지사항 | 뉴스 | 메이플스토리,,,,medium
d78eae9200fba6674bd4,공지사항 | 뉴스 | 메이플스토리,,,,medium
bb7b593dc974860e1e35,공지사항 | 뉴스 | 메이플스토리,,,,medium
c2e40376e64e59a51b73,공지사항 | 뉴스 | 메이플스토리,,,,medium
087ea2ecce85b053e2ec,공지사항 | 뉴스 | 메이플스토리,,,,medium
8981791bbc0b32d0ef8a,공지사항 | 뉴스 | 메이플스토리,,,,medium
c45fb607266fd960ad24,공지사항 | 뉴스 | 메이플스토리,,,,medium
9ae140a7696c8cdfa811,공지사항 | 뉴스 | 메이플스토리,,,,medium
30d0f6fd9c3ecc9b87b1,공지사항 | 뉴스 | 메이플스토리,,,,medium
34068b8f122f4716fa5d,공지사항 | 뉴스 | 메이플스토리,,,,medium
fb92a3480e396e10b135,공지사항 | 뉴스 | 메이플스토리,,,,medium
b7d9f2d819227470a89a,공지사항 | 뉴스 | 메이플스토리,,,,medium
72a29a52c4d64c8c9a4a,공지사항 | 뉴스 | 메이플스토리,,,,medium
a180fe2eb0a0fb96a029,공지사항 | 뉴스 | 메이플스토리,,,,medium
846fb4c312c8f8175ebc,공지사항 | 뉴스 | 메이플스토리,,,,medium
5feba12635101aac62ab,공지사항 | 뉴스 | 메이플스토리,,,,medium
510ded84a072a2110608,공지사항 | 뉴스 | 메이플스토리,,,,medium
56c6e1a0b46efe733538,공지사항 | 뉴스 | 메이플스토리,,,,medium
b348ff0978bf1ac011dd,공지사항 | 뉴스 | 메이플스토리,,,,medium
2c8a6c14972606f6c573,공지사항 | 뉴스 | 메이플스토리,,,,medium
5a41609ce1dd79bd255f,공지사항 | 뉴스 | 메이플스토리,,,,medium
5821f61c9cbda62b2b2a,공지사항 | 뉴스 | 메이플스토리,,,,medium
44186c57a3b380a7b3a2,공지사항 | 뉴스 | 메이플스토리,,,,medium
8313ea080a010fd40fe8,공지사항 | 뉴스 | 메이플스토리,,,,medium
2620477be1a30bceb1f0,공지사항 | 뉴스 | 메이플스토리,,,,medium
f2a90defb405dd02a3e5,공지사항 | 뉴스 | 메이플스토리,,,,medium
21066ab8fffab95d0244,공지사항 | 뉴스 | 메이플스토리,,,,medium
4506e37d03e47d8c3bb9,공지사항 | 뉴스 | 메이플스토리,,,,medium
d145a2f4be9b7d03a8b7,공지사항 | 뉴스 | 메이플스토리,,,,medium
66ce2e0c5b8246fa7930,공지사항 | 뉴스 | 메이플스토리,,,,medium
6792bace58d26fcedf87,공지사항 | 뉴스 | 메이플스토리,,,,medium
f905414079e9d7b10ba1,공지사항 | 뉴스 | 메이플스토리,,,,medium
db8e3ed1275631ba0eec,공지사항 | 뉴스 | 메이플스토리,,,,medium
1080f3f3fa55687fe4f1,공지사항 | 뉴스 | 메이플스토리,,,,medium
250e73b45a2c37329bc8,공지사항 | 뉴스 | 메이플스토리,,,,medium
22e192578fe489b66974,공지사항 | 뉴스 | 메이플스토리,,,,medium
2eec899150bada0f5396,공지사항 | 뉴스 | 메이플스토리,,,,medium
4d8e57921e993a9a80d0,공지사항 | 뉴스 | 메이플스토리,,,,medium
04af4aa3a8ec72881bd8,공지사항 | 뉴스 | 메이플스토리,,,,medium
ff678243c2a0ba8ac95d,공지사항 | 뉴스 | 메이플스토리,,,,medium
8a86396be712d53bc496,공지사항 | 뉴스 | 메이플스토리,,,,medium
f97721fe0168ba6fa3bb,공지사항 | 뉴스 | 메이플스토리,,,,medium
29b9efd41dd4a4c8bba9,공지사항 | 뉴스 | 메이플스토리,,,,medium
d8ea111a7a0921a44531,공지사항 | 뉴스 | 메이플스토리,,,,medium
5aa39fee0c1c4fd8f489,공지사항 | 뉴스 | 메이플스토리,,,,medium
462aa3c7fc907350d327,공지사항 | 뉴스 | 메이플스토리,,,,medium
9775bc18520a425f3100,공지사항 | 뉴스 | 메이플스토리,,,,medium
35c71ebb773df2aa42a5,공지사항 | 뉴스 | 메이플스토리,,,,medium
60c4a5f79120257e3111,공지사항 | 뉴스 | 메이플스토리,,,,medium
f0d07df25ec607342a21,공지사항 | 뉴스 | 메이플스토리,,,,medium
8eef06c22152402f94fd,공지사항 | 뉴스 | 메이플스토리,,,,medium
390509c8f08182ca461f,공지사항 | 뉴스 | 메이플스토리,,,,medium
dea8df24c978c2e90cc9,공지사항 | 뉴스 | 메이플스토리,,,,medium
95fbe5d34dda83335b3a,공지사항 | 뉴스 | 메이플스토리,,,,medium
1be30dfb398846ee143e,공지사항 | 뉴스 | 메이플스토리,,,,medium
46ce52ffff55af25760c,공지사항 | 뉴스 | 메이플스토리,,,,medium
d53fa83b64bdfeba3f75,공지사항 | 뉴스 | 메이플스토리,,,,medium
56b0067d18248868dced,공지사항 | 뉴스 | 메이플스토리,,,,medium
5a3e931505e404d13067,공지사항 | 뉴스 | 메이플스토리,,,,medium
137fa2a486126eded125,공지사항 | 뉴스 | 메이플스토리,,,,medium
2836f871f76ab04c5a36,공지사항 | 뉴스 | 메이플스토리,,,,medium
3d68bcd6eaf69dd847fd,공지사항 | 뉴스 | 메이플스토리,,,,medium
8d318b696bd4a51dc615,공지사항 | 뉴스 | 메이플스토리,,,,medium
77fa2accddc3c9f75ac8,공지사항 | 뉴스 | 메이플스토리,,,,medium
638a5b07956ab1e0f227,공지사항 | 뉴스 | 메이플스토리,,,,medium
7ae1b3bd4c410a97512d,공지사항 | 뉴스 | 메이플스토리,,,,medium
502dbd69f8c47e51b194,공지사항 | 뉴스 | 메이플스토리,,,,medium
12fb9ab011b262159070,공지사항 | 뉴스 | 메이플스토리,,,,medium
0f8c672a1174d000da27,공지사항 | 뉴스 | 메이플스토리,,,,medium
bda57aafeceae6913ba2,공지사항 | 뉴스 | 메이플스토리,,,,medium
f2d27e88ecdea31ce44f,공지사항 | 뉴스 | 메이플스토리,,,,medium
3bb8bf6f46b0c7ca4921,공지사항 | 뉴스 | 메이플스토리,,,,medium
8547f71b46de219f56e3,공지사항 | 뉴스 | 메이플스토리,,,,medium
1a38b3c64eed28bc8e36,공지사항 | 뉴스 | 메이플스토리,,,,medium
9d50b38a778ee7f87a9b,공지사항 | 뉴스 | 메이플스토리,,,,medium
8315f95bf8ad8633230b,공지사항 | 뉴스 | 메이플스토리,,,,medium
39224054399fad94c295,공지사항 | 뉴스 | 메이플스토리,,,,medium
360cf66e89c40f857d8a,공지사항 | 뉴스 | 메이플스토리,,,,medium
61453bcb6462c6b17b39,공지사항 | 뉴스 | 메이플스토리,,,,medium
67cb6a8360a11c2966f8,공지사항 | 뉴스 | 메이플스토리,,,,medium
c1104748b6d5485e7fbe,공지사항 | 뉴스 | 메이플스토리,,,,medium
7edf2795af024f98c52f,공지사항 | 뉴스 | 메이플스토리,,,,medium
ae5a053df2af036e5c96,공지사항 | 뉴스 | 메이플스토리,,,,medium
0f73fb412d8941582b5e,공지사항 | 뉴스 | 메이플스토리,,,,medium
3fb3f5c79b42bf0c6766,공지사항 | 뉴스 | 메이플스토리,,,,medium
b981c62ffaf5afc80d35,공지사항 | 뉴스 | 메이플스토리,,,,medium
5bceff01ded1b052f017,공지사항 | 뉴스 | 메이플스토리,,,,medium
ad0d9dfb5ccd9c8b75cf,공지사항 | 뉴스 | 메이플스토리,,,,medium
4839005826c9e5ff3075,공지사항 | 뉴스 | 메이플스토리,,,,medium
573a0150f7432de98562,공지사항 | 뉴스 | 메이플스토리,,,,medium
101852cb44c247137ac9,공지사항 | 뉴스 | 메이플스토리,,,,medium
2f7c550e72f52ed3eda8,공지사항 | 뉴스 | 메이플스토리,,,,medium
eb96feda107108e701b7,공지사항 | 뉴스 | 메이플스토리,,,,medium
7a5fdf3ebe0ccbe29ebe,공지사항 | 뉴스 | 메이플스토리,,,,medium
871b4ce8a00b6a9eafaf,공지사항 | 뉴스 | 메이플스토리,,,,medium
e5e8244d58f47b33d7bd,공지사항 | 뉴스 | 메이플스토리,,,,medium
b7c485a168c6ce190155,공지사항 | 뉴스 | 메이플스토리,,,,medium
ef0ca7c2c541b83dea57,공지사항 | 뉴스 | 메이플스토리,,,,medium
901ec104e314f93041cb,공지사항 | 뉴스 | 메이플스토리,,,,medium
61b8213605d56a6f4148,공지사항 | 뉴스 | 메이플스토리,,,,medium
9b2d8bcbcd432a2eca51,공지사항 | 뉴스 | 메이플스토리,,,,medium
bf6723c13901fb615299,공지사항 | 뉴스 | 메이플스토리,,,,medium
6d0b90ffb51f22a633db,공지사항 | 뉴스 | 메이플스토리,,,,medium
4134d0732629ae697d04,공지사항 | 뉴스 | 메이플스토리,,,,medium
8a02ecb6e92106b26cc4,공지사항 | 뉴스 | 메이플스토리,,,,medium
c17f528f0fb4e74bd048,공지사항 | 뉴스 | 메이플스토리,,,,medium
1200da2845a73044d2eb,공지사항 | 뉴스 | 메이플스토리,,,,medium
d324e1179ed5ef4469ce,공지사항 | 뉴스 | 메이플스토리,,,,medium
bdbca6f5564897c950d7,공지사항 | 뉴스 | 메이플스토리,,,,medium
2f43935f296c5fc2f84e,공지사항 | 뉴스 | 메이플스토리,,,,medium
1b44c16b227432fa1d1d,공지사항 | 뉴스 | 메이플스토리,,,,medium
92ce9180350a90a98746,공지사항 | 뉴스 | 메이플스토리,,,,medium
ff46e1201a0924fa7a60,공지사항 | 뉴스 | 메이플스토리,,,,medium
a475387b6e2cfd76e04b,공지사항 | 뉴스 | 메이플스토리,,,,medium
c5597fe2e73d03a97f71,공지사항 | 뉴스 | 메이플스토리,,,,medium
d2492a06a259ecf3a9e2,공지사항 | 뉴스 | 메이플스토리,,,,medium
34a843ae964851c9049b,공지사항 | 뉴스 | 메이플스토리,,,,medium
19fd793cc19c53f2dfb9,공지사항 | 뉴스 | 메이플스토리,,,,medium
f79f82c55e25d6715c31,공지사항 | 뉴스 | 메이플스토리,,,,medium
641431eb056a15d84cfa,공지사항 | 뉴스 | 메이플스토리,,,,medium
0a4eda933972ef1733fb,공지사항 | 뉴스 | 메이플스토리,,,,medium
c68035824e241b5c9b74,공지사항 | 뉴스 | 메이플스토리,,,,medium
04e579010d466af4b641,공지사항 | 뉴스 | 메이플스토리,,,,medium
bcd557b852a57ef34381,공지사항 | 뉴스 | 메이플스토리,,,,medium
ead0a91fba64ebbc2295,공지사항 | 뉴스 | 메이플스토리,,,,medium
f15b55aa1515ce41976d,공지사항 | 뉴스 | 메이플스토리,,,,medium
c277bbaed19c2a504bd1,공지사항 | 뉴스 | 메이플스토리,,,,medium
f044de1c5863c8583c34,공지사항 | 뉴스 | 메이플스토리,,,,medium
bddbec98a154dd9030b0,공지사항 | 뉴스 | 메이플스토리,,,,medium
78d6c29065eff2a36d50,공지사항 | 뉴스 | 메이플스토리,,,,medium
04af9c3652336590d715,공지사항 | 뉴스 | 메이플스토리,,,,medium
301a254474daf01cc3a2,공지사항 | 뉴스 | 메이플스토리,,,,medium
2480a7a55a998e5d774a,공지사항 | 뉴스 | 메이플스토리,,,,medium
3a7dfc5202c25c6a62cd,공지사항 | 뉴스 | 메이플스토리,,,,medium
8ad24b0ee29fc5723815,공지사항 | 뉴스 | 메이플스토리,,,,medium
ea383783b9b738c4bc00,공지사항 | 뉴스 | 메이플스토리,,,,medium
7e2bbe6941a72695f082,공지사항 | 뉴스 | 메이플스토리,,,,medium
3543dd6656b40094ccee,공지사항 | 뉴스 | 메이플스토리,,,,medium
33af9e7937414e1d9123,공지사항 | 뉴스 | 메이플스토리,,,,medium
fa5eff3999e0f0201900,공지사항 | 뉴스 | 메이플스토리,,,,medium
3328bf772e5782a3d4c2,공지사항 | 뉴스 | 메이플스토리,,,,medium
a2645779af4fc752fa3b,공지사항 | 뉴스 | 메이플스토리,,,,medium
bc1790cc779fde6c6210,공지사항 | 뉴스 | 메이플스토리,,,,medium
a5bba2374c984b004d0a,공지사항 | 뉴스 | 메이플스토리,,,,medium
4e0181884db2e577842f,공지사항 | 뉴스 | 메이플스토리,,,,medium
f0f33280fd717561124d,공지사항 | 뉴스 | 메이플스토리,,,,medium
23596cdf2543c74d58b8,공지사항 | 뉴스 | 메이플스토리,,,,medium
110e365599ce42d4418b,공지사항 | 뉴스 | 메이플스토리,,,,medium
4d4a3c2f733441520f54,공지사항 | 뉴스 | 메이플스토리,,,,medium
214b7b9ec66c5d812493,공지사항 | 뉴스 | 메이플스토리,,,,medium
5f75d832219b84f6fa29,공지사항 | 뉴스 | 메이플스토리,,,,medium
35c3b532fab25c36e975,공지사항 | 뉴스 | 메이플스토리,,,,medium
e4446143b2f9a722b812,공지사항 | 뉴스 | 메이플스토리,,,,medium
0f3d211993b21f2264d0,공지사항 | 뉴스 | 메이플스토리,,,,medium
ddf2cc1152d78295e14d,공지사항 | 뉴스 | 메이플스토리,,,,medium
17b9a4f8f1f195d36874,공지사항 | 뉴스 | 메이플스토리,,,,medium
46b5757bfdfffd6d4e4c,공지사항 | 뉴스 | 메이플스토리,,,,medium
dadd85387d178e721dd4,공지사항 | 뉴스 | 메이플스토리,,,,medium
b2477a86171b49df7df4,공지사항 | 뉴스 | 메이플스토리,,,,medium
a8e19f2f488e1f5fd771,공지사항 | 뉴스 | 메이플스토리,,,,medium
4773fe1590c4d00bec63,공지사항 | 뉴스 | 메이플스토리,,,,medium
bfea7edf6f6273d4e995,공지사항 | 뉴스 | 메이플스토리,,,,medium
721bf1e7cee7436ec1b4,공지사항 | 뉴스 | 메이플스토리,,,,medium
5e1fe16e0ad8bae9b370,공지사항 | 뉴스 | 메이플스토리,,,,medium
deb088da3015f601a6d5,공지사항 | 뉴스 | 메이플스토리,,,,medium
ddfa3698c5cfa82501a3,공지사항 | 뉴스 | 메이플스토리,,,,medium
24b8247a20be1573d938,공지사항 | 뉴스 | 메이플스토리,,,,medium
115d7c4777124f6908be,공지사항 | 뉴스 | 메이플스토리,,,,medium
7c89c3311cacf39556c6,공지사항 | 뉴스 | 메이플스토리,,,,medium
79955c3d8f5041688be0,공지사항 | 뉴스 | 메이플스토리,,,,medium
4fc7f657641325a15c13,공지사항 | 뉴스 | 메이플스토리,,,,medium
004b03edcfb8adb429c4,공지사항 | 뉴스 | 메이플스토리,,,,medium
354ddf0ad52e29421c88,공지사항 | 뉴스 | 메이플스토리,,,,medium
cd242ab05f466f9f2f72,공지사항 | 뉴스 | 메이플스토리,,,,medium
2aaadb82dfc91901a75a,공지사항 | 뉴스 | 메이플스토리,,,,medium
6a302606d1907d05c444,공지사항 | 뉴스 | 메이플스토리,,,,medium
48fa6e2cefa18a31df64,공지사항 | 뉴스 | 메이플스토리,,,,medium
14d3eaf04e7bb22fab09,공지사항 | 뉴스 | 메이플스토리,,,,medium
afc05b10578475a43ce3,공지사항 | 뉴스 | 메이플스토리,,,,medium
9d04026fed151e038231,공지사항 | 뉴스 | 메이플스토리,,,,medium
447c487be95df2162602,공지사항 | 뉴스 | 메이플스토리,,,,medium
2cdbd4473bd9d0c91f6b,공지사항 | 뉴스 | 메이플스토리,,,,medium
eded30d06eeb4ab860ee,공지사항 | 뉴스 | 메이플스토리,,,,medium
82d8c3b20af910546767,공지사항 | 뉴스 | 메이플스토리,,,,medium
c3cea06ce56d9ab57242,공지사항 | 뉴스 | 메이플스토리,,,,medium
1b8a4b2b9ea6c12cdf29,공지사항 | 뉴스 | 메이플스토리,,,,medium
5c68bab70fbc90cabe6d,공지사항 | 뉴스 | 메이플스토리,,,,medium
05bf51b5782baeec7635,공지사항 | 뉴스 | 메이플스토리,,,,medium
53006447c65bba9be450,공지사항 | 뉴스 | 메이플스토리,,,,medium
6333453ee7be70dd1209,공지사항 | 뉴스 | 메이플스토리,,,,medium
ef1ee205e85e128d6644,공지사항 | 뉴스 | 메이플스토리,,,,medium
aa7171514a7d58db2185,공지사항 | 뉴스 | 메이플스토리,,,,medium
92eea860a69401172ec2,공지사항 | 뉴스 | 메이플스토리,,,,medium
81a477f3520cc0cb5ba2,공지사항 | 뉴스 | 메이플스토리,,,,medium
970bed5c368ab78e141d,공지사항 | 뉴스 | 메이플스토리,,,,medium
269e8ca320067c86fab4,공지사항 | 뉴스 | 메이플스토리,,,,medium
0954b38ade67c85f9f97,공지사항 | 뉴스 | 메이플스토리,,,,medium
d35b98a28f0816a10f74,공지사항 | 뉴스 | 메이플스토리,,,,medium
e2d72d2f8e937327eb36,공지사항 | 뉴스 | 메이플스토리,,,,medium
cf67429cabb2645d4cee,공지사항 | 뉴스 | 메이플스토리,,,,medium
9c217ab5e7f82775a953,공지사항 | 뉴스 | 메이플스토리,,,,medium
abb9c36662b1e60cbc5f,공지사항 | 뉴스 | 메이플스토리,,,,medium
1b19e43434944b3e943f,공지사항 | 뉴스 | 메이플스토리,,,,medium
d129a2b0ca7c543cd130,공지사항 | 뉴스 | 메이플스토리,,,,medium
6deddd85e117cb86c1eb,공지사항 | 뉴스 | 메이플스토리,,,,medium
eae3e92de054e7c88ae2,공지사항 | 뉴스 | 메이플스토리,,,,medium
ad407351ec89159fa201,공지사항 | 뉴스 | 메이플스토리,,,,medium
ae9a3c7deaf60e9f43ad,공지사항 | 뉴스 | 메이플스토리,,,,medium
3dc70e86c826c83b42eb,공지사항 | 뉴스 | 메이플스토리,,,,medium
920e25e3b14bdefccc62,공지사항 | 뉴스 | 메이플스토리,,,,medium
dda1b7077d3215d63fd3,공지사항 | 뉴스 | 메이플스토리,,,,medium
ed1fb28a9f0f54398e5f,공지사항 | 뉴스 | 메이플스토리,,,,medium
06ba2251f24a6b2c7b12,공지사항 | 뉴스 | 메이플스토리,,,,medium
167a2f21468807e0e526,공지사항 | 뉴스 | 메이플스토리,,,,medium
b96175913d5bc9a6dfb0,공지사항 | 뉴스 | 메이플스토리,,,,medium
a213b4177dd7818542c5,공지사항 | 뉴스 | 메이플스토리,,,,medium
b7102f70fe5df792203a,공지사항 | 뉴스 | 메이플스토리,,,,medium
79222a6382cb9cccdbcc,공지사항 | 뉴스 | 메이플스토리,,,,medium
79a8b928ffdc94200f01,공지사항 | 뉴스 | 메이플스토리,,,,medium
1fc9358165ec18057859,공지사항 | 뉴스 | 메이플스토리,,,,medium
e5eb4fa2fa12bfcf9214,공지사항 | 뉴스 | 메이플스토리,,,,medium
bd1132c0222a78f551a4,공지사항 | 뉴스 | 메이플스토리,,,,medium
83e287a8719dfa63cdae,공지사항 | 뉴스 | 메이플스토리,,,,medium
f15f2c59f1657cc06fc9,공지사항 | 뉴스 | 메이플스토리,,,,medium
541f463d49875f4600ec,공지사항 | 뉴스 | 메이플스토리,,,,medium
b4d5ec59038d58862dfb,공지사항 | 뉴스 | 메이플스토리,,,,medium
5131dabc2c4c08df1f88,공지사항 | 뉴스 | 메이플스토리,,,,medium
14b9e4b7e171b2996e84,공지사항 | 뉴스 | 메이플스토리,,,,medium
d804313221e5b5414eae,공지사항 | 뉴스 | 메이플스토리,,,,medium
d71ed9bd30b0eb07b239,공지사항 | 뉴스 | 메이플스토리,,,,medium
c30fd027a19c7e2ac350,공지사항 | 뉴스 | 메이플스토리,,,,medium
9d136242e84d399fc735,공지사항 | 뉴스 | 메이플스토리,,,,medium
cf2b82f04f7a5a0921ea,공지사항 | 뉴스 | 메이플스토리,,,,medium
d57daca15203c7646eaf,공지사항 | 뉴스 | 메이플스토리,,,,medium
1abcbc6ed4b71b06113a,공지사항 | 뉴스 | 메이플스토리,,,,medium
6cfe5b550dec46885b2c,공지사항 | 뉴스 | 메이플스토리,,,,medium
85e04642f084a9165f7c,공지사항 | 뉴스 | 메이플스토리,,,,medium
fe8bd10c95e1fbfcf84c,공지사항 | 뉴스 | 메이플스토리,,,,medium
738bb9bffada7ab2c1d2,공지사항 | 뉴스 | 메이플스토리,,,,medium
8c18a3d0c76f05d865c8,공지사항 | 뉴스 | 메이플스토리,,,,medium
40858401a98f675b34ed,공지사항 | 뉴스 | 메이플스토리,,,,medium
a59e0141ca70ddcaf989,공지사항 | 뉴스 | 메이플스토리,,,,medium
2253fb3a626aa941eb13,공지사항 | 뉴스 | 메이플스토리,,,,medium
18e285c81cc4c847be6b,공지사항 | 뉴스 | 메이플스토리,,,,medium
3580a18cb0022d96aeb2,공지사항 | 뉴스 | 메이플스토리,,,,medium
7b7d35d2fce03da28719,공지사항 | 뉴스 | 메이플스토리,,,,medium
0333e766758b9a262858,공지사항 | 뉴스 | 메이플스토리,,,,medium
2faf2e90211d193394e8,공지사항 | 뉴스 | 메이플스토리,,,,medium
63b11f9586cae589a5df,공지사항 | 뉴스 | 메이플스토리,,,,medium
03035c67d32acc35c7b9,공지사항 | 뉴스 | 메이플스토리,,,,medium
0ca84a80f8f8238e5834,공지사항 | 뉴스 | 메이플스토리,,,,medium
a9eefd20db3c8692f96a,공지사항 | 뉴스 | 메이플스토리,,,,medium
b62f11b8e2e441a015a1,공지사항 | 뉴스 | 메이플스토리,,,,medium
827b5c8cb64e2a094065,공지사항 | 뉴스 | 메이플스토리,,,,medium
b197036e6637af32b9e1,공지사항 | 뉴스 | 메이플스토리,,,,medium
77a5ca9efa9dc6673ac9,공지사항 | 뉴스 | 메이플스토리,,,,medium
ce829afc293cc15e230c,공지사항 | 뉴스 | 메이플스토리,,,,medium
0b0e2853cad05e5dcf74,공지사항 | 뉴스 | 메이플스토리,,,,medium
ef1e6393c4291ff21bcf,공지사항 | 뉴스 | 메이플스토리,,,,medium
a9764df0533251d18613,공지사항 | 뉴스 | 메이플스토리,,,,medium
99ffcc579e80fcf654b2,공지사항 | 뉴스 | 메이플스토리,,,,medium
f2dab9307db5ad13e20c,공지사항 | 뉴스 | 메이플스토리,,,,medium
fcef2de2b44c55258a01,공지사항 | 뉴스 | 메이플스토리,,,,medium
138ec39c41cdecea2094,공지사항 | 뉴스 | 메이플스토리,,,,medium
dfd8b3c8e1de0191dbc7,공지사항 | 뉴스 | 메이플스토리,,,,medium
f2d2aaa4aa115af16d74,공지사항 | 뉴스 | 메이플스토리,,,,medium
3b03e33d4dd345dcc62a,공지사항 | 뉴스 | 메이플스토리,,,,medium
eb41354f334fafa2b18e,공지사항 | 뉴스 | 메이플스토리,,,,medium
65d979144f72a5e5f8af,공지사항 | 뉴스 | 메이플스토리,,,,medium
520c9c4295a8ff7c1695,공지사항 | 뉴스 | 메이플스토리,,,,medium
d8d9c4af63ffaf7fd3dc,공지사항 | 뉴스 | 메이플스토리,,,,medium
45b45980443cdb35bb0f,공지사항 | 뉴스 | 메이플스토리,,,,medium
85c2279858dad177bd67,공지사항 | 뉴스 | 메이플스토리,,,,medium
03841c5a64f091b0a2a8,공지사항 | 뉴스 | 메이플스토리,,,,medium
cdf9c10d6217e0af386f,공지사항 | 뉴스 | 메이플스토리,,,,medium
7ce5d5f9c8e96fa6803e,공지사항 | 뉴스 | 메이플스토리,,,,medium
f17bd70beb678a0cfa37,공지사항 | 뉴스 | 메이플스토리,,,,medium
29a0898b35426e382ef9,공지사항 | 뉴스 | 메이플스토리,,,,medium
40fef10b411d116e8a37,공지사항 | 뉴스 | 메이플스토리,,,,medium
f037e61e0c8464f55a05,공지사항 | 뉴스 | 메이플스토리,,,,medium
424a659a58c532f7d6a1,공지사항 | 뉴스 | 메이플스토리,,,,medium
f23522153c1bc02d6f23,공지사항 | 뉴스 | 메이플스토리,,,,medium
cfd6704e9c4a9f4e2174,공지사항 | 뉴스 | 메이플스토리,,,,medium
a4e31a84c4a708802a6b,공지사항 | 뉴스 | 메이플스토리,,,,medium
1d67e996735202257eae,공지사항 | 뉴스 | 메이플스토리,,,,medium
bb75ad9c9d5377901158,공지사항 | 뉴스 | 메이플스토리,,,,medium
4552b43e370bf59d8faf,공지사항 | 뉴스 | 메이플스토리,,,,medium
706a00efaea1e790c002,공지사항 | 뉴스 | 메이플스토리,,,,medium
067d042fdac792f3d0c3,공지사항 | 뉴스 | 메이플스토리,,,,medium
0190a330f481898a0309,공지사항 | 뉴스 | 메이플스토리,,,,medium
66d69f783daac0d8b601,공지사항 | 뉴스 | 메이플스토리,,,,medium
59276ab55f2aa78cadc9,공지사항 | 뉴스 | 메이플스토리,,,,medium
71407950b5dd97dd58ce,공지사항 | 뉴스 | 메이플스토리,,,,medium
05baee8d75a22e469fa3,공지사항 | 뉴스 | 메이플스토리,,,,medium
3ddfa197f06166adcad7,공지사항 | 뉴스 | 메이플스토리,,,,medium
a778741a56222aa858e9,공지사항 | 뉴스 | 메이플스토리,,,,medium
1cb785a972a57c8a8a2c,공지사항 | 뉴스 | 메이플스토리,,,,medium
2f9ab01664ffc0adeb67,공지사항 | 뉴스 | 메이플스토리,,,,medium
291204ee6893ac3c4920,공지사항 | 뉴스 | 메이플스토리,,,,medium
cd7d998daf34c3dec02a,공지사항 | 뉴스 | 메이플스토리,,,,medium
13c33e2bc17cb42bdfe9,공지사항 | 뉴스 | 메이플스토리,,,,medium
8fe704f658ffffd47a64,공지사항 | 뉴스 | 메이플스토리,,,,medium
5460cd420580c1818579,공지사항 | 뉴스 | 메이플스토리,,,,medium
3ac44f73f10d9ddd90b7,공지사항 | 뉴스 | 메이플스토리,,,,medium
c5701b41cb91d0c7201a,공지사항 | 뉴스 | 메이플스토리,,,,medium
f4d2c0acde47db031cac,공지사항 | 뉴스 | 메이플스토리,,,,medium
750dd7b45b9d2ae64bd1,공지사항 | 뉴스 | 메이플스토리,,,,medium
f7b9e004ae1aab6619be,공지사항 | 뉴스 | 메이플스토리,,,,medium
1b496f53d22b2efc7779,공지사항 | 뉴스 | 메이플스토리,,,,medium
163153fd1f0726581463,공지사항 | 뉴스 | 메이플스토리,,,,medium
cd0eddacb81ed70766a1,공지사항 | 뉴스 | 메이플스토리,,,,medium
9123c798a4efb5cf97bf,공지사항 | 뉴스 | 메이플스토리,,,,medium
ad508418825b1f6ee257,공지사항 | 뉴스 | 메이플스토리,,,,medium
0291295cc5f20c707e05,공지사항 | 뉴스 | 메이플스토리,,,,medium
7ef0383deb40b8b8e8da,공지사항 | 뉴스 | 메이플스토리,,,,medium
660d3884b7d714f94086,공지사항 | 뉴스 | 메이플스토리,,,,medium
7503f53431d1ce14ed17,공지사항 | 뉴스 | 메이플스토리,,,,medium
09ca2d82698f0c870cde,공지사항 | 뉴스 | 메이플스토리,,,,medium
782075a42cafcab704c2,공지사항 | 뉴스 | 메이플스토리,,,,medium
9012bb0a47654f7e012c,공지사항 | 뉴스 | 메이플스토리,,,,medium
5b6cb86bb2de8ae55bad,공지사항 | 뉴스 | 메이플스토리,,,,medium
80966ef1bdc337c664fd,공지사항 | 뉴스 | 메이플스토리,,,,medium
ed7e580f78524195e139,공지사항 | 뉴스 | 메이플스토리,,,,medium
edf73ba01fed69d8d118,공지사항 | 뉴스 | 메이플스토리,,,,medium
64485f4d7dc7b97e06b0,공지사항 | 뉴스 | 메이플스토리,,,,medium
53b6d2fe691694fa8e50,공지사항 | 뉴스 | 메이플스토리,,,,medium
bd334092e70b78a01207,공지사항 | 뉴스 | 메이플스토리,,,,medium
50e6ae154d379b800b56,공지사항 | 뉴스 | 메이플스토리,,,,medium
3d8abf7a09adc4f1d09d,공지사항 | 뉴스 | 메이플스토리,,,,medium
5ff881449901a31b110e,공지사항 | 뉴스 | 메이플스토리,,,,medium
7c08b10cafc3204e7a56,공지사항 | 뉴스 | 메이플스토리,,,,medium
60e341cf3ef5b9002768,공지사항 | 뉴스 | 메이플스토리,,,,medium
ecde0bba2b6697a3ee7d,공지사항 | 뉴스 | 메이플스토리,,,,medium
5f618011f7c161b9dd3d,공지사항 | 뉴스 | 메이플스토리,,,,medium
7433c0c4d8adb6486b3b,공지사항 | 뉴스 | 메이플스토리,,,,medium
62f7e22c74ed6f73feb5,공지사항 | 뉴스 | 메이플스토리,,,,medium
ebcc0c439831a41aabd2,공지사항 | 뉴스 | 메이플스토리,,,,medium
98ace3fc5fb34e4a0f0e,공지사항 | 뉴스 | 메이플스토리,,,,medium
de16c95655c900da71ed,공지사항 | 뉴스 | 메이플스토리,,,,medium
89eef1cd1ab5d61b2433,공지사항 | 뉴스 | 메이플스토리,,,,medium
50affad52e8aeff61085,공지사항 | 뉴스 | 메이플스토리,,,,medium
9d6726d0ec145f12389d,공지사항 | 뉴스 | 메이플스토리,,,,medium
c2b33f0afbf963f43093,공지사항 | 뉴스 | 메이플스토리,,,,medium
7ce1b2cc486bd6870f0a,공지사항 | 뉴스 | 메이플스토리,,,,medium
755dc4b2a262f70dd416,공지사항 | 뉴스 | 메이플스토리,,,,medium
325e2648f0b2edc730a9,공지사항 | 뉴스 | 메이플스토리,,,,medium
f5bd0dc14d0f9b87e259,공지사항 | 뉴스 | 메이플스토리,,,,medium
df36e07361fa716fb712,공지사항 | 뉴스 | 메이플스토리,,,,medium
84175844ba8eb36a6adf,공지사항 | 뉴스 | 메이플스토리,,,,medium
4a8a2b6fc4c6dde23c65,공지사항 | 뉴스 | 메이플스토리,,,,medium
3a7e8562960ea802876a,공지사항 | 뉴스 | 메이플스토리,,,,medium
d67d94740058817d0de1,공지사항 | 뉴스 | 메이플스토리,,,,medium
27dc2647736aa78e2494,공지사항 | 뉴스 | 메이플스토리,,,,medium
130044754315d6afbe2d,공지사항 | 뉴스 | 메이플스토리,,,,medium
b2b5118f2189d4de0538,공지사항 | 뉴스 | 메이플스토리,,,,medium
1831e355b69943c30e7a,공지사항 | 뉴스 | 메이플스토리,,,,medium
150cb101d086b4dbae2d,공지사항 | 뉴스 | 메이플스토리,,,,medium
0b2c88b1925cd51a76e6,공지사항 | 뉴스 | 메이플스토리,,,,medium
5bec58c7f785ad5eaac0,공지사항 | 뉴스 | 메이플스토리,,,,medium
c7844538f949ed1cf664,공지사항 | 뉴스 | 메이플스토리,,,,medium
6dc5d059812261861dc4,공지사항 | 뉴스 | 메이플스토리,,,,medium
93207e6cff04863833a4,공지사항 | 뉴스 | 메이플스토리,,,,medium
e20078538601038e15d2,공지사항 | 뉴스 | 메이플스토리,,,,medium
409ada24adbd0a2920da,공지사항 | 뉴스 | 메이플스토리,,,,medium
8931a921ea7abce4eb10,공지사항 | 뉴스 | 메이플스토리,,,,medium
f958c659deb968248885,공지사항 | 뉴스 | 메이플스토리,,,,medium
c91186928d7a3cc57a10,공지사항 | 뉴스 | 메이플스토리,,,,medium
690ddec08ccf9c1edb39,공지사항 | 뉴스 | 메이플스토리,,,,medium
94cde33e30e65ec3f641,공지사항 | 뉴스 | 메이플스토리,,,,medium
bb0506195f50bf8ee2b9,공지사항 | 뉴스 | 메이플스토리,,,,medium
e34cc4c023335b658476,공지사항 | 뉴스 | 메이플스토리,,,,medium
6cc0314c17a090e355c6,공지사항 | 뉴스 | 메이플스토리,,,,medium
7b9dee36b6db0aad64a5,공지사항 | 뉴스 | 메이플스토리,,,,medium
15556f2c294592b2454f,공지사항 | 뉴스 | 메이플스토리,,,,medium
c48ee617c90b8bb2d910,공지사항 | 뉴스 | 메이플스토리,,,,medium
bd9ba8a65bf9a732803a,공지사항 | 뉴스 | 메이플스토리,,,,medium
396369036398c5ea9ad6,공지사항 | 뉴스 | 메이플스토리,,,,medium
abf8f95a61168af0b0f1,공지사항 | 뉴스 | 메이플스토리,,,,medium
e39f65ca6b7ce19c10e2,공지사항 | 뉴스 | 메이플스토리,,,,medium
b3465c5d9e438b323b7a,공지사항 | 뉴스 | 메이플스토리,,,,medium
dcae793de7f16214f67e,공지사항 | 뉴스 | 메이플스토리,,,,medium
dcf10b16057a73c3b15b,공지사항 | 뉴스 | 메이플스토리,,,,medium
da0de0c0def8c56ee3f7,공지사항 | 뉴스 | 메이플스토리,,,,medium
a5a28f9375ac062101f6,공지사항 | 뉴스 | 메이플스토리,,,,medium
30e5f44b04d1eb708479,공지사항 | 뉴스 | 메이플스토리,,,,medium
33a241c20997a3c1db7c,공지사항 | 뉴스 | 메이플스토리,,,,medium
ee8dbd9367adfd0912ef,공지사항 | 뉴스 | 메이플스토리,,,,medium
7bb4eecd0beb63b7e931,공지사항 | 뉴스 | 메이플스토리,,,,medium
59b84ab56b5000a907f4,공지사항 | 뉴스 | 메이플스토리,,,,medium
9e1b7c863075bfeaa626,공지사항 | 뉴스 | 메이플스토리,,,,medium
79df5558bfc0cce2dbb4,공지사항 | 뉴스 | 메이플스토리,,,,medium
645ec32060fdec6bc39e,공지사항 | 뉴스 | 메이플스토리,,,,medium
56c7c266cc3207601385,공지사항 | 뉴스 | 메이플스토리,,,,medium
37071f5817382283440b,공지사항 | 뉴스 | 메이플스토리,,,,medium
d5ee4ffc528cf66be859,공지사항 | 뉴스 | 메이플스토리,,,,medium
53e559c32eeae2e931ba,공지사항 | 뉴스 | 메이플스토리,,,,medium
5c7a4cd48b11086c0c93,공지사항 | 뉴스 | 메이플스토리,,,,medium
44f1124ac1eb101cbb3a,공지사항 | 뉴스 | 메이플스토리,,,,medium
d8c0bf62f3d588adb568,공지사항 | 뉴스 | 메이플스토리,,,,medium
ba24b257ba89ef6d82cc,공지사항 | 뉴스 | 메이플스토리,,,,medium
51a38e44f704fe1bfa85,공지사항 | 뉴스 | 메이플스토리,,,,medium
cc9e475f1c680dfc7f1f,공지사항 | 뉴스 | 메이플스토리,,,,medium
09b6b2bde50285abd155,공지사항 | 뉴스 | 메이플스토리,,,,medium
0c5f9dda226795763713,공지사항 | 뉴스 | 메이플스토리,,,,medium
af5de646ac5d693ae490,공지사항 | 뉴스 | 메이플스토리,,,,medium
b11887b0efe3a0afee95,공지사항 | 뉴스 | 메이플스토리,,,,medium
e58661794a800ad003c4,공지사항 | 뉴스 | 메이플스토리,,,,medium
108970c0bbe96595484b,공지사항 | 뉴스 | 메이플스토리,,,,medium
47f513f4a5094aad4768,공지사항 | 뉴스 | 메이플스토리,,,,medium
4c40fa3da87770c2e4d4,공지사항 | 뉴스 | 메이플스토리,,,,medium
3268e21c9c7e03516e29,공지사항 | 뉴스 | 메이플스토리,,,,medium
9f64394f48e72bdf30d2,공지사항 | 뉴스 | 메이플스토리,,,,medium
86495a908bf7c73eb521,공지사항 | 뉴스 | 메이플스토리,,,,medium
7a820cd41187a240cc54,공지사항 | 뉴스 | 메이플스토리,,,,medium
1abefd2c8d577c3d20bc,공지사항 | 뉴스 | 메이플스토리,,,,medium
fa6bbfca5d03d5d43c9f,공지사항 | 뉴스 | 메이플스토리,,,,medium
83b9b50e37944b3d4c9f,공지사항 | 뉴스 | 메이플스토리,,,,medium
0efa9c72514483aeb621,공지사항 | 뉴스 | 메이플스토리,,,,medium
e9348366759a96bcc783,공지사항 | 뉴스 | 메이플스토리,,,,medium
2e309b54edb40a120942,공지사항 | 뉴스 | 메이플스토리,,,,medium
4c2f39ca1aaafdbd1282,공지사항 | 뉴스 | 메이플스토리,,,,medium
996ca97dd97bac574fdd,공지사항 | 뉴스 | 메이플스토리,,,,medium
6824bbeae3424974109e,공지사항 | 뉴스 | 메이플스토리,,,,medium
54a00d2cf1fdd44f9e8b,공지사항 | 뉴스 | 메이플스토리,,,,medium
d80f5398c2fadc4b48ec,공지사항 | 뉴스 | 메이플스토리,,,,medium
70eb23b0ed144b703633,공지사항 | 뉴스 | 메이플스토리,,,,medium
ee1a8f0b4bf00a2e54ae,공지사항 | 뉴스 | 메이플스토리,,,,medium
4cbf19c284d5b75f8652,공지사항 | 뉴스 | 메이플스토리,,,,medium
8ed4f6eb253b96ad179d,공지사항 | 뉴스 | 메이플스토리,,,,medium
1fc007592d470d2b5273,공지사항 | 뉴스 | 메이플스토리,,,,medium
9b2aed477862f46a1087,공지사항 | 뉴스 | 메이플스토리,,,,medium
368ab77560a1c05f3d57,공지사항 | 뉴스 | 메이플스토리,,,,medium
fd488cfba10a5b967989,공지사항 | 뉴스 | 메이플스토리,,,,medium
6ea461bc9fd3378affff,공지사항 | 뉴스 | 메이플스토리,,,,medium
9eaf90ced1362dc03791,공지사항 | 뉴스 | 메이플스토리,,,,medium
d82ab81c492486cd4148,공지사항 | 뉴스 | 메이플스토리,,,,medium
24daa04c22b3bd171afa,공지사항 | 뉴스 | 메이플스토리,,,,medium
3c2db42050827eba4683,공지사항 | 뉴스 | 메이플스토리,,,,medium
7d5332ce127ae9d7adc1,공지사항 | 뉴스 | 메이플스토리,,,,medium
9d320a377e8992c8c993,공지사항 | 뉴스 | 메이플스토리,,,,medium
86265cb3df2fab4bb465,공지사항 | 뉴스 | 메이플스토리,,,,medium
515c87adf452e6fc7ad6,공지사항 | 뉴스 | 메이플스토리,,,,medium
76d3a7a608e5a64a762f,공지사항 | 뉴스 | 메이플스토리,,,,medium
7da729400cb047b3b5e2,공지사항 | 뉴스 | 메이플스토리,,,,medium
f9a4b09c54188dec27df,공지사항 | 뉴스 | 메이플스토리,,,,medium
44d79ee126bafe8aa76f,공지사항 | 뉴스 | 메이플스토리,,,,medium
f60f99f75080aa183447,공지사항 | 뉴스 | 메이플스토리,,,,medium
1991888ec47b22d9af64,공지사항 | 뉴스 | 메이플스토리,,,,medium
a7b42e50c6ef48144adc,공지사항 | 뉴스 | 메이플스토리,,,,medium
dd8d0a78fb04fb6a238f,공지사항 | 뉴스 | 메이플스토리,,,,medium
ba6f44241a6752b14ad4,공지사항 | 뉴스 | 메이플스토리,,,,medium
487e486776d90c1caf4e,공지사항 | 뉴스 | 메이플스토리,,,,medium
54953a61abe7045c071f,공지사항 | 뉴스 | 메이플스토리,,,,medium
cacfafa32a62f7a3f3ee,공지사항 | 뉴스 | 메이플스토리,,,,medium
a9d1cdf94e0eece81c0e,공지사항 | 뉴스 | 메이플스토리,,,,medium
9840eb0a94983b9ce56a,공지사항 | 뉴스 | 메이플스토리,,,,medium
8c268521cf2c3ab727d4,공지사항 | 뉴스 | 메이플스토리,,,,medium
9789e7464f18977f2cd2,공지사항 | 뉴스 | 메이플스토리,,,,medium
e57b010ea15230ad6008,공지사항 | 뉴스 | 메이플스토리,,,,medium
2d336a7ab0243bd53a2a,공지사항 | 뉴스 | 메이플스토리,,,,medium
ec97bb49c17ae8dbd6f9,공지사항 | 뉴스 | 메이플스토리,,,,medium
b7945f8b7d4589023db8,공지사항 | 뉴스 | 메이플스토리,,,,medium
975c6aa00655148bd556,공지사항 | 뉴스 | 메이플스토리,,,,medium
cb4832fa82fbcf2b513b,공지사항 | 뉴스 | 메이플스토리,,,,medium
574bbde79f09fecfdad9,공지사항 | 뉴스 | 메이플스토리,,,,medium
2ad74614abc0bfdc7608,공지사항 | 뉴스 | 메이플스토리,,,,medium
ff2ce86ce2885eaff3db,공지사항 | 뉴스 | 메이플스토리,,,,medium
e9abb0e7e479db5f4195,공지사항 | 뉴스 | 메이플스토리,,,,medium
2c2c37e235f4c47143fe,공지사항 | 뉴스 | 메이플스토리,,,,medium
6e74f8baaf60f76f909b,공지사항 | 뉴스 | 메이플스토리,,,,medium
b13c6fd1e47693d4a2e9,공지사항 | 뉴스 | 메이플스토리,,,,medium
af88b2dbf79eddb0a811,공지사항 | 뉴스 | 메이플스토리,,,,medium
5f43d3ef5180eab2aff7,공지사항 | 뉴스 | 메이플스토리,,,,medium
5d42f3ebfc3c65212a55,공지사항 | 뉴스 | 메이플스토리,,,,medium
06400b701f25809ab5b4,공지사항 | 뉴스 | 메이플스토리,,,,medium
d7bf81ed000b47e07e7b,공지사항 | 뉴스 | 메이플스토리,,,,medium
7d040e706a91a9c4e4a1,공지사항 | 뉴스 | 메이플스토리,,,,medium
6993e953b9e97de17e6d,공지사항 | 뉴스 | 메이플스토리,,,,medium
1ac8d9bfdf7fee02bdf6,공지사항 | 뉴스 | 메이플스토리,,,,medium
f3b9041ea82d41e32d5b,공지사항 | 뉴스 | 메이플스토리,,,,medium
8c46dbca6f3466a0d27f,공지사항 | 뉴스 | 메이플스토리,,,,medium
332fa70127db026d5335,공지사항 | 뉴스 | 메이플스토리,,,,medium
dfd3c9799aee693f3811,공지사항 | 뉴스 | 메이플스토리,,,,medium
cd24e034d7fee237da78,공지사항 | 뉴스 | 메이플스토리,,,,medium
a36730801aa5e7bfa156,공지사항 | 뉴스 | 메이플스토리,,,,medium
47f822a3ae944d8095a0,공지사항 | 뉴스 | 메이플스토리,,,,medium
c948d4141e83ffa2d0f0,공지사항 | 뉴스 | 메이플스토리,,,,medium
3429ce262d57267b90ac,공지사항 | 뉴스 | 메이플스토리,,,,medium
38aab265c4351f9acb23,공지사항 | 뉴스 | 메이플스토리,,,,medium
557696a45a69bc408780,공지사항 | 뉴스 | 메이플스토리,,,,medium
d2aa2bff16746296b0fc,공지사항 | 뉴스 | 메이플스토리,,,,medium
8bdcd4ce204bea2d64a9,공지사항 | 뉴스 | 메이플스토리,,,,medium
ab71d80f3df9d10cab99,공지사항 | 뉴스 | 메이플스토리,,,,medium
3160ba8bb70ab99ceaa5,공지사항 | 뉴스 | 메이플스토리,,,,medium
2ae51901027e0d0bc737,공지사항 | 뉴스 | 메이플스토리,,,,medium
530a85fa0df8decfb628,공지사항 | 뉴스 | 메이플스토리,,,,medium
f2594470d277861c835a,공지사항 | 뉴스 | 메이플스토리,,,,medium
8dccbafde86f293e4efb,공지사항 | 뉴스 | 메이플스토리,,,,medium
40f9acc6c96c7ec21632,공지사항 | 뉴스 | 메이플스토리,,,,medium
dc13fc6c576e9ec55b1f,공지사항 | 뉴스 | 메이플스토리,,,,medium
b49bdbe2d0f25f5c4bbc,공지사항 | 뉴스 | 메이플스토리,,,,medium
b215639151fabbf7bbaf,공지사항 | 뉴스 | 메이플스토리,,,,medium
734f8632308531ae9f63,공지사항 | 뉴스 | 메이플스토리,,,,medium
dba3d2b83d94a622d7a7,공지사항 | 뉴스 | 메이플스토리,,,,medium
5c695e3db735a8578e82,공지사항 | 뉴스 | 메이플스토리,,,,medium
50a3263a904d8669b188,공지사항 | 뉴스 | 메이플스토리,,,,medium
61a540b42ecb399b4dfa,공지사항 | 뉴스 | 메이플스토리,,,,medium
338b2aaea2bd6433351d,공지사항 | 뉴스 | 메이플스토리,,,,medium
232141e51cf6c01c8c9e,공지사항 | 뉴스 | 메이플스토리,,,,medium
3a5263f097de6a9ebbc1,공지사항 | 뉴스 | 메이플스토리,,,,medium
9fd40e0a45a8a4679c22,공지사항 | 뉴스 | 메이플스토리,,,,medium
76712e17877a8859cef1,공지사항 | 뉴스 | 메이플스토리,,,,medium
931e313a8f94fd0d617f,공지사항 | 뉴스 | 메이플스토리,,,,medium
c8e15287f2e5b1b26b7d,공지사항 | 뉴스 | 메이플스토리,,,,medium
4961b6f785cc09f68552,공지사항 | 뉴스 | 메이플스토리,,,,medium
7828812c09ea924a6757,공지사항 | 뉴스 | 메이플스토리,,,,medium
380e7c61ffe8e175b613,공지사항 | 뉴스 | 메이플스토리,,,,medium
be47c6c60a78ca28541e,공지사항 | 뉴스 | 메이플스토리,,,,medium
1e2311557ee47d38421a,공지사항 | 뉴스 | 메이플스토리,,,,medium
8b36148b6595b2122603,공지사항 | 뉴스 | 메이플스토리,,,,medium
94e1ce3dfcdb487b19a2,공지사항 | 뉴스 | 메이플스토리,,,,medium
f8b1db3cb164c6ebce81,공지사항 | 뉴스 | 메이플스토리,,,,medium
70497b7482b94bcb25d9,공지사항 | 뉴스 | 메이플스토리,,,,medium
32df6bfa60eadfecc2d4,공지사항 | 뉴스 | 메이플스토리,,,,medium
0414b8fe10ca0ceda62e,공지사항 | 뉴스 | 메이플스토리,,,,medium
f483d9ff1a5253f9718b,공지사항 | 뉴스 | 메이플스토리,,,,medium
79e006f305a46c2417d0,공지사항 | 뉴스 | 메이플스토리,,,,medium
1c76183cb0dd14bb2aa8,공지사항 | 뉴스 | 메이플스토리,,,,medium
679bc6ec7a436dd82967,공지사항 | 뉴스 | 메이플스토리,,,,medium
4f57d7cdd3dfa238ef26,공지사항 | 뉴스 | 메이플스토리,,,,medium
0519eb4b20e0e2cb157d,공지사항 | 뉴스 | 메이플스토리,,,,medium
195491770c6e0471d467,공지사항 | 뉴스 | 메이플스토리,,,,medium
26cbee112a10d2e09ba0,공지사항 | 뉴스 | 메이플스토리,,,,medium
d47a06308e1ba3233412,공지사항 | 뉴스 | 메이플스토리,,,,medium
e8b1e5f450026a951fdc,공지사항 | 뉴스 | 메이플스토리,,,,medium
31fe8cd45a2907887578,공지사항 | 뉴스 | 메이플스토리,,,,medium
d7ac46ecfcdb869dd3d6,공지사항 | 뉴스 | 메이플스토리,,,,medium
219f23eb9df81ed906ea,공지사항 | 뉴스 | 메이플스토리,,,,medium
1fafb4aec56f95ab7c4b,공지사항 | 뉴스 | 메이플스토리,,,,medium
4d088aabcd0797ecfa55,공지사항 | 뉴스 | 메이플스토리,,,,medium
d20cbb7b0094755ccda2,공지사항 | 뉴스 | 메이플스토리,,,,medium
a65e86345be8bb6ba1de,공지사항 | 뉴스 | 메이플스토리,,,,medium
fb01f97a2b87d405d036,공지사항 | 뉴스 | 메이플스토리,,,,medium
ad520ac25a4f2356cf4c,공지사항 | 뉴스 | 메이플스토리,,,,medium
d1c1ce36a78705141a0a,공지사항 | 뉴스 | 메이플스토리,,,,medium
21feb4ce4a8e036123ef,공지사항 | 뉴스 | 메이플스토리,,,,medium
20fbf5ee250011db80ca,공지사항 | 뉴스 | 메이플스토리,,,,medium
0abaa85bfdc511965e02,공지사항 | 뉴스 | 메이플스토리,,,,medium
1936883245f29e1c1500,공지사항 | 뉴스 | 메이플스토리,,,,medium
d8cb4621cf532abbbb8a,공지사항 | 뉴스 | 메이플스토리,,,,medium
6502b3e0538a634e08ba,공지사항 | 뉴스 | 메이플스토리,,,,medium
e00ed073256951ba789a,공지사항 | 뉴스 | 메이플스토리,,,,medium
ff9e114ac86483a8ae91,공지사항 | 뉴스 | 메이플스토리,,,,medium
dc52db602898eb5339bc,공지사항 | 뉴스 | 메이플스토리,,,,medium
db79e66be9192861439e,공지사항 | 뉴스 | 메이플스토리,,,,medium
95bb5da84f8aae246da2,공지사항 | 뉴스 | 메이플스토리,,,,medium
ebbcfd996f0fb2d5cdcb,공지사항 | 뉴스 | 메이플스토리,,,,medium
bf831659c49076c4dd86,공지사항 | 뉴스 | 메이플스토리,,,,medium
9a2825d3ba9fabb7fae8,공지사항 | 뉴스 | 메이플스토리,,,,medium
a747270270db934aef9d,공지사항 | 뉴스 | 메이플스토리,,,,medium
07fd6e42226f72d56977,공지사항 | 뉴스 | 메이플스토리,,,,medium
d065381cea37eb73581b,공지사항 | 뉴스 | 메이플스토리,,,,medium
1eb6a033ceda4be3a2b0,공지사항 | 뉴스 | 메이플스토리,,,,medium
af0b6646f7b467aaebef,공지사항 | 뉴스 | 메이플스토리,,,,medium
a29d07542f39465c6185,공지사항 | 뉴스 | 메이플스토리,,,,medium
8f2a521882d6c63724cb,공지사항 | 뉴스 | 메이플스토리,,,,medium
0a578aefe93ca8b4b0ce,공지사항 | 뉴스 | 메이플스토리,,,,medium
46bedf36bdef401a53c5,공지사항 | 뉴스 | 메이플스토리,,,,medium
be9f16de5d70d02e967d,공지사항 | 뉴스 | 메이플스토리,,,,medium
a0740238218a5f147e0f,공지사항 | 뉴스 | 메이플스토리,,,,medium
0b289242ed725d2a019a,공지사항 | 뉴스 | 메이플스토리,,,,medium
fa196d0dff6b5295f465,공지사항 | 뉴스 | 메이플스토리,,,,medium
e73a79e5b101ac8d43e4,공지사항 | 뉴스 | 메이플스토리,,,,medium
4823ff98ab14f2fc7c3f,공지사항 | 뉴스 | 메이플스토리,,,,medium
307d69513a1b983ad9f5,공지사항 | 뉴스 | 메이플스토리,,,,medium
5799dd7c832683835bb4,공지사항 | 뉴스 | 메이플스토리,,,,medium
368b0c1141f0dfee2363,공지사항 | 뉴스 | 메이플스토리,,,,medium
d8ee98ef119d2a41d254,공지사항 | 뉴스 | 메이플스토리,,,,medium
9267d7c1a4685e48339d,공지사항 | 뉴스 | 메이플스토리,,,,medium
8bb6cff7d85fe3fb50a7,공지사항 | 뉴스 | 메이플스토리,,,,medium
6682f9c8a8e31568f9b9,공지사항 | 뉴스 | 메이플스토리,,,,medium
0d555a9f4b41e78f69cc,공지사항 | 뉴스 | 메이플스토리,,,,medium
1698ca303655e5fe1397,공지사항 | 뉴스 | 메이플스토리,,,,medium
2c34153be62b5a04ef7a,공지사항 | 뉴스 | 메이플스토리,,,,medium
178c1102cb76ac06aae8,공지사항 | 뉴스 | 메이플스토리,,,,medium
9a2512a5932421e5c9ad,공지사항 | 뉴스 | 메이플스토리,,,,medium
b69efe9590cd6f6b8db4,공지사항 | 뉴스 | 메이플스토리,,,,medium
50a657ab7cfd125a4e29,공지사항 | 뉴스 | 메이플스토리,,,,medium
43f1222dde6406854043,공지사항 | 뉴스 | 메이플스토리,,,,medium
a73335a275fbdf316753,공지사항 | 뉴스 | 메이플스토리,,,,medium
13b41250261be485340a,공지사항 | 뉴스 | 메이플스토리,,,,medium
7d1b37421a404e253bdc,공지사항 | 뉴스 | 메이플스토리,,,,medium
daec4bb66b861db65cf8,공지사항 | 뉴스 | 메이플스토리,,,,medium
00e3212bd0dd04c2f8cd,공지사항 | 뉴스 | 메이플스토리,,,,medium
228043d7ba38bbdae1a2,공지사항 | 뉴스 | 메이플스토리,,,,medium
498a0e0cd354b893fbd6,공지사항 | 뉴스 | 메이플스토리,,,,medium
0b2205bc009314f2737c,공지사항 | 뉴스 | 메이플스토리,,,,medium
153938bce6981ff93cbf,공지사항 | 뉴스 | 메이플스토리,,,,medium
5f4f2bfae12a6833e7d2,공지사항 | 뉴스 | 메이플스토리,,,,medium
c8c781920c91256224d6,공지사항 | 뉴스 | 메이플스토리,,,,medium
ebd900b1cd74986d48f1,공지사항 | 뉴스 | 메이플스토리,,,,medium
c33c6d246127e3f0e9dd,공지사항 | 뉴스 | 메이플스토리,,,,medium
5bdc31c15c841a2222d5,공지사항 | 뉴스 | 메이플스토리,,,,medium
aa1033cbea9c52a5f0ce,공지사항 | 뉴스 | 메이플스토리,,,,medium
3901142a7be630bb4fbf,공지사항 | 뉴스 | 메이플스토리,,,,medium
698e6c94e1ab361fc012,공지사항 | 뉴스 | 메이플스토리,,,,medium
41172ee34e6c05102e3d,공지사항 | 뉴스 | 메이플스토리,,,,medium
9690fd67ce4e0bbc007b,공지사항 | 뉴스 | 메이플스토리,,,,medium
31066c010835730fc5c8,공지사항 | 뉴스 | 메이플스토리,,,,medium
7e0fd4c9e9d1eefd9ea5,공지사항 | 뉴스 | 메이플스토리,,,,medium
af26eb6e410d1fbf2a2a,공지사항 | 뉴스 | 메이플스토리,,,,medium
c4f3cc3befd3bbadf375,공지사항 | 뉴스 | 메이플스토리,,,,medium
d5a12e917e4b8b73cd60,공지사항 | 뉴스 | 메이플스토리,,,,medium
4d078b47c4f510318446,공지사항 | 뉴스 | 메이플스토리,,,,medium
0f2050f6b6fb33d4e363,공지사항 | 뉴스 | 메이플스토리,,,,medium
177c8bc1b27afc6a4123,공지사항 | 뉴스 | 메이플스토리,,,,medium
36630864393d72df080f,공지사항 | 뉴스 | 메이플스토리,,,,medium
3968bb6721468f768c4f,공지사항 | 뉴스 | 메이플스토리,,,,medium
d7d61031fa2fed9890e0,공지사항 | 뉴스 | 메이플스토리,,,,medium
d28a4ad2716902a91087,공지사항 | 뉴스 | 메이플스토리,,,,medium
595cddfbf22549459e37,공지사항 | 뉴스 | 메이플스토리,,,,medium
86caeaf5b9670100fd51,공지사항 | 뉴스 | 메이플스토리,,,,medium
d6690021d12630819be0,공지사항 | 뉴스 | 메이플스토리,,,,medium
faa0965bf720f108e443,공지사항 | 뉴스 | 메이플스토리,,,,medium
c0aff6b2e0e0a7c4a225,공지사항 | 뉴스 | 메이플스토리,,,,medium
a069ec259ded8b5018da,공지사항 | 뉴스 | 메이플스토리,,,,medium
4f0758b4f95f6bdd8011,공지사항 | 뉴스 | 메이플스토리,,,,medium
e32c70f9b1ce5cfc646e,공지사항 | 뉴스 | 메이플스토리,,,,medium
8af7bc6af95cbecb8aa8,공지사항 | 뉴스 | 메이플스토리,,,,medium
33d6bac7faf77a4a0332,공지사항 | 뉴스 | 메이플스토리,,,,medium
603466d8f4dae11e7bc8,공지사항 | 뉴스 | 메이플스토리,,,,medium
e267fd7740903f37a795,공지사항 | 뉴스 | 메이플스토리,,,,medium
43d0cc3b7e64e1f0b6c1,공지사항 | 뉴스 | 메이플스토리,,,,medium
db1230386577add14fbb,공지사항 | 뉴스 | 메이플스토리,,,,medium
cdc268b2e148ca72c5e0,공지사항 | 뉴스 | 메이플스토리,,,,medium
0c203a6e8353ae84a03c,공지사항 | 뉴스 | 메이플스토리,,,,medium
0b6447cd0f8973b0c958,공지사항 | 뉴스 | 메이플스토리,,,,medium
d083f63bed52aa2438b9,공지사항 | 뉴스 | 메이플스토리,,,,medium
40df0f015cb4bb7d2372,공지사항 | 뉴스 | 메이플스토리,,,,medium
00d851a4eb576e9b4b07,공지사항 | 뉴스 | 메이플스토리,,,,medium
38529e56c206300857d7,공지사항 | 뉴스 | 메이플스토리,,,,medium
14708ed5caa03917b57a,공지사항 | 뉴스 | 메이플스토리,,,,medium
cca9d594f88c43f41986,공지사항 | 뉴스 | 메이플스토리,,,,medium
77697cbece3d197ab218,공지사항 | 뉴스 | 메이플스토리,,,,medium
96ca9ff774d3aed4c5f1,공지사항 | 뉴스 | 메이플스토리,,,,medium
8edcb97d9eeb154a7d18,공지사항 | 뉴스 | 메이플스토리,,,,medium
567ec097cb041069cc73,공지사항 | 뉴스 | 메이플스토리,,,,medium
0ea1596b5edb7f0da480,공지사항 | 뉴스 | 메이플스토리,,,,medium
550225e81ee7b295e9ce,공지사항 | 뉴스 | 메이플스토리,,,,medium
c8ca7a39986b301c4aee,공지사항 | 뉴스 | 메이플스토리,,,,medium
31dd0a40b2a2ce89a3b7,공지사항 | 뉴스 | 메이플스토리,,,,medium
d886ad8714dce3f969a6,공지사항 | 뉴스 | 메이플스토리,,,,medium
6e625ed00bf434f3f665,공지사항 | 뉴스 | 메이플스토리,,,,medium
d9b58a3a60ec3d09f8c8,공지사항 | 뉴스 | 메이플스토리,,,,medium
8468a6ca888e53819f5c,공지사항 | 뉴스 | 메이플스토리,,,,medium
db1bc37a37282c97709e,공지사항 | 뉴스 | 메이플스토리,,,,medium
79a50ad37476fea29aa7,공지사항 | 뉴스 | 메이플스토리,,,,medium
633ab5c70f2218bebdf4,공지사항 | 뉴스 | 메이플스토리,,,,medium
8926c291ea29a9076f91,공지사항 | 뉴스 | 메이플스토리,,,,medium
c045feeca0df62943dd8,공지사항 | 뉴스 | 메이플스토리,,,,medium
5ad377bcb5650eb2a0ce,공지사항 | 뉴스 | 메이플스토리,,,,medium
ee8204cbcc4a9f89c362,공지사항 | 뉴스 | 메이플스토리,,,,medium
59cb5ef690be621f2df1,공지사항 | 뉴스 | 메이플스토리,,,,medium
3b4ea2fe6fc8467dd1e5,공지사항 | 뉴스 | 메이플스토리,,,,medium
5e74c955d70dd76d94ec,공지사항 | 뉴스 | 메이플스토리,,,,medium
bb123ea3d736c9cb10f3,공지사항 | 뉴스 | 메이플스토리,,,,medium
a315c40e7f6afd1ca52f,공지사항 | 뉴스 | 메이플스토리,,,,medium
2e4df8804bcb055c43ab,공지사항 | 뉴스 | 메이플스토리,,,,medium
2a5d2aa6689cbb035a09,공지사항 | 뉴스 | 메이플스토리,,,,medium
b729d6aade95181a5872,공지사항 | 뉴스 | 메이플스토리,,,,medium
c98f153c6f55a5cab11e,공지사항 | 뉴스 | 메이플스토리,,,,medium
20c3c421d5101c2f3246,공지사항 | 뉴스 | 메이플스토리,,,,medium
bb92c3fb1a1f2e02a01a,공지사항 | 뉴스 | 메이플스토리,,,,medium
722677410d9c782eed91,공지사항 | 뉴스 | 메이플스토리,,,,medium
13d272af6fd7a17d94bd,공지사항 | 뉴스 | 메이플스토리,,,,medium
fd1d31124c7b790bdc90,공지사항 | 뉴스 | 메이플스토리,,,,medium
11d4ab4c9094bb4b18da,공지사항 | 뉴스 | 메이플스토리,,,,medium
c81c4b0b3c6887d0c56c,공지사항 | 뉴스 | 메이플스토리,,,,medium
53969c11b1bb4e3e2182,공지사항 | 뉴스 | 메이플스토리,,,,medium
2a94f52f6cb9821c4237,공지사항 | 뉴스 | 메이플스토리,,,,medium
9702a3de228936706074,공지사항 | 뉴스 | 메이플스토리,,,,medium
761cedf9175e20071220,공지사항 | 뉴스 | 메이플스토리,,,,medium
0c69ec34557b8d2bb1f3,공지사항 | 뉴스 | 메이플스토리,,,,medium
53565d662755d57332a1,공지사항 | 뉴스 | 메이플스토리,,,,medium
77b2684ad56a6797e596,공지사항 | 뉴스 | 메이플스토리,,,,medium
68cbf5d2f0810b8949b3,공지사항 | 뉴스 | 메이플스토리,,,,medium
f1dbc65f6434da8d464c,공지사항 | 뉴스 | 메이플스토리,,,,medium
d9b47113cd7c95be7aa1,공지사항 | 뉴스 | 메이플스토리,,,,medium
718675ffd9b0f41d13e5,공지사항 | 뉴스 | 메이플스토리,,,,medium
eb9b76a2044050652966,공지사항 | 뉴스 | 메이플스토리,,,,medium
12c7733a386c41dc7761,공지사항 | 뉴스 | 메이플스토리,,,,medium
1d331431e8dfc7c5822a,공지사항 | 뉴스 | 메이플스토리,,,,medium
25459efa28cd9a82ed87,공지사항 | 뉴스 | 메이플스토리,,,,medium
61cabc5c73a93011fed7,공지사항 | 뉴스 | 메이플스토리,,,,medium
3e0ad91050ea9b87053b,공지사항 | 뉴스 | 메이플스토리,,,,medium
c7d9e2b7417aea4bdfee,공지사항 | 뉴스 | 메이플스토리,,,,medium
5930dff3ef180d6eb431,공지사항 | 뉴스 | 메이플스토리,,,,medium
b1146af6f29c327a6be7,공지사항 | 뉴스 | 메이플스토리,,,,medium
20ed3d62343a8440629e,공지사항 | 뉴스 | 메이플스토리,,,,medium
04d56f89c71c3f0c771d,공지사항 | 뉴스 | 메이플스토리,,,,medium
c56248857d273631101e,공지사항 | 뉴스 | 메이플스토리,,,,medium
444207113bff84a870d8,공지사항 | 뉴스 | 메이플스토리,,,,medium
1f5a8c718addcb081c84,공지사항 | 뉴스 | 메이플스토리,,,,medium
9266fc9148f52ab93393,공지사항 | 뉴스 | 메이플스토리,,,,medium
4f78e0e03db734921ec3,공지사항 | 뉴스 | 메이플스토리,,,,medium
74d3b7b78ea99732115b,공지사항 | 뉴스 | 메이플스토리,,,,medium
9f4dbbedae2cb7b8b781,공지사항 | 뉴스 | 메이플스토리,,,,medium
748d233c6c079d9585e2,공지사항 | 뉴스 | 메이플스토리,,,,medium
5aa77dbfa7cf250ee4e5,공지사항 | 뉴스 | 메이플스토리,,,,medium
dccd743fb13d38b0858a,공지사항 | 뉴스 | 메이플스토리,,,,medium
c70a4c717b17d36373be,공지사항 | 뉴스 | 메이플스토리,,,,medium
2db0a765cc10dc0aa984,공지사항 | 뉴스 | 메이플스토리,,,,medium
d2deba26b9c79ecf9443,공지사항 | 뉴스 | 메이플스토리,,,,medium
25ce2f34048c80262606,공지사항 | 뉴스 | 메이플스토리,,,,medium
182e912e3c7a840ff8ab,공지사항 | 뉴스 | 메이플스토리,,,,medium
ee06e549fde272769c9d,공지사항 | 뉴스 | 메이플스토리,,,,medium
abd5cb9a2b3a08c530bb,공지사항 | 뉴스 | 메이플스토리,,,,medium
9e6009c3971ea151f994,공지사항 | 뉴스 | 메이플스토리,,,,medium
929b3fe4b0354187af7d,공지사항 | 뉴스 | 메이플스토리,,,,medium
cbb011806a0a23499651,공지사항 | 뉴스 | 메이플스토리,,,,medium
1cd1be2790e317ed6c54,공지사항 | 뉴스 | 메이플스토리,,,,medium
5401dcdbaf1850e3b112,공지사항 | 뉴스 | 메이플스토리,,,,medium
2eed9cecd52777f32d20,공지사항 | 뉴스 | 메이플스토리,,,,medium
5f5a488d76f4ca782e79,공지사항 | 뉴스 | 메이플스토리,,,,medium
c42c614f2430471c0e63,공지사항 | 뉴스 | 메이플스토리,,,,medium
9d12317ae9394d6ae76b,공지사항 | 뉴스 | 메이플스토리,,,,medium
b0da2bd1db9d4ad42cbb,공지사항 | 뉴스 | 메이플스토리,,,,medium
31dd64519e2ea3c70182,공지사항 | 뉴스 | 메이플스토리,,,,medium
76c918d96d9ff091f4a1,공지사항 | 뉴스 | 메이플스토리,,,,medium
70449a2faf828b89b278,공지사항 | 뉴스 | 메이플스토리,,,,medium
99f15f44ea281024232b,공지사항 | 뉴스 | 메이플스토리,,,,medium
f6dcc025eb1db1f6f648,공지사항 | 뉴스 | 메이플스토리,,,,medium
3a1c394076d15336c37b,공지사항 | 뉴스 | 메이플스토리,,,,medium
cadb367399113c2932df,공지사항 | 뉴스 | 메이플스토리,,,,medium
e8c10f2b94af6c2305ee,공지사항 | 뉴스 | 메이플스토리,,,,medium
83c74a8c42f4b804426b,공지사항 | 뉴스 | 메이플스토리,,,,medium
3a6b6108fa8ed1a56dbe,공지사항 | 뉴스 | 메이플스토리,,,,medium
9f4d00f069b442be0aec,공지사항 | 뉴스 | 메이플스토리,,,,medium
722e63ea1f088e76e904,공지사항 | 뉴스 | 메이플스토리,,,,medium
a20a0e846b61af34a2c7,공지사항 | 뉴스 | 메이플스토리,,,,medium
3c67c13022fd25eb2f3f,공지사항 | 뉴스 | 메이플스토리,,,,medium
bb1f69fa94827f5c6b08,공지사항 | 뉴스 | 메이플스토리,,,,medium
eaadd9e8f6fb87c894a9,공지사항 | 뉴스 | 메이플스토리,,,,medium
1757372537a4da18d483,공지사항 | 뉴스 | 메이플스토리,,,,medium
92f7759b910ed847c9f1,공지사항 | 뉴스 | 메이플스토리,,,,medium
8172d7bc55707081170c,공지사항 | 뉴스 | 메이플스토리,,,,medium
149c26348c38944198dc,공지사항 | 뉴스 | 메이플스토리,,,,medium
df1b89b9316e6a7c6697,공지사항 | 뉴스 | 메이플스토리,,,,medium
42360b5adf457c1c03a9,공지사항 | 뉴스 | 메이플스토리,,,,medium
965ac1358a6ae9133042,공지사항 | 뉴스 | 메이플스토리,,,,medium
b74ffe344066716fa54a,공지사항 | 뉴스 | 메이플스토리,,,,medium
f943af7db3e64d24a53e,공지사항 | 뉴스 | 메이플스토리,,,,medium
e9d7734e84835ad89914,공지사항 | 뉴스 | 메이플스토리,,,,medium
375f91a9520f9b5e4cbc,공지사항 | 뉴스 | 메이플스토리,,,,medium
4b608701badac11f7672,공지사항 | 뉴스 | 메이플스토리,,,,medium
88f75b8cc3cb13076764,공지사항 | 뉴스 | 메이플스토리,,,,medium
fc49a5079e4f54f38a7a,공지사항 | 뉴스 | 메이플스토리,,,,medium
5d31298939b99fc1bc44,공지사항 | 뉴스 | 메이플스토리,,,,medium
c8605418ab837faa8567,공지사항 | 뉴스 | 메이플스토리,,,,medium
c6c6f164b502840ce3b2,공지사항 | 뉴스 | 메이플스토리,,,,medium
31cb7e850739510ed8a4,공지사항 | 뉴스 | 메이플스토리,,,,medium
c9b7a31a56499ee958fc,공지사항 | 뉴스 | 메이플스토리,,,,medium
716363ea09498ce20b0b,공지사항 | 뉴스 | 메이플스토리,,,,medium
6f6a1c5d786b1dd455c5,공지사항 | 뉴스 | 메이플스토리,,,,medium
9a0c739726d921011839,공지사항 | 뉴스 | 메이플스토리,,,,medium
2aa34c0e758490c37256,공지사항 | 뉴스 | 메이플스토리,,,,medium
41674d38813b778d308f,공지사항 | 뉴스 | 메이플스토리,,,,medium
e5f8aeb0525d713760e7,공지사항 | 뉴스 | 메이플스토리,,,,medium
1e798cff7dcc90a302f4,공지사항 | 뉴스 | 메이플스토리,,,,medium
e251f2ff31d4b365177e,공지사항 | 뉴스 | 메이플스토리,,,,medium
f99e62ce3416fccaea4a,공지사항 | 뉴스 | 메이플스토리,,,,medium
a624919136ffce15a8fc,공지사항 | 뉴스 | 메이플스토리,,,,medium
cc26bfa6d6c9c9d14a00,공지사항 | 뉴스 | 메이플스토리,,,,medium
ca4ea475653937666d63,공지사항 | 뉴스 | 메이플스토리,,,,medium
fdba22111055a07a44cb,공지사항 | 뉴스 | 메이플스토리,,,,medium
ecbfee5af65711930ae9,공지사항 | 뉴스 | 메이플스토리,,,,medium
b55c917548eb6eef1c4f,공지사항 | 뉴스 | 메이플스토리,,,,medium
5a0f8d5a3be2b5c526ab,공지사항 | 뉴스 | 메이플스토리,,,,medium
129754f0759871a0419b,공지사항 | 뉴스 | 메이플스토리,,,,medium
482f928f6bda69e3e2e9,공지사항 | 뉴스 | 메이플스토리,,,,medium
0c0c4cfb4689fa1ef095,공지사항 | 뉴스 | 메이플스토리,,,,medium
192afc3ffc430183567e,공지사항 | 뉴스 | 메이플스토리,,,,medium
a2bd55b1c3c8ccbb0ac7,공지사항 | 뉴스 | 메이플스토리,,,,medium
2f14a3e6be68caabb8d2,공지사항 | 뉴스 | 메이플스토리,,,,medium
165865a5fb63c2eab2f6,공지사항 | 뉴스 | 메이플스토리,,,,medium
da9e7bc5932994f5a7ed,공지사항 | 뉴스 | 메이플스토리,,,,medium
259099b6c37538df5bc2,공지사항 | 뉴스 | 메이플스토리,,,,medium
3014f2ecbfc7f0bf96b6,공지사항 | 뉴스 | 메이플스토리,,,,medium
3f89cef47544045a4f17,공지사항 | 뉴스 | 메이플스토리,,,,medium
ac4f2c31503c83eb7099,공지사항 | 뉴스 | 메이플스토리,,,,medium
5cd621d2d2d8dc79f260,공지사항 | 뉴스 | 메이플스토리,,,,medium
e43cefe02c0e75a63b9a,공지사항 | 뉴스 | 메이플스토리,,,,medium
b2535ce27a676a7b817e,공지사항 | 뉴스 | 메이플스토리,,,,medium
58d3609ebb05a1d7e727,공지사항 | 뉴스 | 메이플스토리,,,,medium
648ebaee09aefa64ebc8,공지사항 | 뉴스 | 메이플스토리,,,,medium
62b2515d65ed62ed06e6,공지사항 | 뉴스 | 메이플스토리,,,,medium
ff35d161af6dece59258,공지사항 | 뉴스 | 메이플스토리,,,,medium
dcf6069e8a53e266af9b,공지사항 | 뉴스 | 메이플스토리,,,,medium
5bbe1cd2a50e1d970939,공지사항 | 뉴스 | 메이플스토리,,,,medium
2f8b1b0914860fae092c,공지사항 | 뉴스 | 메이플스토리,,,,medium
2dbdba2766e41453fced,공지사항 | 뉴스 | 메이플스토리,,,,medium
dcfa9d5cafad240d0bcc,공지사항 | 뉴스 | 메이플스토리,,,,medium
6fbe0406dfdc629958fd,공지사항 | 뉴스 | 메이플스토리,,,,medium
39239dd4264e64a467d6,공지사항 | 뉴스 | 메이플스토리,,,,medium
3de960256b376253d467,공지사항 | 뉴스 | 메이플스토리,,,,medium
a5d00198e20fa3ec37fd,공지사항 | 뉴스 | 메이플스토리,,,,medium
a0b7db729630a62b9bd4,공지사항 | 뉴스 | 메이플스토리,,,,medium
5e1a1f73fd998287b3f4,공지사항 | 뉴스 | 메이플스토리,,,,medium
965a6ee1edbc1d5b3322,공지사항 | 뉴스 | 메이플스토리,,,,medium
ed91270cadb6d38d3ad8,공지사항 | 뉴스 | 메이플스토리,,,,medium
275032c88167b9ae75c1,공지사항 | 뉴스 | 메이플스토리,,,,medium
340fb2d54538eb4d6404,공지사항 | 뉴스 | 메이플스토리,,,,medium
64284b937f35a6c9d08d,공지사항 | 뉴스 | 메이플스토리,,,,medium
5360af6edaeea661b916,공지사항 | 뉴스 | 메이플스토리,,,,medium
bcfddde943a7d5d5c28c,공지사항 | 뉴스 | 메이플스토리,,,,medium
6e9029ede6c83e23e820,공지사항 | 뉴스 | 메이플스토리,,,,medium
69d33daf4c84321887d4,공지사항 | 뉴스 | 메이플스토리,,,,medium
65a4d55c2e23ba923e2f,공지사항 | 뉴스 | 메이플스토리,,,,medium
6791785227d64a149799,공지사항 | 뉴스 | 메이플스토리,,,,medium
fe585be9fdc907b1aa42,공지사항 | 뉴스 | 메이플스토리,,,,medium
9b80c055da54c47723a6,공지사항 | 뉴스 | 메이플스토리,,,,medium
64920a9d27178b706da0,공지사항 | 뉴스 | 메이플스토리,,,,medium
73c696581eff22f0c39e,공지사항 | 뉴스 | 메이플스토리,,,,medium
0b46516d8e87226bad7a,공지사항 | 뉴스 | 메이플스토리,,,,medium
d6a09fd382c3e8a4e5b1,공지사항 | 뉴스 | 메이플스토리,,,,medium
5af7671a33bb641cac09,공지사항 | 뉴스 | 메이플스토리,,,,medium
9a9a4c887f4669193acb,공지사항 | 뉴스 | 메이플스토리,,,,medium
ea43b48a06292f08e6ac,공지사항 | 뉴스 | 메이플스토리,,,,medium
30330a31a6c5ea84de53,공지사항 | 뉴스 | 메이플스토리,,,,medium
c8ae11a25104b317db56,공지사항 | 뉴스 | 메이플스토리,,,,medium
3b42d70beb998283c614,공지사항 | 뉴스 | 메이플스토리,,,,medium
349182feb3a7317ee7f4,공지사항 | 뉴스 | 메이플스토리,,,,medium
03e10a20f9ab2602699d,공지사항 | 뉴스 | 메이플스토리,,,,medium
10e82815cddb8a63430d,공지사항 | 뉴스 | 메이플스토리,,,,medium
ee205e162006701258d6,공지사항 | 뉴스 | 메이플스토리,,,,medium
1e0c3fa05dec70e6d4c8,공지사항 | 뉴스 | 메이플스토리,,,,medium
236cd792b4243c85b35b,공지사항 | 뉴스 | 메이플스토리,,,,medium
5e36b61aa0752d8f6de7,공지사항 | 뉴스 | 메이플스토리,,,,medium
3c9fb6359f07f5b0ec7f,공지사항 | 뉴스 | 메이플스토리,,,,medium
8a256763a9b3ffa88497,공지사항 | 뉴스 | 메이플스토리,,,,medium
16708f50321595de0f82,공지사항 | 뉴스 | 메이플스토리,,,,medium
922ac84282ec158c6888,공지사항 | 뉴스 | 메이플스토리,,,,medium
aa744155e9e305d4277d,공지사항 | 뉴스 | 메이플스토리,,,,medium
69d2aa2ee7105d585c9e,공지사항 | 뉴스 | 메이플스토리,,,,medium
7660008a32b30759466d,공지사항 | 뉴스 | 메이플스토리,,,,medium
955c50a2981ff055c314,공지사항 | 뉴스 | 메이플스토리,,,,medium
7c663e258c139fbd9b59,공지사항 | 뉴스 | 메이플스토리,,,,medium
c51695c787b4307f0b03,공지사항 | 뉴스 | 메이플스토리,,,,medium
a7d032c0e274bfcb38b1,공지사항 | 뉴스 | 메이플스토리,,,,medium
f6279e60cb6a1b8fff48,공지사항 | 뉴스 | 메이플스토리,,,,medium
c727a9fc14bb8457a16b,공지사항 | 뉴스 | 메이플스토리,,,,medium
4fef09e87a583d9eee8c,공지사항 | 뉴스 | 메이플스토리,,,,medium
7e5326a72768c81549a3,공지사항 | 뉴스 | 메이플스토리,,,,medium
c304a7629d7b13f84567,공지사항 | 뉴스 | 메이플스토리,,,,medium
c121bc25ff082b5a974d,공지사항 | 뉴스 | 메이플스토리,,,,medium
6ce856de0967489fbee4,공지사항 | 뉴스 | 메이플스토리,,,,medium
e3bda363e3379b8278e2,공지사항 | 뉴스 | 메이플스토리,,,,medium
d18e011c01fa5ba9a4c7,공지사항 | 뉴스 | 메이플스토리,,,,medium
1616aa6bc9a6ff59bdf7,공지사항 | 뉴스 | 메이플스토리,,,,medium
353dd940208f04dc5842,공지사항 | 뉴스 | 메이플스토리,,,,medium
fe18d2c3c802e1339c3b,공지사항 | 뉴스 | 메이플스토리,,,,medium
34a7b2f4df585712f72b,공지사항 | 뉴스 | 메이플스토리,,,,medium
a25ea882e9cfd4b38752,공지사항 | 뉴스 | 메이플스토리,,,,medium
0a152cb763211f046e73,공지사항 | 뉴스 | 메이플스토리,,,,medium
404ff9922209da707a7d,공지사항 | 뉴스 | 메이플스토리,,,,medium
708573ad0a3bbb72cc2f,공지사항 | 뉴스 | 메이플스토리,,,,medium
13491c650c790e0afbc1,공지사항 | 뉴스 | 메이플스토리,,,,medium
ed0087e7a3fe3f7851b9,공지사항 | 뉴스 | 메이플스토리,,,,medium
e547bb57f531232854e4,공지사항 | 뉴스 | 메이플스토리,,,,medium
a2f07f9546addc1b3572,공지사항 | 뉴스 | 메이플스토리,,,,medium
0a3dcaed7d722144befb,공지사항 | 뉴스 | 메이플스토리,,,,medium
670a7e1dcb045db88c36,공지사항 | 뉴스 | 메이플스토리,,,,medium
62bb67f475c51a703a12,공지사항 | 뉴스 | 메이플스토리,,,,medium
7d9a260ccfc7348bc307,공지사항 | 뉴스 | 메이플스토리,,,,medium
6cdc66ec9343b9aa09da,공지사항 | 뉴스 | 메이플스토리,,,,medium
1cb70363b5d6c587230c,공지사항 | 뉴스 | 메이플스토리,,,,medium
5746361187b071e6d4c4,공지사항 | 뉴스 | 메이플스토리,,,,medium
6466839c1236bedf2010,공지사항 | 뉴스 | 메이플스토리,,,,medium
46c4805de903f9977733,공지사항 | 뉴스 | 메이플스토리,,,,medium
ef206f21b5fc3e330193,공지사항 | 뉴스 | 메이플스토리,,,,medium
e6e337ebe2d3b08b350f,공지사항 | 뉴스 | 메이플스토리,,,,medium
14ab16206e536b1a0c46,공지사항 | 뉴스 | 메이플스토리,,,,medium
b3bcfb12f0e565002dd8,공지사항 | 뉴스 | 메이플스토리,,,,medium
32c3be5c1d1476c80373,공지사항 | 뉴스 | 메이플스토리,,,,medium
d259826f5cff7441e505,공지사항 | 뉴스 | 메이플스토리,,,,medium
f4ec3814fefdab8430f7,공지사항 | 뉴스 | 메이플스토리,,,,medium
5195e9560e451f590b64,공지사항 | 뉴스 | 메이플스토리,,,,medium
0c8351d90218227a37ca,공지사항 | 뉴스 | 메이플스토리,,,,medium
903d278a944019e0f831,공지사항 | 뉴스 | 메이플스토리,,,,medium
d1d23cc566cb9f2b21fa,공지사항 | 뉴스 | 메이플스토리,,,,medium
5a24c14038cdbf48aa89,공지사항 | 뉴스 | 메이플스토리,,,,medium
80f8829b730a60a2aadd,공지사항 | 뉴스 | 메이플스토리,,,,medium
841e8662e615a9b995c7,공지사항 | 뉴스 | 메이플스토리,,,,medium
edd6576fcf3c45feb8d4,공지사항 | 뉴스 | 메이플스토리,,,,medium
0968bafe98b4adc39927,공지사항 | 뉴스 | 메이플스토리,,,,medium
321ee0c2163cc797de9f,공지사항 | 뉴스 | 메이플스토리,,,,medium
6428c95a9509ae765df3,공지사항 | 뉴스 | 메이플스토리,,,,medium
b275a1e5aded3cc8d9cb,공지사항 | 뉴스 | 메이플스토리,,,,medium
3e40f6288a485118dd38,공지사항 | 뉴스 | 메이플스토리,,,,medium
dd18e796de56bee218af,공지사항 | 뉴스 | 메이플스토리,,,,medium
632e82b696fcae25e2ea,공지사항 | 뉴스 | 메이플스토리,,,,medium
755593783658df0863fa,공지사항 | 뉴스 | 메이플스토리,,,,medium
6b45251e06939937a5af,공지사항 | 뉴스 | 메이플스토리,,,,medium
51c06e4e0c6576bf9a4a,공지사항 | 뉴스 | 메이플스토리,,,,medium
98c0f02c90721ca70233,공지사항 | 뉴스 | 메이플스토리,,,,medium
b55b495cb4b68a961e8a,공지사항 | 뉴스 | 메이플스토리,,,,medium
8f0fae33d4201ebebd76,공지사항 | 뉴스 | 메이플스토리,,,,medium
f61c3f1b4f99ec6f3322,공지사항 | 뉴스 | 메이플스토리,,,,medium
85ddf40afc2d008c3c01,공지사항 | 뉴스 | 메이플스토리,,,,medium
19f84edbfe5f3114238b,공지사항 | 뉴스 | 메이플스토리,,,,medium
89d61507848eed0f9443,공지사항 | 뉴스 | 메이플스토리,,,,medium
ef4d72802c37df38f87b,공지사항 | 뉴스 | 메이플스토리,,,,medium
182657ec86ee0ca40546,공지사항 | 뉴스 | 메이플스토리,,,,medium
bf61e52c72ecd6d858e1,공지사항 | 뉴스 | 메이플스토리,,,,medium
7a9f605cfd4672ab4c2e,공지사항 | 뉴스 | 메이플스토리,,,,medium
9aaec6f5ade6a3620486,공지사항 | 뉴스 | 메이플스토리,,,,medium
d07c4f543f851c27ca66,공지사항 | 뉴스 | 메이플스토리,,,,medium
6108a63c0d2c3f3430ee,공지사항 | 뉴스 | 메이플스토리,,,,medium
9ed9c9b9108557e972e1,공지사항 | 뉴스 | 메이플스토리,,,,medium
ae5863acdd94934f991d,공지사항 | 뉴스 | 메이플스토리,,,,medium
e11a06d6fd9f24c9c2ef,공지사항 | 뉴스 | 메이플스토리,,,,medium
891b4d5f087140ae41c1,공지사항 | 뉴스 | 메이플스토리,,,,medium
5c6cbaeec3ff69824ae3,공지사항 | 뉴스 | 메이플스토리,,,,medium
62366989b350fe654ea3,공지사항 | 뉴스 | 메이플스토리,,,,medium
087fedf7a488fa37737d,공지사항 | 뉴스 | 메이플스토리,,,,medium
9d63f614cc674e42bccb,공지사항 | 뉴스 | 메이플스토리,,,,medium
dd4eacae8b5b8c58cf9b,공지사항 | 뉴스 | 메이플스토리,,,,medium
704a8656081c123e06d4,공지사항 | 뉴스 | 메이플스토리,,,,medium
7686202fb21eabdbab7d,공지사항 | 뉴스 | 메이플스토리,,,,medium
289e4cf03d728bfd9512,공지사항 | 뉴스 | 메이플스토리,,,,medium
744aa0f7bc87233f6509,공지사항 | 뉴스 | 메이플스토리,,,,medium
981dd753e30a12f0969f,공지사항 | 뉴스 | 메이플스토리,,,,medium
bcbe8872667a07905790,공지사항 | 뉴스 | 메이플스토리,,,,medium
176bf1ab2579d0890d94,공지사항 | 뉴스 | 메이플스토리,,,,medium
693c5421ae0b3cb0959d,공지사항 | 뉴스 | 메이플스토리,,,,medium
c505d6672fb5df3f4821,공지사항 | 뉴스 | 메이플스토리,,,,medium
33710b3923173714792a,공지사항 | 뉴스 | 메이플스토리,,,,medium
fac1cfefe99c63626b2f,공지사항 | 뉴스 | 메이플스토리,,,,medium
59ed684a77d64e9b2820,공지사항 | 뉴스 | 메이플스토리,,,,medium
674c19e8f377431f9137,공지사항 | 뉴스 | 메이플스토리,,,,medium
0c9fe87dc639a896c0d5,공지사항 | 뉴스 | 메이플스토리,,,,medium
d3f20c7fba33d0cd71eb,공지사항 | 뉴스 | 메이플스토리,,,,medium
4bfeac02fab39a8e82d5,공지사항 | 뉴스 | 메이플스토리,,,,medium
bdb4b1682ec4e0154ee8,공지사항 | 뉴스 | 메이플스토리,,,,medium
510b1fa4528e60ff09df,공지사항 | 뉴스 | 메이플스토리,,,,medium
5fd35447323732e367b8,공지사항 | 뉴스 | 메이플스토리,,,,medium
0683d9e4589e4f676b9d,공지사항 | 뉴스 | 메이플스토리,,,,medium
9a9114dbcd67717ac866,공지사항 | 뉴스 | 메이플스토리,,,,medium
95ba8a20c873c53ea85d,공지사항 | 뉴스 | 메이플스토리,,,,medium
191b7146e8f1421f8a65,공지사항 | 뉴스 | 메이플스토리,,,,medium
9a97abd57e89f493bc3a,공지사항 | 뉴스 | 메이플스토리,,,,medium
266aee57315d288c215b,공지사항 | 뉴스 | 메이플스토리,,,,medium
2a4147f4f2ce628f8690,공지사항 | 뉴스 | 메이플스토리,,,,medium
100efef72cfcd2c722b6,공지사항 | 뉴스 | 메이플스토리,,,,medium
d3594b8e7b7fb8ca53f0,공지사항 | 뉴스 | 메이플스토리,,,,medium
77060d68a3056f37dca0,공지사항 | 뉴스 | 메이플스토리,,,,medium
e6d439fd805fc398996f,공지사항 | 뉴스 | 메이플스토리,,,,medium
fbfe48aab9f1f080c807,공지사항 | 뉴스 | 메이플스토리,,,,medium
7180f267c76c71e908cb,공지사항 | 뉴스 | 메이플스토리,,,,medium
1dcb505cc63f67d7bff6,공지사항 | 뉴스 | 메이플스토리,,,,medium
ca121d73b9ba3d3a53f6,공지사항 | 뉴스 | 메이플스토리,,,,medium
845913bef62b9a7c8632,공지사항 | 뉴스 | 메이플스토리,,,,medium
da1f3948e7d3b789c842,공지사항 | 뉴스 | 메이플스토리,,,,medium
38b07e34e2e171549e8c,공지사항 | 뉴스 | 메이플스토리,,,,medium
b569b68b62ad268a660b,공지사항 | 뉴스 | 메이플스토리,,,,medium
d9a6df3de5ea20f2aa37,공지사항 | 뉴스 | 메이플스토리,,,,medium
e07f78f086cdb39267ac,공지사항 | 뉴스 | 메이플스토리,,,,medium
96a72399f9175c9e690e,공지사항 | 뉴스 | 메이플스토리,,,,medium
5cd80489f0db4caaed72,공지사항 | 뉴스 | 메이플스토리,,,,medium
40ca7f445505c8310df6,공지사항 | 뉴스 | 메이플스토리,,,,medium
df5463b78ff75fce8671,공지사항 | 뉴스 | 메이플스토리,,,,medium
dfbbbea043a8b9612f04,공지사항 | 뉴스 | 메이플스토리,,,,medium
a67b336f4be5e301b356,공지사항 | 뉴스 | 메이플스토리,,,,medium
d954b7259ec75714e049,공지사항 | 뉴스 | 메이플스토리,,,,medium
189acc89fbc97ad1fd83,공지사항 | 뉴스 | 메이플스토리,,,,medium
faed893d58ac76379f03,공지사항 | 뉴스 | 메이플스토리,,,,medium
bbe02c237dec71c3a597,공지사항 | 뉴스 | 메이플스토리,,,,medium
fab453faca03b5cb3b5c,공지사항 | 뉴스 | 메이플스토리,,,,medium
fb173a305af6be7b58a2,공지사항 | 뉴스 | 메이플스토리,,,,medium
fbfe7bd2d537a930a1e5,공지사항 | 뉴스 | 메이플스토리,,,,medium
73aad8a75b326a5661fb,공지사항 | 뉴스 | 메이플스토리,,,,medium
d0b95f2cbafbc02513b0,공지사항 | 뉴스 | 메이플스토리,,,,medium
5773c65c690c03b663bb,공지사항 | 뉴스 | 메이플스토리,,,,medium
3cd80cc8989fd4f308eb,공지사항 | 뉴스 | 메이플스토리,,,,medium
bb27792d7641a94e2928,공지사항 | 뉴스 | 메이플스토리,,,,medium
66848dee0b1127c26dd7,공지사항 | 뉴스 | 메이플스토리,,,,medium
38c09b0480011425cb57,공지사항 | 뉴스 | 메이플스토리,,,,medium
b4b6ed69ffb02c8b74da,공지사항 | 뉴스 | 메이플스토리,,,,medium
684aabcd3ad048eb9365,공지사항 | 뉴스 | 메이플스토리,,,,medium
7554daf756d4680ac06b,공지사항 | 뉴스 | 메이플스토리,,,,medium
847dcb7c0a51ef3662f1,공지사항 | 뉴스 | 메이플스토리,,,,medium
a0df73d692e211dc5ff7,공지사항 | 뉴스 | 메이플스토리,,,,medium
d78172b5c36c0716f225,공지사항 | 뉴스 | 메이플스토리,,,,medium
0fe48b1082a00ff1da3a,공지사항 | 뉴스 | 메이플스토리,,,,medium
dfb99afd1746649d0f35,공지사항 | 뉴스 | 메이플스토리,,,,medium
6fc04403db9f58ed0313,공지사항 | 뉴스 | 메이플스토리,,,,medium
0230edb9db561ace1432,공지사항 | 뉴스 | 메이플스토리,,,,medium
25b6483f6597ffb13494,공지사항 | 뉴스 | 메이플스토리,,,,medium
094069ff2b94541216a2,공지사항 | 뉴스 | 메이플스토리,,,,medium
7d0f0f4d21bb6006cb70,공지사항 | 뉴스 | 메이플스토리,,,,medium
5622566c37fef2a73616,공지사항 | 뉴스 | 메이플스토리,,,,medium
4a997f0ac3e0dda8663f,공지사항 | 뉴스 | 메이플스토리,,,,medium
fba7138830e5a553593f,공지사항 | 뉴스 | 메이플스토리,,,,medium
dd102c26667b99144e89,공지사항 | 뉴스 | 메이플스토리,,,,medium
6af8f5d207316912f225,공지사항 | 뉴스 | 메이플스토리,,,,medium
20315c900e8c4538b200,공지사항 | 뉴스 | 메이플스토리,,,,medium
9f06a4b0723eab324bd5,공지사항 | 뉴스 | 메이플스토리,,,,medium
fc1a043f85fc83c1eea0,공지사항 | 뉴스 | 메이플스토리,,,,medium
eef73a0037f94d2d8cba,공지사항 | 뉴스 | 메이플스토리,,,,medium
3bd17bc3417033ab0d20,공지사항 | 뉴스 | 메이플스토리,,,,medium
a45ab9d65d30c0c82856,공지사항 | 뉴스 | 메이플스토리,,,,medium
6d13670cde3263c655a3,공지사항 | 뉴스 | 메이플스토리,,,,medium
0db1187723db6a7a773b,공지사항 | 뉴스 | 메이플스토리,,,,medium
98a8b9a757d8038604c9,공지사항 | 뉴스 | 메이플스토리,,,,medium
229263e22a76676e17a9,공지사항 | 뉴스 | 메이플스토리,,,,medium
1822e663bce462bec9de,공지사항 | 뉴스 | 메이플스토리,,,,medium
9c9256459f61d154ec7e,공지사항 | 뉴스 | 메이플스토리,,,,medium
eff544622065580edf66,공지사항 | 뉴스 | 메이플스토리,,,,medium
64b220b07b681c3f5021,공지사항 | 뉴스 | 메이플스토리,,,,medium
aa7539f6e7670e399ed3,공지사항 | 뉴스 | 메이플스토리,,,,medium
86b2d4f90459019a1c55,공지사항 | 뉴스 | 메이플스토리,,,,medium
6b7ba393fce04465076e,공지사항 | 뉴스 | 메이플스토리,,,,medium
8d478ee355c0d2da5417,공지사항 | 뉴스 | 메이플스토리,,,,medium
fc21e850c8b55dfa3941,공지사항 | 뉴스 | 메이플스토리,,,,medium
037be9d678ab5790e348,공지사항 | 뉴스 | 메이플스토리,,,,medium
c37f89013c53104ac08d,공지사항 | 뉴스 | 메이플스토리,,,,medium
7979faf8b51a95108118,공지사항 | 뉴스 | 메이플스토리,,,,medium
9c7fca459a9f172b9f61,공지사항 | 뉴스 | 메이플스토리,,,,medium
531a4a0c20805feeca82,공지사항 | 뉴스 | 메이플스토리,,,,medium
197d40e51f916cc049ab,공지사항 | 뉴스 | 메이플스토리,,,,medium
81845b51a133145f8d83,공지사항 | 뉴스 | 메이플스토리,,,,medium
dc1cbc6d542a26fddcd4,공지사항 | 뉴스 | 메이플스토리,,,,medium
0afb78ea36e2695bfc24,공지사항 | 뉴스 | 메이플스토리,,,,medium
cc6a7582574579af466d,공지사항 | 뉴스 | 메이플스토리,,,,medium
97cd4b7f943534a6ca16,공지사항 | 뉴스 | 메이플스토리,,,,medium
93c6cfbe5b2fbf548b6a,공지사항 | 뉴스 | 메이플스토리,,,,medium
909b094d20589b35218d,공지사항 | 뉴스 | 메이플스토리,,,,medium
c06ddeef1f81c3e9a2db,공지사항 | 뉴스 | 메이플스토리,,,,medium
781b4edd14236fb41405,공지사항 | 뉴스 | 메이플스토리,,,,medium
0d0e7b131697b19e3bed,공지사항 | 뉴스 | 메이플스토리,,,,medium
f01128981cdc978fed85,공지사항 | 뉴스 | 메이플스토리,,,,medium
fb8e40fd42cba72b79e1,공지사항 | 뉴스 | 메이플스토리,,,,medium
a62c3bbbbf09f616ff20,공지사항 | 뉴스 | 메이플스토리,,,,medium
d421408f813a11430804,공지사항 | 뉴스 | 메이플스토리,,,,medium
f84752364ddef8f83bd8,공지사항 | 뉴스 | 메이플스토리,,,,medium
8cf13ef9b81820cfd6a1,공지사항 | 뉴스 | 메이플스토리,,,,medium
d51a8ea7dc73e240e9e9,공지사항 | 뉴스 | 메이플스토리,,,,medium
bfd0a6c01f2cdd3f9ed9,공지사항 | 뉴스 | 메이플스토리,,,,medium
14c4777c1746ffbf821b,공지사항 | 뉴스 | 메이플스토리,,,,medium
b6fa54e266bc1df7802c,공지사항 | 뉴스 | 메이플스토리,,,,medium
28c3a52cadf7e6a156b8,공지사항 | 뉴스 | 메이플스토리,,,,medium
17b624cac073e97ea41c,공지사항 | 뉴스 | 메이플스토리,,,,medium
a89a8812f437683e276a,공지사항 | 뉴스 | 메이플스토리,,,,medium
dcb281aca6d6cb18ceba,공지사항 | 뉴스 | 메이플스토리,,,,medium
ca9e7a4eedc14feec159,공지사항 | 뉴스 | 메이플스토리,,,,medium
d1cbd081caf4c493aeb5,공지사항 | 뉴스 | 메이플스토리,,,,medium
0e98090fd6bb20fc9fba,공지사항 | 뉴스 | 메이플스토리,,,,medium
ec88553a36026b3a08fc,공지사항 | 뉴스 | 메이플스토리,,,,medium
4780f1a215e1db9c5258,공지사항 | 뉴스 | 메이플스토리,,,,medium
15a3dd1d2e5cb9883933,공지사항 | 뉴스 | 메이플스토리,,,,medium
23f9d858ff3525ce63ef,공지사항 | 뉴스 | 메이플스토리,,,,medium
405576b34fd822806f1d,공지사항 | 뉴스 | 메이플스토리,,,,medium
26b27b3c4540f199090a,공지사항 | 뉴스 | 메이플스토리,,,,medium
1713a556c50ea8b8fabf,공지사항 | 뉴스 | 메이플스토리,,,,medium
b698126ea2db8f2b446c,공지사항 | 뉴스 | 메이플스토리,,,,medium
f123018e0fba1fd65690,공지사항 | 뉴스 | 메이플스토리,,,,medium
3524bcb53fe37ca8e67e,공지사항 | 뉴스 | 메이플스토리,,,,medium
ca68eba7bf8ff5a81092,공지사항 | 뉴스 | 메이플스토리,,,,medium
f1be007237a112438221,공지사항 | 뉴스 | 메이플스토리,,,,medium
6a9d01b551877572aa76,공지사항 | 뉴스 | 메이플스토리,,,,medium
d07ae941888a32612d09,공지사항 | 뉴스 | 메이플스토리,,,,medium
25f9dbd5514beb6436d6,공지사항 | 뉴스 | 메이플스토리,,,,medium
d991a47efc3b370d441a,공지사항 | 뉴스 | 메이플스토리,,,,medium
e1de768e45fa2bda81e7,공지사항 | 뉴스 | 메이플스토리,,,,medium
737361af922b9cb02605,공지사항 | 뉴스 | 메이플스토리,,,,medium
d04c022542f8c1d3e2b7,공지사항 | 뉴스 | 메이플스토리,,,,medium
be3beccd832d69833c09,공지사항 | 뉴스 | 메이플스토리,,,,medium
c9361c8bd3527659e473,공지사항 | 뉴스 | 메이플스토리,,,,medium
33ff16fa2501f102a974,공지사항 | 뉴스 | 메이플스토리,,,,medium
6d3276c4107dc830b3e1,공지사항 | 뉴스 | 메이플스토리,,,,medium
e4269907e2d07d6308c8,공지사항 | 뉴스 | 메이플스토리,,,,medium
14d8a7a94e3abf58705e,공지사항 | 뉴스 | 메이플스토리,,,,medium
12cac47cd3f4eda77c4a,공지사항 | 뉴스 | 메이플스토리,,,,medium
1a63ce2c464b7b22c7d8,공지사항 | 뉴스 | 메이플스토리,,,,medium
b853453638f56b2402d9,공지사항 | 뉴스 | 메이플스토리,,,,medium
dc1581b04644a8c9c00a,공지사항 | 뉴스 | 메이플스토리,,,,medium
a6f664ff2eb26d40e30c,공지사항 | 뉴스 | 메이플스토리,,,,medium
f1b3e8e6459c378acd99,공지사항 | 뉴스 | 메이플스토리,,,,medium
de57489f0791ec823378,공지사항 | 뉴스 | 메이플스토리,,,,medium
90ff8a62b9bad72022a8,공지사항 | 뉴스 | 메이플스토리,,,,medium
d5642af831f1265e4c34,공지사항 | 뉴스 | 메이플스토리,,,,medium
58e441b4fe1c78a99c07,공지사항 | 뉴스 | 메이플스토리,,,,medium
7bede24847c74b9d6bd4,공지사항 | 뉴스 | 메이플스토리,,,,medium
48ac3a58a031140e504a,공지사항 | 뉴스 | 메이플스토리,,,,medium
88a2360bf719559ad183,공지사항 | 뉴스 | 메이플스토리,,,,medium
e33282a639b29ff376a5,공지사항 | 뉴스 | 메이플스토리,,,,medium
ea9574b333e2265eb72e,공지사항 | 뉴스 | 메이플스토리,,,,medium
37f9a91081b79b1a90fb,공지사항 | 뉴스 | 메이플스토리,,,,medium
88a46b0bccaa7c7151cc,공지사항 | 뉴스 | 메이플스토리,,,,medium
d4e528c985657938815e,공지사항 | 뉴스 | 메이플스토리,,,,medium
c037a3d54cb5b5d9c468,공지사항 | 뉴스 | 메이플스토리,,,,medium
fc130557722bce3571fc,공지사항 | 뉴스 | 메이플스토리,,,,medium
a30819585a2a60bdd1f1,공지사항 | 뉴스 | 메이플스토리,,,,medium
35bd5a9dba34c66cefec,공지사항 | 뉴스 | 메이플스토리,,,,medium
6cc6237e459c3e607b59,공지사항 | 뉴스 | 메이플스토리,,,,medium
f46a88dfb66f1cb0f9bc,공지사항 | 뉴스 | 메이플스토리,,,,medium
c452a127ee8cc40177cd,공지사항 | 뉴스 | 메이플스토리,,,,medium
8bc53075d519bba0a43e,공지사항 | 뉴스 | 메이플스토리,,,,medium
258c8d01f93a054f6f77,공지사항 | 뉴스 | 메이플스토리,,,,medium
de4e189c0fc5f588683d,공지사항 | 뉴스 | 메이플스토리,,,,medium
3c89c3542ae66d355c7d,공지사항 | 뉴스 | 메이플스토리,,,,medium
177304f8ff50a335ad8f,공지사항 | 뉴스 | 메이플스토리,,,,medium
eb4bd5dbfde86d458391,공지사항 | 뉴스 | 메이플스토리,,,,medium
2c4027dbade6f2b99a64,공지사항 | 뉴스 | 메이플스토리,,,,medium
ee14d9efa9ae54a6fcc0,공지사항 | 뉴스 | 메이플스토리,,,,medium
3cb39b87f81d62a7572a,공지사항 | 뉴스 | 메이플스토리,,,,medium
b4da99b54494ea9602a0,공지사항 | 뉴스 | 메이플스토리,,,,medium
e73205bc0b712303d067,공지사항 | 뉴스 | 메이플스토리,,,,medium
fdb72bfd0edfabc8fac4,공지사항 | 뉴스 | 메이플스토리,,,,medium
fc310c33d1145a278bb7,공지사항 | 뉴스 | 메이플스토리,,,,medium
93cc6b8cc3e903207722,공지사항 | 뉴스 | 메이플스토리,,,,medium
a3bb175d9a8642a6b101,공지사항 | 뉴스 | 메이플스토리,,,,medium
319c043b1959c107b9ca,공지사항 | 뉴스 | 메이플스토리,,,,medium
80432e8d04e69d03ad83,공지사항 | 뉴스 | 메이플스토리,,,,medium
211bb51dd64a55904810,공지사항 | 뉴스 | 메이플스토리,,,,medium
8b9208274c21c67d447f,공지사항 | 뉴스 | 메이플스토리,,,,medium
ee1a1c1f9659eadb2f0e,공지사항 | 뉴스 | 메이플스토리,,,,medium
3f32e44f6207f3367d75,공지사항 | 뉴스 | 메이플스토리,,,,medium
b616f37983fe310986de,공지사항 | 뉴스 | 메이플스토리,,,,medium
4026e414b9c894cfbeca,공지사항 | 뉴스 | 메이플스토리,,,,medium
6afd8af32f7bc86f6f87,공지사항 | 뉴스 | 메이플스토리,,,,medium
2a52fc08d56054e71e71,공지사항 | 뉴스 | 메이플스토리,,,,medium
e014a5e9499a4dee0ec2,공지사항 | 뉴스 | 메이플스토리,,,,medium
dd2221af36514366dfe4,공지사항 | 뉴스 | 메이플스토리,,,,medium
a7c92490b99bef988e56,공지사항 | 뉴스 | 메이플스토리,,,,medium
400de0cf7fa03c95c273,공지사항 | 뉴스 | 메이플스토리,,,,medium
bb38acdda8bc2b1ffe4a,공지사항 | 뉴스 | 메이플스토리,,,,medium
c0c6846e54e6e4fe3fd4,공지사항 | 뉴스 | 메이플스토리,,,,medium
63cec1c16c78ec401cac,공지사항 | 뉴스 | 메이플스토리,,,,medium
b02232a026d7e3e6294c,공지사항 | 뉴스 | 메이플스토리,,,,medium
726c320e2a2b2d8a5b0c,공지사항 | 뉴스 | 메이플스토리,,,,medium
ca24f87847147f13cdf9,공지사항 | 뉴스 | 메이플스토리,,,,medium
ee76a55438319057065c,공지사항 | 뉴스 | 메이플스토리,,,,medium
47077433811282835a63,공지사항 | 뉴스 | 메이플스토리,,,,medium
947ec049f0a94d41cd90,공지사항 | 뉴스 | 메이플스토리,,,,medium
8e23c483b4011f5a067f,공지사항 | 뉴스 | 메이플스토리,,,,medium
85351262a08530329fb2,공지사항 | 뉴스 | 메이플스토리,,,,medium
446de0f6080f0e427b74,공지사항 | 뉴스 | 메이플스토리,,,,medium
c17d89d0430e46ea80bd,공지사항 | 뉴스 | 메이플스토리,,,,medium
6645d31e5e1cee46f541,공지사항 | 뉴스 | 메이플스토리,,,,medium
3843e0d1627a119890d2,공지사항 | 뉴스 | 메이플스토리,,,,medium
3f347d4d5f668498b854,공지사항 | 뉴스 | 메이플스토리,,,,medium
3a1262cfb4342e3e6c1b,공지사항 | 뉴스 | 메이플스토리,,,,medium
d4c8b507432be072561d,공지사항 | 뉴스 | 메이플스토리,,,,medium
26f80ddd4447aa539d1f,공지사항 | 뉴스 | 메이플스토리,,,,medium
56828f0c361dc741e5bf,공지사항 | 뉴스 | 메이플스토리,,,,medium
d68edd6110780fc7450d,공지사항 | 뉴스 | 메이플스토리,,,,medium
a195ac186253b0d7adb9,공지사항 | 뉴스 | 메이플스토리,,,,medium
b482426b8ad694fe74f9,공지사항 | 뉴스 | 메이플스토리,,,,medium
5884e05fdaafbef16f95,공지사항 | 뉴스 | 메이플스토리,,,,medium
35328cb32842fbcb8d4c,공지사항 | 뉴스 | 메이플스토리,,,,medium
a995e0cde1f775c8d6ef,공지사항 | 뉴스 | 메이플스토리,,,,medium
c52be5d324de014a373e,공지사항 | 뉴스 | 메이플스토리,,,,medium
514cf95c0806ae3e8f72,공지사항 | 뉴스 | 메이플스토리,,,,medium
29d2e345cc171478be96,공지사항 | 뉴스 | 메이플스토리,,,,medium
c82664c93cc9c6a7fff8,공지사항 | 뉴스 | 메이플스토리,,,,medium
37bbdc5d3f7d117cae0c,공지사항 | 뉴스 | 메이플스토리,,,,medium
daefad586d0852c64aa2,공지사항 | 뉴스 | 메이플스토리,,,,medium
47636b6888d026214d53,공지사항 | 뉴스 | 메이플스토리,,,,medium
50e602b5dfb5dc2e1a99,공지사항 | 뉴스 | 메이플스토리,,,,medium
19dc3f8c9300eaf553c2,공지사항 | 뉴스 | 메이플스토리,,,,medium
852f948c7a63f2e942fe,공지사항 | 뉴스 | 메이플스토리,,,,medium
222903f4b1e8b1e69449,공지사항 | 뉴스 | 메이플스토리,,,,medium
1052a51484f0c30d6a15,공지사항 | 뉴스 | 메이플스토리,,,,medium
c45cfe30314d5f312965,공지사항 | 뉴스 | 메이플스토리,,,,medium
54770fbd95820ecaadb2,공지사항 | 뉴스 | 메이플스토리,,,,medium
cba8364e65f7c1858872,공지사항 | 뉴스 | 메이플스토리,,,,medium
5c68bc2cc820066e5464,공지사항 | 뉴스 | 메이플스토리,,,,medium
201ef10960accbc8df2f,공지사항 | 뉴스 | 메이플스토리,,,,medium
171a7f7cc7716e434438,공지사항 | 뉴스 | 메이플스토리,,,,medium
ef3ba8d56e5eb2ffeec3,공지사항 | 뉴스 | 메이플스토리,,,,medium
8acbeb4972134e3ca52c,공지사항 | 뉴스 | 메이플스토리,,,,medium
490af066fb6aaa069056,공지사항 | 뉴스 | 메이플스토리,,,,medium
32ec60b24017eeeb0196,공지사항 | 뉴스 | 메이플스토리,,,,medium
7bc886f8e77845dd2141,공지사항 | 뉴스 | 메이플스토리,,,,medium
86e2582838b18cc7464a,공지사항 | 뉴스 | 메이플스토리,,,,medium
c6b2d5b51cf227896e5d,공지사항 | 뉴스 | 메이플스토리,,,,medium
6f460e43d636cec45e8d,공지사항 | 뉴스 | 메이플스토리,,,,medium
87032bcb69ab4d11146f,공지사항 | 뉴스 | 메이플스토리,,,,medium
af8f6bc1cfd78e9f2e2e,공지사항 | 뉴스 | 메이플스토리,,,,medium
0e0970122add8c40add6,공지사항 | 뉴스 | 메이플스토리,,,,medium
971ed40891bd4f9f97ad,공지사항 | 뉴스 | 메이플스토리,,,,medium
c8c010eb54f59e66d89c,공지사항 | 뉴스 | 메이플스토리,,,,medium
c6cc9457c1fc7ff31817,공지사항 | 뉴스 | 메이플스토리,,,,medium
5f35b464883440b2cb1f,공지사항 | 뉴스 | 메이플스토리,,,,medium
f7eff5f1ecea5711b60c,공지사항 | 뉴스 | 메이플스토리,,,,medium
e14fea8b7156ccc2c382,공지사항 | 뉴스 | 메이플스토리,,,,medium
7c511a10b6d17176f582,공지사항 | 뉴스 | 메이플스토리,,,,medium
646263407fa13eb5af77,공지사항 | 뉴스 | 메이플스토리,,,,medium
bde4d03142ddb0ffe128,공지사항 | 뉴스 | 메이플스토리,,,,medium
e34bcce9534979059c82,공지사항 | 뉴스 | 메이플스토리,,,,medium
eac72de4a0e0dbb007ad,공지사항 | 뉴스 | 메이플스토리,,,,medium
1eafebda156b9e9656cd,공지사항 | 뉴스 | 메이플스토리,,,,medium
0cbfb270f1c4d9e6ca60,공지사항 | 뉴스 | 메이플스토리,,,,medium
a62df22a48f394023148,공지사항 | 뉴스 | 메이플스토리,,,,medium
52d2a28250b741f33064,공지사항 | 뉴스 | 메이플스토리,,,,medium
c2e87f855a20bd50243d,공지사항 | 뉴스 | 메이플스토리,,,,medium
341b2ebbd0f38ade1f0d,공지사항 | 뉴스 | 메이플스토리,,,,medium
1cd0e92e2b74834d2d2e,공지사항 | 뉴스 | 메이플스토리,,,,medium
65e2367687b49d0e320b,공지사항 | 뉴스 | 메이플스토리,,,,medium
559f1732bb34cfa4b3df,공지사항 | 뉴스 | 메이플스토리,,,,medium
30fbf41997bdb11d05ca,공지사항 | 뉴스 | 메이플스토리,,,,medium
ea11ee44c826acbebeac,공지사항 | 뉴스 | 메이플스토리,,,,medium
82f36b8c0829b3563278,공지사항 | 뉴스 | 메이플스토리,,,,medium
34dc671cabc4d66fc62c,공지사항 | 뉴스 | 메이플스토리,,,,medium
23ab44d7c3e801a1f931,공지사항 | 뉴스 | 메이플스토리,,,,medium
541569626096f740a8e8,공지사항 | 뉴스 | 메이플스토리,,,,medium
dfabdf9880c14bd164b5,공지사항 | 뉴스 | 메이플스토리,,,,medium
f772a5b344e2c9b50918,공지사항 | 뉴스 | 메이플스토리,,,,medium
1796180221da037e611b,공지사항 | 뉴스 | 메이플스토리,,,,medium
bad41dc7e56b42ff128c,공지사항 | 뉴스 | 메이플스토리,,,,medium
ec5ba7bd9817606d2056,공지사항 | 뉴스 | 메이플스토리,,,,medium
58e2bda68bdfdf5a4758,공지사항 | 뉴스 | 메이플스토리,,,,medium
74d898840003e467e853,공지사항 | 뉴스 | 메이플스토리,,,,medium
2619478f4e0c6b015db6,공지사항 | 뉴스 | 메이플스토리,,,,medium
f752d9f0d9b200479f25,공지사항 | 뉴스 | 메이플스토리,,,,medium
f683c82601d77c39bab8,공지사항 | 뉴스 | 메이플스토리,,,,medium
2f1c6afcd6cc47d86c84,공지사항 | 뉴스 | 메이플스토리,,,,medium
12efcb44aab40dc1b359,공지사항 | 뉴스 | 메이플스토리,,,,medium
e62175e6c1f472146a8a,공지사항 | 뉴스 | 메이플스토리,,,,medium
e569a9d979a1641dca07,공지사항 | 뉴스 | 메이플스토리,,,,medium
2dcea9378013a010cb76,공지사항 | 뉴스 | 메이플스토리,,,,medium
e530c7ed71592f7836ef,공지사항 | 뉴스 | 메이플스토리,,,,medium
06ea2270872b0b7294ff,공지사항 | 뉴스 | 메이플스토리,,,,medium
496dce9207abca88f857,공지사항 | 뉴스 | 메이플스토리,,,,medium
3002a0afc565f37befba,공지사항 | 뉴스 | 메이플스토리,,,,medium
c410b8f24a6cae1f515f,공지사항 | 뉴스 | 메이플스토리,,,,medium
8ea17dc368b9a299bb68,공지사항 | 뉴스 | 메이플스토리,,,,medium
203080f4ad217088e9a9,공지사항 | 뉴스 | 메이플스토리,,,,medium
c488286c89b3b99d78a9,공지사항 | 뉴스 | 메이플스토리,,,,medium
38e21fa51be6f45ae5a0,공지사항 | 뉴스 | 메이플스토리,,,,medium
b2e0d32e6c9a3e47da33,공지사항 | 뉴스 | 메이플스토리,,,,medium
fb1938c640e2f134f284,공지사항 | 뉴스 | 메이플스토리,,,,medium
ae584c45120cadd5fccb,공지사항 | 뉴스 | 메이플스토리,,,,medium
d124d846d6a96c8975ff,공지사항 | 뉴스 | 메이플스토리,,,,medium
ac6df08f02013c5ed0e4,공지사항 | 뉴스 | 메이플스토리,,,,medium
d0d1b8149eb80517e904,공지사항 | 뉴스 | 메이플스토리,,,,medium
3ca973e0cf95380aebe9,공지사항 | 뉴스 | 메이플스토리,,,,medium
bd3301e17c743074ed41,공지사항 | 뉴스 | 메이플스토리,,,,medium
2b5a5c8215fe4e3c8a3e,공지사항 | 뉴스 | 메이플스토리,,,,medium
c8a23ccd28ab18a3d862,공지사항 | 뉴스 | 메이플스토리,,,,medium
11ca36270436bbd52941,공지사항 | 뉴스 | 메이플스토리,,,,medium
bb25a977f46122bd6918,공지사항 | 뉴스 | 메이플스토리,,,,medium
fb74309ff965ea98c177,공지사항 | 뉴스 | 메이플스토리,,,,medium
0ed201b2a177a5259365,공지사항 | 뉴스 | 메이플스토리,,,,medium
9cc108c0434aa4ab0cdf,공지사항 | 뉴스 | 메이플스토리,,,,medium
383fb5ec4232d034f22a,공지사항 | 뉴스 | 메이플스토리,,,,medium
30277d30d2880e733d22,공지사항 | 뉴스 | 메이플스토리,,,,medium
a166785d7f7133b97e93,공지사항 | 뉴스 | 메이플스토리,,,,medium
33be105042f97279cc4d,공지사항 | 뉴스 | 메이플스토리,,,,medium
d288b5a2c820a29f1a3d,공지사항 | 뉴스 | 메이플스토리,,,,medium
11246299e56b105e584c,공지사항 | 뉴스 | 메이플스토리,,,,medium
b47ffbce778eabed67fc,공지사항 | 뉴스 | 메이플스토리,,,,medium
d3c8017eec1ff7b713f5,공지사항 | 뉴스 | 메이플스토리,,,,medium
849558290514ecde8156,공지사항 | 뉴스 | 메이플스토리,,,,medium
0ce3a5219e873cb7e6b4,공지사항 | 뉴스 | 메이플스토리,,,,medium
ebfd5164d8b35e1f45a0,공지사항 | 뉴스 | 메이플스토리,,,,medium
97777ead78f461c3053c,공지사항 | 뉴스 | 메이플스토리,,,,medium
18c8503ea6b07ed54a6c,공지사항 | 뉴스 | 메이플스토리,,,,medium
cd20548774ec1355019d,공지사항 | 뉴스 | 메이플스토리,,,,medium
0feee4521be6213ea2e0,공지사항 | 뉴스 | 메이플스토리,,,,medium
08293a164a285a2125a8,공지사항 | 뉴스 | 메이플스토리,,,,medium
fd25fc0608fc745bb740,공지사항 | 뉴스 | 메이플스토리,,,,medium
edca22e2fcabef020541,공지사항 | 뉴스 | 메이플스토리,,,,medium
b7864fc5c8cdee9ab18c,공지사항 | 뉴스 | 메이플스토리,,,,medium
8e6e313b4709f810222f,공지사항 | 뉴스 | 메이플스토리,,,,medium
1c2640a2d4df47207532,공지사항 | 뉴스 | 메이플스토리,,,,medium
496882cbaf34ac90c56e,공지사항 | 뉴스 | 메이플스토리,,,,medium
b365baacffbe588bb703,공지사항 | 뉴스 | 메이플스토리,,,,medium
0672e2fb68cf6de40cb7,공지사항 | 뉴스 | 메이플스토리,,,,medium
4a57f1000bb7efb3a40f,공지사항 | 뉴스 | 메이플스토리,,,,medium
e649b844644c84294316,공지사항 | 뉴스 | 메이플스토리,,,,medium
51892c3201560b642743,공지사항 | 뉴스 | 메이플스토리,,,,medium
76c419dcc3615068f00c,공지사항 | 뉴스 | 메이플스토리,,,,medium
2a4498b7b040e205aef7,공지사항 | 뉴스 | 메이플스토리,,,,medium
ec802934de7a9d99628f,공지사항 | 뉴스 | 메이플스토리,,,,medium
746921a0117e516ae67f,공지사항 | 뉴스 | 메이플스토리,,,,medium
b9ba1256eff3c8609dc7,공지사항 | 뉴스 | 메이플스토리,,,,medium
2f0f216acf4f28bba962,공지사항 | 뉴스 | 메이플스토리,,,,medium
4232767f9c4104ea747b,공지사항 | 뉴스 | 메이플스토리,,,,medium
bdd5d35e10539ab8bb51,공지사항 | 뉴스 | 메이플스토리,,,,medium
58640f272d9409d5655b,공지사항 | 뉴스 | 메이플스토리,,,,medium
0eba9d82689aeb931650,공지사항 | 뉴스 | 메이플스토리,,,,medium
6e9e16cc5a5f9b68e56f,공지사항 | 뉴스 | 메이플스토리,,,,medium
e1b4d4172d1200a02afa,공지사항 | 뉴스 | 메이플스토리,,,,medium
9653ef892905330937ae,공지사항 | 뉴스 | 메이플스토리,,,,medium
6f956031b3c45dbd8186,공지사항 | 뉴스 | 메이플스토리,,,,medium
cf56b383ed92ae3def12,공지사항 | 뉴스 | 메이플스토리,,,,medium
2fb0fa6bbe7ba8d09e26,공지사항 | 뉴스 | 메이플스토리,,,,medium
1985d931816c038044dd,공지사항 | 뉴스 | 메이플스토리,,,,medium
d4436b8e7dc2ac71227b,공지사항 | 뉴스 | 메이플스토리,,,,medium
57b2b6e4f7dbaabfc116,공지사항 | 뉴스 | 메이플스토리,,,,medium
148d7b26449f82f30efe,공지사항 | 뉴스 | 메이플스토리,,,,medium
7e95711a573079c32de8,공지사항 | 뉴스 | 메이플스토리,,,,medium
0650854f0ab15e4a96b6,공지사항 | 뉴스 | 메이플스토리,,,,medium
69840d515e7eff1e8160,공지사항 | 뉴스 | 메이플스토리,,,,medium
8e4bc4d539c1452f35a9,공지사항 | 뉴스 | 메이플스토리,,,,medium
fd8e7822b94bccadcd75,공지사항 | 뉴스 | 메이플스토리,,,,medium
22896fde94e77e13203f,공지사항 | 뉴스 | 메이플스토리,,,,medium
bb4da5a6bc1091ee59f4,공지사항 | 뉴스 | 메이플스토리,,,,medium
77bb8813b640b46d7778,공지사항 | 뉴스 | 메이플스토리,,,,medium
0e6389b1194b2bde2b66,공지사항 | 뉴스 | 메이플스토리,,,,medium
d7096f576d52fc19755a,공지사항 | 뉴스 | 메이플스토리,,,,medium
0067aa9e2e0a2537b01a,공지사항 | 뉴스 | 메이플스토리,,,,medium
1fa33a47aeea3f35480f,공지사항 | 뉴스 | 메이플스토리,,,,medium
e7cc2cab6b921f7f890a,공지사항 | 뉴스 | 메이플스토리,,,,medium
b6510e1e19a1facac6e7,공지사항 | 뉴스 | 메이플스토리,,,,medium
5e843c45fed1c59da167,공지사항 | 뉴스 | 메이플스토리,,,,medium
b1bce6e9a7aab42030cd,공지사항 | 뉴스 | 메이플스토리,,,,medium
b7b44e4531fc900f1ab3,공지사항 | 뉴스 | 메이플스토리,,,,medium
a40834fd9f9f93ece8b8,공지사항 | 뉴스 | 메이플스토리,,,,medium
fba5193eb8af4d5ae000,공지사항 | 뉴스 | 메이플스토리,,,,medium
01fe4c403e75d246a9b5,공지사항 | 뉴스 | 메이플스토리,,,,medium
891fafacd92431682267,공지사항 | 뉴스 | 메이플스토리,,,,medium
d71dc2be404591f738fa,공지사항 | 뉴스 | 메이플스토리,,,,medium
6c6fc313d110f5e8fec0,공지사항 | 뉴스 | 메이플스토리,,,,medium
e1404531438a5303b016,공지사항 | 뉴스 | 메이플스토리,,,,medium
d1cfdbbda1e9bca32eb1,공지사항 | 뉴스 | 메이플스토리,,,,medium
65911ad881175790b12a,공지사항 | 뉴스 | 메이플스토리,,,,medium
f2f37fa0b47c28e6f7b7,공지사항 | 뉴스 | 메이플스토리,,,,medium
105946c1f990ff6aa7ce,공지사항 | 뉴스 | 메이플스토리,,,,medium
fa03ca121c03fe5ada71,공지사항 | 뉴스 | 메이플스토리,,,,medium
efa1469ba1fd059195b5,공지사항 | 뉴스 | 메이플스토리,,,,medium
e6daa3a81bb1eee42fd9,공지사항 | 뉴스 | 메이플스토리,,,,medium
29870513d876ff726387,공지사항 | 뉴스 | 메이플스토리,,,,medium
4ac855cde8c3deb57e85,공지사항 | 뉴스 | 메이플스토리,,,,medium
71c32e7392179ae12c77,공지사항 | 뉴스 | 메이플스토리,,,,medium
73a7223a3d76019a2b7b,공지사항 | 뉴스 | 메이플스토리,,,,medium
7098e90c3c0ecbd98299,공지사항 | 뉴스 | 메이플스토리,,,,medium
1d3257569eac0ecfc243,공지사항 | 뉴스 | 메이플스토리,,,,medium
277cb43da45625861dc3,공지사항 | 뉴스 | 메이플스토리,,,,medium
ad123d26b3c00b736147,공지사항 | 뉴스 | 메이플스토리,,,,medium
a00619b52763adfefbf2,공지사항 | 뉴스 | 메이플스토리,,,,medium
21ce31496533bb659940,공지사항 | 뉴스 | 메이플스토리,,,,medium
2d3b8e50cafe016c620b,공지사항 | 뉴스 | 메이플스토리,,,,medium
8ccde57ac94e33833c6f,공지사항 | 뉴스 | 메이플스토리,,,,medium
641e2006ff3e4f53e4b7,공지사항 | 뉴스 | 메이플스토리,,,,medium
dfd6ee5a86a9082e4440,공지사항 | 뉴스 | 메이플스토리,,,,medium
936b4f9c0d7b7ddd1cdf,공지사항 | 뉴스 | 메이플스토리,,,,medium
b13f61023d4ed2d9214e,공지사항 | 뉴스 | 메이플스토리,,,,medium
ad6e57c776c0f6ff3d5a,공지사항 | 뉴스 | 메이플스토리,,,,medium
2bb964cc669a47227e97,공지사항 | 뉴스 | 메이플스토리,,,,medium
818a577d227e6c77fff8,공지사항 | 뉴스 | 메이플스토리,,,,medium
a1e799765c595e9f1857,공지사항 | 뉴스 | 메이플스토리,,,,medium
645051222b93c23c5890,공지사항 | 뉴스 | 메이플스토리,,,,medium
6abd8df8dc617ec7aa15,공지사항 | 뉴스 | 메이플스토리,,,,medium
5a249f9fd35e07adc2d4,공지사항 | 뉴스 | 메이플스토리,,,,medium
05456dcbfbaff0351a10,공지사항 | 뉴스 | 메이플스토리,,,,medium
d88357b27bef9f0a93e8,공지사항 | 뉴스 | 메이플스토리,,,,medium
0b97dcf16f4aa69649db,공지사항 | 뉴스 | 메이플스토리,,,,medium
85b06bd434a831829315,공지사항 | 뉴스 | 메이플스토리,,,,medium
0040228624a92ffafa0d,공지사항 | 뉴스 | 메이플스토리,,,,medium
be673ad160e13ac4cf77,공지사항 | 뉴스 | 메이플스토리,,,,medium
f00129404dce8a37f310,공지사항 | 뉴스 | 메이플스토리,,,,medium
89d0e2da214fe33495a7,공지사항 | 뉴스 | 메이플스토리,,,,medium
761cba2dbb2230628c9d,공지사항 | 뉴스 | 메이플스토리,,,,medium
2a98b9c95a1944ff17d5,공지사항 | 뉴스 | 메이플스토리,,,,medium
8cc7c3c08be9081f11a1,공지사항 | 뉴스 | 메이플스토리,,,,medium
cf0662a8eb2160ae4055,공지사항 | 뉴스 | 메이플스토리,,,,medium
e5cba0533c1ebd044c28,공지사항 | 뉴스 | 메이플스토리,,,,medium
bbe72847c7a9177a9feb,공지사항 | 뉴스 | 메이플스토리,,,,medium
82b8a52dfe9f152015fd,공지사항 | 뉴스 | 메이플스토리,,,,medium
a318aca9cb8ddd762efb,공지사항 | 뉴스 | 메이플스토리,,,,medium
4c88b1f5a977b2a4ad5c,공지사항 | 뉴스 | 메이플스토리,,,,medium
6880a1c6381e58115a2a,공지사항 | 뉴스 | 메이플스토리,,,,medium
e7c77e774bbbe3693040,공지사항 | 뉴스 | 메이플스토리,,,,medium
9015664cf436784293a3,공지사항 | 뉴스 | 메이플스토리,,,,medium
c1e9939511e4de63cacf,공지사항 | 뉴스 | 메이플스토리,,,,medium
2f6e53c3a59c60fd3ead,공지사항 | 뉴스 | 메이플스토리,,,,medium
b9c3ba0b9baa9b58729b,공지사항 | 뉴스 | 메이플스토리,,,,medium
b39328b9b0528b02971a,공지사항 | 뉴스 | 메이플스토리,,,,medium
1d3f032c8eef21ca872d,공지사항 | 뉴스 | 메이플스토리,,,,medium
dfb5a0e19f727be63e08,공지사항 | 뉴스 | 메이플스토리,,,,medium
ef17dff687e532e5514e,공지사항 | 뉴스 | 메이플스토리,,,,medium
ed4bd28b446f57a3c66c,공지사항 | 뉴스 | 메이플스토리,,,,medium
734e975586809eb8097c,공지사항 | 뉴스 | 메이플스토리,,,,medium
2bc86a4fc27b6a4de13d,공지사항 | 뉴스 | 메이플스토리,,,,medium
7efe605610f3116ebeb6,공지사항 | 뉴스 | 메이플스토리,,,,medium
675ef87ec176eaffb8ff,공지사항 | 뉴스 | 메이플스토리,,,,medium
838005cb274b4fdbc801,공지사항 | 뉴스 | 메이플스토리,,,,medium
9e184d3bea7b6243551c,공지사항 | 뉴스 | 메이플스토리,,,,medium
e39b6fc7973230dcab26,공지사항 | 뉴스 | 메이플스토리,,,,medium
69028927712d2bf631fb,공지사항 | 뉴스 | 메이플스토리,,,,medium
09319e95ce8a0bf097a2,공지사항 | 뉴스 | 메이플스토리,,,,medium
f76966da056fef521b7e,공지사항 | 뉴스 | 메이플스토리,,,,medium
47d09b5a60980597a7aa,공지사항 | 뉴스 | 메이플스토리,,,,medium
f85240062c363f801e58,공지사항 | 뉴스 | 메이플스토리,,,,medium
4e2bf1a3643905f9fe64,공지사항 | 뉴스 | 메이플스토리,,,,medium
3f6e1af511f0f4f8e3f9,공지사항 | 뉴스 | 메이플스토리,,,,medium
f09f334ee9a1548466f0,공지사항 | 뉴스 | 메이플스토리,,,,medium
909124b69928d7da6efb,공지사항 | 뉴스 | 메이플스토리,,,,medium
e32500d4c163ea12c601,공지사항 | 뉴스 | 메이플스토리,,,,medium
7ffd75f07598b49a53a5,공지사항 | 뉴스 | 메이플스토리,,,,medium
0bb44be3596730062978,공지사항 | 뉴스 | 메이플스토리,,,,medium
5b32b0b1c8442aace681,공지사항 | 뉴스 | 메이플스토리,,,,medium
70d1c1e276d6aee0cdfb,공지사항 | 뉴스 | 메이플스토리,,,,medium
3eb028489729ca5be790,공지사항 | 뉴스 | 메이플스토리,,,,medium
306eb38656acd97b8e02,공지사항 | 뉴스 | 메이플스토리,,,,medium
bb21a126889c90eb6fee,공지사항 | 뉴스 | 메이플스토리,,,,medium
ff897db8ff7b2477fccf,공지사항 | 뉴스 | 메이플스토리,,,,medium
4deda2e22c7516c42712,공지사항 | 뉴스 | 메이플스토리,,,,medium
7acbd653999eee5cdc16,공지사항 | 뉴스 | 메이플스토리,,,,medium
e32497cf921c86ddfa47,공지사항 | 뉴스 | 메이플스토리,,,,medium
9a56af710fdb4a373978,공지사항 | 뉴스 | 메이플스토리,,,,medium
333c9a602d2b56b82ac2,공지사항 | 뉴스 | 메이플스토리,,,,medium
11169bb4578b58fa09cd,공지사항 | 뉴스 | 메이플스토리,,,,medium
41db1673d0b3321155be,공지사항 | 뉴스 | 메이플스토리,,,,medium
c225c119180df861695e,공지사항 | 뉴스 | 메이플스토리,,,,medium
534bdd9bcb89404f3d43,공지사항 | 뉴스 | 메이플스토리,,,,medium
53dd9ca01ce873df30df,공지사항 | 뉴스 | 메이플스토리,,,,medium
6672332660dea557620d,공지사항 | 뉴스 | 메이플스토리,,,,medium
e5baa07ff789db57a254,공지사항 | 뉴스 | 메이플스토리,,,,medium
e7eba531b5aa3c8a0994,공지사항 | 뉴스 | 메이플스토리,,,,medium
72f189dd7ba75772b6c6,공지사항 | 뉴스 | 메이플스토리,,,,medium
c2238a92d7be20a0acff,공지사항 | 뉴스 | 메이플스토리,,,,medium
22e8b3bd70617ae6328d,공지사항 | 뉴스 | 메이플스토리,,,,medium
ab7bf0ef76d9392bbc58,공지사항 | 뉴스 | 메이플스토리,,,,medium
9a2d8b9f62ab9b4f67ba,공지사항 | 뉴스 | 메이플스토리,,,,medium
c01534142108cc1869d0,공지사항 | 뉴스 | 메이플스토리,,,,medium
7e0b39a380fcab029565,공지사항 | 뉴스 | 메이플스토리,,,,medium
acfecaedd7cb94448d8b,공지사항 | 뉴스 | 메이플스토리,,,,medium
5c5cb259371ca3e282bc,공지사항 | 뉴스 | 메이플스토리,,,,medium
c9311b9195d41fb5500a,공지사항 | 뉴스 | 메이플스토리,,,,medium
9f967dac37fee3655474,공지사항 | 뉴스 | 메이플스토리,,,,medium
fef123d63aba766b5c61,공지사항 | 뉴스 | 메이플스토리,,,,medium
41443fba6fdd56481ce3,공지사항 | 뉴스 | 메이플스토리,,,,medium
a911543067e13f5c81c7,공지사항 | 뉴스 | 메이플스토리,,,,medium
7176be3554ce582c970c,공지사항 | 뉴스 | 메이플스토리,,,,medium
fd0bd6d95bc90acb8aa5,공지사항 | 뉴스 | 메이플스토리,,,,medium
1458409734865d2246b8,공지사항 | 뉴스 | 메이플스토리,,,,medium
f6ce196fb30be5064268,공지사항 | 뉴스 | 메이플스토리,,,,medium
a8a591eabf8c7c31fccd,공지사항 | 뉴스 | 메이플스토리,,,,medium
597cf295bb5119b55921,공지사항 | 뉴스 | 메이플스토리,,,,medium
6a20ae8ac226b69b8ca7,공지사항 | 뉴스 | 메이플스토리,,,,medium
0037d27a07087a95da8f,공지사항 | 뉴스 | 메이플스토리,,,,medium
6528a4dc784a9d86bc5b,공지사항 | 뉴스 | 메이플스토리,,,,medium
988b92422577b275d5c7,공지사항 | 뉴스 | 메이플스토리,,,,medium
824a0844e322b8ee85b3,공지사항 | 뉴스 | 메이플스토리,,,,medium
892545fe7f4451d4d046,공지사항 | 뉴스 | 메이플스토리,,,,medium
ca834287e1b57f4634c5,공지사항 | 뉴스 | 메이플스토리,,,,medium
0f97db77c94111186007,공지사항 | 뉴스 | 메이플스토리,,,,medium
90db5f66be2f7ff28ff6,공지사항 | 뉴스 | 메이플스토리,,,,medium
e598cf199118e50e2653,공지사항 | 뉴스 | 메이플스토리,,,,medium
10330c24d37bb6b77971,공지사항 | 뉴스 | 메이플스토리,,,,medium
057a5f4a39259371e921,공지사항 | 뉴스 | 메이플스토리,,,,medium
350185e79455f0830277,공지사항 | 뉴스 | 메이플스토리,,,,medium
e536a3a69b26a46e2f84,공지사항 | 뉴스 | 메이플스토리,,,,medium
bb383ea206be6425f045,공지사항 | 뉴스 | 메이플스토리,,,,medium
8ce1805a2baf02086cab,공지사항 | 뉴스 | 메이플스토리,,,,medium
f9cb35d74c5a799b3e8d,공지사항 | 뉴스 | 메이플스토리,,,,medium
3a5292bfd493b51f6716,공지사항 | 뉴스 | 메이플스토리,,,,medium
26eda28262ed1aebc6d6,공지사항 | 뉴스 | 메이플스토리,,,,medium
94993830bab9f4c59807,공지사항 | 뉴스 | 메이플스토리,,,,medium
c7b8271097e95592ad3d,공지사항 | 뉴스 | 메이플스토리,,,,medium
e3883e2c51f1d334c928,공지사항 | 뉴스 | 메이플스토리,,,,medium
54f3a58b1e57b22b74fd,공지사항 | 뉴스 | 메이플스토리,,,,medium
6dbc0c91056699fffc42,공지사항 | 뉴스 | 메이플스토리,,,,medium
6da1f3ad54e443b8ba5a,공지사항 | 뉴스 | 메이플스토리,,,,medium
621a63f1fde023a2fbaf,공지사항 | 뉴스 | 메이플스토리,,,,medium
778d453fb223128e07b7,공지사항 | 뉴스 | 메이플스토리,,,,medium
2600d6d872f2fa78141a,공지사항 | 뉴스 | 메이플스토리,,,,medium
7ab36c45f90423b9176e,공지사항 | 뉴스 | 메이플스토리,,,,medium
3ad190f3fbae177fa49d,공지사항 | 뉴스 | 메이플스토리,,,,medium
01d66015b1ae578ed4f1,공지사항 | 뉴스 | 메이플스토리,,,,medium
d7fb74120900c44fd785,공지사항 | 뉴스 | 메이플스토리,,,,medium
8cb9a91b0542f2616e0d,공지사항 | 뉴스 | 메이플스토리,,,,medium
2e2dd13b5a382c87ab59,공지사항 | 뉴스 | 메이플스토리,,,,medium
4339bec9931c9c8cb23f,공지사항 | 뉴스 | 메이플스토리,,,,medium
3a1793403043d0ed57c1,공지사항 | 뉴스 | 메이플스토리,,,,medium
ae60304fb68f7ea41829,공지사항 | 뉴스 | 메이플스토리,,,,medium
5913ac849a1ac663e169,공지사항 | 뉴스 | 메이플스토리,,,,medium
fd784b8c30a85126d287,공지사항 | 뉴스 | 메이플스토리,,,,medium
ea565f85328fa440c65c,공지사항 | 뉴스 | 메이플스토리,,,,medium
a2685c1ce3fe2a8f2bab,공지사항 | 뉴스 | 메이플스토리,,,,medium
72ee9660e8a32d7e17ea,공지사항 | 뉴스 | 메이플스토리,,,,medium
50269d9d1158b57f70fa,공지사항 | 뉴스 | 메이플스토리,,,,medium
15add37b7a7d8c25af5e,공지사항 | 뉴스 | 메이플스토리,,,,medium
e81373aac92f159987bc,공지사항 | 뉴스 | 메이플스토리,,,,medium
87f4fb27cbf015c6eeaf,공지사항 | 뉴스 | 메이플스토리,,,,medium
27b79cb84e60ebbd82f5,공지사항 | 뉴스 | 메이플스토리,,,,medium
1ff2b34091e749bde5f8,공지사항 | 뉴스 | 메이플스토리,,,,medium
8ac3b60d722ca9d720ff,공지사항 | 뉴스 | 메이플스토리,,,,medium
912ce13921ee45947167,공지사항 | 뉴스 | 메이플스토리,,,,medium
cf8450dcb294ef456ff2,공지사항 | 뉴스 | 메이플스토리,,,,medium
76a44a166f34e484463d,공지사항 | 뉴스 | 메이플스토리,,,,medium
1e788ca7867000b25be1,공지사항 | 뉴스 | 메이플스토리,,,,medium
7989bc4c56dd165c3fcc,공지사항 | 뉴스 | 메이플스토리,,,,medium
b76f8d0d1e283fb51c5d,공지사항 | 뉴스 | 메이플스토리,,,,medium
08aa879602e2805f269e,공지사항 | 뉴스 | 메이플스토리,,,,medium
2e749ec56bb7641e3ff6,공지사항 | 뉴스 | 메이플스토리,,,,medium
b578432ec3059278995e,공지사항 | 뉴스 | 메이플스토리,,,,medium
b2510127cd6d75ab2b41,공지사항 | 뉴스 | 메이플스토리,,,,medium
88e9876aa89801f9331b,공지사항 | 뉴스 | 메이플스토리,,,,medium
3caf6fdea9a97bc6ccfc,공지사항 | 뉴스 | 메이플스토리,,,,medium
eef385bf6482faea6a2f,공지사항 | 뉴스 | 메이플스토리,,,,medium
edfacd9d46e209434f49,공지사항 | 뉴스 | 메이플스토리,,,,medium
44f3756ce9629e0f1f41,공지사항 | 뉴스 | 메이플스토리,,,,medium
b24222a2ed4cbffd0dbd,공지사항 | 뉴스 | 메이플스토리,,,,medium
3a2138ca1ae3ad0980da,공지사항 | 뉴스 | 메이플스토리,,,,medium
1ee9458494af5ccc7de2,공지사항 | 뉴스 | 메이플스토리,,,,medium
a7dcde99694e0df96737,공지사항 | 뉴스 | 메이플스토리,,,,medium
9a0daf0f99877f74e485,공지사항 | 뉴스 | 메이플스토리,,,,medium
1da5b836a0d6b2b5e282,공지사항 | 뉴스 | 메이플스토리,,,,medium
6339018131eb9997d072,공지사항 | 뉴스 | 메이플스토리,,,,medium
2ef85c00ba608677f572,공지사항 | 뉴스 | 메이플스토리,,,,medium
03294c2b71adcd48863b,공지사항 | 뉴스 | 메이플스토리,,,,medium
8bd3cf7239a0e5f4c4a8,공지사항 | 뉴스 | 메이플스토리,,,,medium
2eea66210d69d10e08bc,공지사항 | 뉴스 | 메이플스토리,,,,medium
7defd5df73e44b4e422b,공지사항 | 뉴스 | 메이플스토리,,,,medium
2926911ad3c22cbc0c53,공지사항 | 뉴스 | 메이플스토리,,,,medium
4fe22696d53e4d706dba,공지사항 | 뉴스 | 메이플스토리,,,,medium
71edb8b211a27acc7c27,공지사항 | 뉴스 | 메이플스토리,,,,medium
26ff9fb76977d5151237,공지사항 | 뉴스 | 메이플스토리,,,,medium
3d516919be4b956f4690,공지사항 | 뉴스 | 메이플스토리,,,,medium
a502d47f5eca3d42ad7a,공지사항 | 뉴스 | 메이플스토리,,,,medium
6d2f5987e33ff6eaa494,공지사항 | 뉴스 | 메이플스토리,,,,medium
d187b88a549f47926b7c,공지사항 | 뉴스 | 메이플스토리,,,,medium
e6e02d497e08ddf50281,공지사항 | 뉴스 | 메이플스토리,,,,medium
50f44c2b9bf4b4bac95f,공지사항 | 뉴스 | 메이플스토리,,,,medium
c8340696b412a603c5b7,공지사항 | 뉴스 | 메이플스토리,,,,medium
4bc9013220fbbb4533ae,공지사항 | 뉴스 | 메이플스토리,,,,medium
44159ccb9ddba26aa12f,공지사항 | 뉴스 | 메이플스토리,,,,medium
0cfe5b8f5d7af3593be0,공지사항 | 뉴스 | 메이플스토리,,,,medium
c993f940334935ee621b,공지사항 | 뉴스 | 메이플스토리,,,,medium
a931f5968e80105a9670,공지사항 | 뉴스 | 메이플스토리,,,,medium
e48ecd31e7f7432d06f2,공지사항 | 뉴스 | 메이플스토리,,,,medium
b5a55262fe617964efd4,공지사항 | 뉴스 | 메이플스토리,,,,medium
2d2f09fefafe68a4815c,공지사항 | 뉴스 | 메이플스토리,,,,medium
7c139125bec0cd58060d,공지사항 | 뉴스 | 메이플스토리,,,,medium
361646c7a6b5cf0a2c69,공지사항 | 뉴스 | 메이플스토리,,,,medium
6d3b7fa31a0649d51d09,공지사항 | 뉴스 | 메이플스토리,,,,medium
32d091a298e020882136,공지사항 | 뉴스 | 메이플스토리,,,,medium
d18aa92373b99a064310,공지사항 | 뉴스 | 메이플스토리,,,,medium
21b38ff2c028a5ee3036,공지사항 | 뉴스 | 메이플스토리,,,,medium
f3fe4fd78a0888d5bb0d,공지사항 | 뉴스 | 메이플스토리,,,,medium
962c1cd1a99b80d73aa4,공지사항 | 뉴스 | 메이플스토리,,,,medium
8d7783b802d6c5ca3fc9,공지사항 | 뉴스 | 메이플스토리,,,,medium
db83edf0c9f2d935cd0b,공지사항 | 뉴스 | 메이플스토리,,,,medium
e933ccd2e3020fe00e09,공지사항 | 뉴스 | 메이플스토리,,,,medium
296bb01614918ae95f25,공지사항 | 뉴스 | 메이플스토리,,,,medium
513b907bd83d90eac64a,공지사항 | 뉴스 | 메이플스토리,,,,medium
36685714136a6f7e5a52,공지사항 | 뉴스 | 메이플스토리,,,,medium
c01c2fec1aade27df793,공지사항 | 뉴스 | 메이플스토리,,,,medium
315732eb9f6fa7b6b38c,공지사항 | 뉴스 | 메이플스토리,,,,medium
839c16ef5af209b5b671,공지사항 | 뉴스 | 메이플스토리,,,,medium
fd6ceb5c58bb2a44519a,공지사항 | 뉴스 | 메이플스토리,,,,medium
009bfb633833958fd83f,공지사항 | 뉴스 | 메이플스토리,,,,medium
823a22fd4603759ad305,공지사항 | 뉴스 | 메이플스토리,,,,medium
c969fc31d59a558e2c18,공지사항 | 뉴스 | 메이플스토리,,,,medium
79abef7dca6b649cd0c8,공지사항 | 뉴스 | 메이플스토리,,,,medium
4754b8d66e817853aacc,공지사항 | 뉴스 | 메이플스토리,,,,medium
d93aa96cf571a673d1dc,공지사항 | 뉴스 | 메이플스토리,,,,medium
0468eba2b1848c49cd1e,공지사항 | 뉴스 | 메이플스토리,,,,medium
9aef156c9506109e371c,공지사항 | 뉴스 | 메이플스토리,,,,medium
e4d4c8ead26b9b17a670,공지사항 | 뉴스 | 메이플스토리,,,,medium
43102ee07b6116d00996,공지사항 | 뉴스 | 메이플스토리,,,,medium
22da25ae3dd474910517,공지사항 | 뉴스 | 메이플스토리,,,,medium
d6fa5fccb2e70a34646b,공지사항 | 뉴스 | 메이플스토리,,,,medium
0ac4441db903d7e33478,공지사항 | 뉴스 | 메이플스토리,,,,medium
448c57adb679773fe43a,공지사항 | 뉴스 | 메이플스토리,,,,medium
dd34a91193fd71176e85,공지사항 | 뉴스 | 메이플스토리,,,,medium
9dfed9aa424a3b4c3916,공지사항 | 뉴스 | 메이플스토리,,,,medium
03cac2a8ae0c046ee178,공지사항 | 뉴스 | 메이플스토리,,,,medium
ce9c63dc35a04e0b7256,공지사항 | 뉴스 | 메이플스토리,,,,medium
39f9521447a41d24d980,공지사항 | 뉴스 | 메이플스토리,,,,medium
f8bba36f194b488adb3a,공지사항 | 뉴스 | 메이플스토리,,,,medium
f8f8329aac11dd1aec7b,공지사항 | 뉴스 | 메이플스토리,,,,medium
633f05531324004c7f35,공지사항 | 뉴스 | 메이플스토리,,,,medium
5f7b5112c3bfeaf1c261,공지사항 | 뉴스 | 메이플스토리,,,,medium
41bbea9c7f658677a3d0,공지사항 | 뉴스 | 메이플스토리,,,,medium
f14eaad37df08738e70d,공지사항 | 뉴스 | 메이플스토리,,,,medium
d5aa3f2ff0ee4ad092f4,공지사항 | 뉴스 | 메이플스토리,,,,medium
27f3cf7f08a943d47e75,공지사항 | 뉴스 | 메이플스토리,,,,medium
16c3c2e34bf0f845680d,공지사항 | 뉴스 | 메이플스토리,,,,medium
761794e6593bad02515d,공지사항 | 뉴스 | 메이플스토리,,,,medium
6e58e78a92cc290c39da,공지사항 | 뉴스 | 메이플스토리,,,,medium
99cdc6229b25e54accc7,공지사항 | 뉴스 | 메이플스토리,,,,medium
d7e7bae47a4a055ce9a8,공지사항 | 뉴스 | 메이플스토리,,,,medium
3ac80a011484d0604f9b,공지사항 | 뉴스 | 메이플스토리,,,,medium
208ab30507d0612d3773,공지사항 | 뉴스 | 메이플스토리,,,,medium
0d1a026dc4eea9b0c1b3,공지사항 | 뉴스 | 메이플스토리,,,,medium
2b56216e9487edf46b50,공지사항 | 뉴스 | 메이플스토리,,,,medium
a44718ed02badba21923,공지사항 | 뉴스 | 메이플스토리,,,,medium
07a9418d27a9898297b3,공지사항 | 뉴스 | 메이플스토리,,,,medium
8003cdb9b8215175471a,공지사항 | 뉴스 | 메이플스토리,,,,medium
25b4a5b9e582be5f3998,공지사항 | 뉴스 | 메이플스토리,,,,medium
2fe79398d1ce0daa9a75,공지사항 | 뉴스 | 메이플스토리,,,,medium
0239ab181c64fc22adb9,공지사항 | 뉴스 | 메이플스토리,,,,medium
10badca46fe0be7241c8,공지사항 | 뉴스 | 메이플스토리,,,,medium
acb69fed409c232e145b,공지사항 | 뉴스 | 메이플스토리,,,,medium
d7e07e3da3355fc8fb54,공지사항 | 뉴스 | 메이플스토리,,,,medium
e8dee989269d4e698cf9,공지사항 | 뉴스 | 메이플스토리,,,,medium
8fdad011922e2cc82b25,공지사항 | 뉴스 | 메이플스토리,,,,medium
f479bce39ca6e175e976,공지사항 | 뉴스 | 메이플스토리,,,,medium
de6c8022397945952a16,공지사항 | 뉴스 | 메이플스토리,,,,medium
d0698e543dd0c458ae8c,공지사항 | 뉴스 | 메이플스토리,,,,medium
b0b92b9791a8b0775e99,공지사항 | 뉴스 | 메이플스토리,,,,medium
6568c9eb53b40c017322,공지사항 | 뉴스 | 메이플스토리,,,,medium
59c41258e50a5bc9c662,공지사항 | 뉴스 | 메이플스토리,,,,medium
9792ef462253c0a69ca9,공지사항 | 뉴스 | 메이플스토리,,,,medium
be51384d441249354b59,공지사항 | 뉴스 | 메이플스토리,,,,medium
43d819ed79f7a48ef9c4,공지사항 | 뉴스 | 메이플스토리,,,,medium
fbe2d869553e94197bf9,공지사항 | 뉴스 | 메이플스토리,,,,medium
aaf6bdf4b5f75dffeff8,공지사항 | 뉴스 | 메이플스토리,,,,medium
643a7a9bee160b7c850c,공지사항 | 뉴스 | 메이플스토리,,,,medium
198b7c44cd2c64f34c02,공지사항 | 뉴스 | 메이플스토리,,,,medium
e212614961363c344a81,공지사항 | 뉴스 | 메이플스토리,,,,medium
7bfbbce1495f8023bd38,공지사항 | 뉴스 | 메이플스토리,,,,medium
f94a9b485375cc7fb810,공지사항 | 뉴스 | 메이플스토리,,,,medium
27950b39fa6b4ca902e3,공지사항 | 뉴스 | 메이플스토리,,,,medium
1350350160422c624fc4,공지사항 | 뉴스 | 메이플스토리,,,,medium
48e723a14b84f1506d4e,공지사항 | 뉴스 | 메이플스토리,,,,medium
4dbe20def70c9e4050f3,공지사항 | 뉴스 | 메이플스토리,,,,medium
dceaabadae43795eef85,공지사항 | 뉴스 | 메이플스토리,,,,medium
efc9224bc3eda049cd82,공지사항 | 뉴스 | 메이플스토리,,,,medium
10e8ba8562038881f445,공지사항 | 뉴스 | 메이플스토리,,,,medium
3cbf6f98b13a6345cd4a,공지사항 | 뉴스 | 메이플스토리,,,,medium
3c1964f47f18c87c3e19,공지사항 | 뉴스 | 메이플스토리,,,,medium
4be2d1cc3540a7756035,공지사항 | 뉴스 | 메이플스토리,,,,medium
3251794d6acaba1d81f5,공지사항 | 뉴스 | 메이플스토리,,,,medium
b5e84171df076aa7537b,공지사항 | 뉴스 | 메이플스토리,,,,medium
3fc96dc4bb7952b5ef12,공지사항 | 뉴스 | 메이플스토리,,,,medium
44379003e52a78de37b7,공지사항 | 뉴스 | 메이플스토리,,,,medium
3fd6bb7ed459c43ff455,공지사항 | 뉴스 | 메이플스토리,,,,medium
7662175a25d657c0105e,공지사항 | 뉴스 | 메이플스토리,,,,medium
a5af23642ffcd2b6918c,공지사항 | 뉴스 | 메이플스토리,,,,medium
d73a7ded9b5315bab5de,공지사항 | 뉴스 | 메이플스토리,,,,medium
293b6afa8a724ced4cbf,공지사항 | 뉴스 | 메이플스토리,,,,medium
62a3cc4eb260621ae47f,공지사항 | 뉴스 | 메이플스토리,,,,medium
fdfcfe21321edfb92672,공지사항 | 뉴스 | 메이플스토리,,,,medium
9eefe2fce47df55ee2db,공지사항 | 뉴스 | 메이플스토리,,,,medium
1ff7d29698f8a6a4159c,공지사항 | 뉴스 | 메이플스토리,,,,medium
b791fb1f291681f11461,공지사항 | 뉴스 | 메이플스토리,,,,medium
0adfbdf0df67f86e865e,공지사항 | 뉴스 | 메이플스토리,,,,medium
46cfe6fd2faa72bcfc81,공지사항 | 뉴스 | 메이플스토리,,,,medium
47baf0cdf8c4ba162133,공지사항 | 뉴스 | 메이플스토리,,,,medium
1dd816f6bcff35c14b9a,공지사항 | 뉴스 | 메이플스토리,,,,medium
8a026b119ffa30541977,공지사항 | 뉴스 | 메이플스토리,,,,medium
4841744c9f6bbe403c48,공지사항 | 뉴스 | 메이플스토리,,,,medium
95c236eb17b79ef84116,공지사항 | 뉴스 | 메이플스토리,,,,medium
fc575cc92e621bb3cf3f,공지사항 | 뉴스 | 메이플스토리,,,,medium
ae1378c6a2210fa14dc1,공지사항 | 뉴스 | 메이플스토리,,,,medium
7ac6c86687c8e1f86d85,공지사항 | 뉴스 | 메이플스토리,,,,medium
8de5a7a638db2627caf6,공지사항 | 뉴스 | 메이플스토리,,,,medium
454cfd7ee3153403b5a2,공지사항 | 뉴스 | 메이플스토리,,,,medium
552161e7df1393a3ee28,공지사항 | 뉴스 | 메이플스토리,,,,medium
05a8dd644f41ac87fe05,공지사항 | 뉴스 | 메이플스토리,,,,medium
00b788aadc411c9ea7c4,공지사항 | 뉴스 | 메이플스토리,,,,medium
7de622d36468e699c5d0,공지사항 | 뉴스 | 메이플스토리,,,,medium
8f303eaeb0fa5d150b18,공지사항 | 뉴스 | 메이플스토리,,,,medium
eaa32f1b80f14720514d,공지사항 | 뉴스 | 메이플스토리,,,,medium
cb2828c92564e5f08bb4,공지사항 | 뉴스 | 메이플스토리,,,,medium
84685e2719eef87aac7b,공지사항 | 뉴스 | 메이플스토리,,,,medium
92c56bcd30ceb01d2e66,공지사항 | 뉴스 | 메이플스토리,,,,medium
acc48248f165becb6b47,공지사항 | 뉴스 | 메이플스토리,,,,medium
3fc3d210aa4ad0d8ad5a,공지사항 | 뉴스 | 메이플스토리,,,,medium
8cc0f069ff7d401e8b99,공지사항 | 뉴스 | 메이플스토리,,,,medium
b84280f2e12d9f83233e,공지사항 | 뉴스 | 메이플스토리,,,,medium
bc5e7f7083b1c9ef158d,공지사항 | 뉴스 | 메이플스토리,,,,medium
26e2af7aa4486e974458,공지사항 | 뉴스 | 메이플스토리,,,,medium
f89d3b12037ea011001d,공지사항 | 뉴스 | 메이플스토리,,,,medium
b41cbc65c663df2f65d9,공지사항 | 뉴스 | 메이플스토리,,,,medium
03f927bc0691945e3997,공지사항 | 뉴스 | 메이플스토리,,,,medium
6a64e680ef2fdb6a4171,공지사항 | 뉴스 | 메이플스토리,,,,medium
e52d5fc559ab470a38cc,공지사항 | 뉴스 | 메이플스토리,,,,medium
673026e3f902f7fd27c8,공지사항 | 뉴스 | 메이플스토리,,,,medium
16d294e6fe47d9bcd2b4,공지사항 | 뉴스 | 메이플스토리,,,,medium
718c5619b601ff906dec,공지사항 | 뉴스 | 메이플스토리,,,,medium
000e76c3fe588f62bdb3,공지사항 | 뉴스 | 메이플스토리,,,,medium
cb1c97d8c4df5e02e70b,공지사항 | 뉴스 | 메이플스토리,,,,medium
1e8223da419fd9e27f65,공지사항 | 뉴스 | 메이플스토리,,,,medium
70d212a1e68b1794ec09,공지사항 | 뉴스 | 메이플스토리,,,,medium
e646d2759883f5f6676f,공지사항 | 뉴스 | 메이플스토리,,,,medium
f4d0ed6ef139ab408f85,공지사항 | 뉴스 | 메이플스토리,,,,medium
fe606517c100eb21c81c,공지사항 | 뉴스 | 메이플스토리,,,,medium
411e8be2e9808094672e,공지사항 | 뉴스 | 메이플스토리,,,,medium
5b122ae327c61bb67fea,공지사항 | 뉴스 | 메이플스토리,,,,medium
247a9ea7cc6afe09a62a,공지사항 | 뉴스 | 메이플스토리,,,,medium
1aab34d32df190c3bd8d,공지사항 | 뉴스 | 메이플스토리,,,,medium
676e162585b8d8de5fe8,공지사항 | 뉴스 | 메이플스토리,,,,medium
22ce2b20e2273a52846e,공지사항 | 뉴스 | 메이플스토리,,,,medium
359224696e3b3c3c9a50,공지사항 | 뉴스 | 메이플스토리,,,,medium
db2c553d8acd16af29a6,공지사항 | 뉴스 | 메이플스토리,,,,medium
af554a7f2330e2f1acff,공지사항 | 뉴스 | 메이플스토리,,,,medium
52ee18c62ba48950e9d1,공지사항 | 뉴스 | 메이플스토리,,,,medium
8a53edecf5302c28fc20,공지사항 | 뉴스 | 메이플스토리,,,,medium
7e691b263d26573dd48c,공지사항 | 뉴스 | 메이플스토리,,,,medium
60cfb5d889ed6d3d0040,공지사항 | 뉴스 | 메이플스토리,,,,medium
c40fd784206541120121,공지사항 | 뉴스 | 메이플스토리,,,,medium
a060744add41aa5be26f,공지사항 | 뉴스 | 메이플스토리,,,,medium
ef1ae101a5640244618f,공지사항 | 뉴스 | 메이플스토리,,,,medium
c7c5668cabda84bfc48e,공지사항 | 뉴스 | 메이플스토리,,,,medium
175aa0862a93755885ad,공지사항 | 뉴스 | 메이플스토리,,,,medium
55423f63982556624643,공지사항 | 뉴스 | 메이플스토리,,,,medium
060380fcc8809862c116,공지사항 | 뉴스 | 메이플스토리,,,,medium
ff624c3dc90432ab853e,공지사항 | 뉴스 | 메이플스토리,,,,medium
0e14dc07e421bf61d1da,공지사항 | 뉴스 | 메이플스토리,,,,medium
ce29c9b3d8b6854846bc,공지사항 | 뉴스 | 메이플스토리,,,,medium
61b82faccaaa01df7f49,공지사항 | 뉴스 | 메이플스토리,,,,medium
a7d93788299a0ad21618,공지사항 | 뉴스 | 메이플스토리,,,,medium
5ca8742db7b83ec63a60,공지사항 | 뉴스 | 메이플스토리,,,,medium
90c6354e19c9818b4e1c,공지사항 | 뉴스 | 메이플스토리,,,,medium
5688eaa823bd1d9af12c,공지사항 | 뉴스 | 메이플스토리,,,,medium
837e957818edebaa73f2,공지사항 | 뉴스 | 메이플스토리,,,,medium
4306116a45a571ac715b,공지사항 | 뉴스 | 메이플스토리,,,,medium
c2271aef85c68b893ee8,공지사항 | 뉴스 | 메이플스토리,,,,medium
7ed559e281c95d0a5b7c,공지사항 | 뉴스 | 메이플스토리,,,,medium
2970b405f84512a23759,공지사항 | 뉴스 | 메이플스토리,,,,medium
ef6bf5bc20cba70198b9,공지사항 | 뉴스 | 메이플스토리,,,,medium
a22539f669d125024278,공지사항 | 뉴스 | 메이플스토리,,,,medium
e0f4eca71c7e314e90b7,공지사항 | 뉴스 | 메이플스토리,,,,medium
e0c9d0b56ca21e7a368a,공지사항 | 뉴스 | 메이플스토리,,,,medium
dd64bd795c3622ce8b7e,공지사항 | 뉴스 | 메이플스토리,,,,medium
9ed5c159df5fa7d42f11,공지사항 | 뉴스 | 메이플스토리,,,,medium
c087a22aebf635060313,공지사항 | 뉴스 | 메이플스토리,,,,medium
a3b2a19ad06751388935,공지사항 | 뉴스 | 메이플스토리,,,,medium
4768ccc104541dab1ad9,공지사항 | 뉴스 | 메이플스토리,,,,medium
d610bab07b83d55fae17,공지사항 | 뉴스 | 메이플스토리,,,,medium
4596a625b90df14b9192,공지사항 | 뉴스 | 메이플스토리,,,,medium
5cfc472926127c033b4c,공지사항 | 뉴스 | 메이플스토리,,,,medium
e3a8c5f2bc6bb33b21f9,공지사항 | 뉴스 | 메이플스토리,,,,medium
5eda9332e7cf220584f3,공지사항 | 뉴스 | 메이플스토리,,,,medium
d6a1241546a5e451d1a3,공지사항 | 뉴스 | 메이플스토리,,,,medium
72d455f575e4c2bb8b7b,공지사항 | 뉴스 | 메이플스토리,,,,medium
9489540c4f11bb6150c9,공지사항 | 뉴스 | 메이플스토리,,,,medium
47ba3227fdc43c361184,공지사항 | 뉴스 | 메이플스토리,,,,medium
fecccc62736da8ba9108,공지사항 | 뉴스 | 메이플스토리,,,,medium
e1e4da902490f8551149,공지사항 | 뉴스 | 메이플스토리,,,,medium
04eb859afb5e6118a0e0,공지사항 | 뉴스 | 메이플스토리,,,,medium
63ce7c03fd16482221aa,공지사항 | 뉴스 | 메이플스토리,,,,medium
f43f13f8c378b3b94112,공지사항 | 뉴스 | 메이플스토리,,,,medium
1ca100e011f79a07d9dd,공지사항 | 뉴스 | 메이플스토리,,,,medium
e6a82ff9806133c56327,공지사항 | 뉴스 | 메이플스토리,,,,medium
86126a8c5bc861725888,공지사항 | 뉴스 | 메이플스토리,,,,medium
80982fe3b7f9f13fb6bc,공지사항 | 뉴스 | 메이플스토리,,,,medium
46982ff848ea028e3f7d,공지사항 | 뉴스 | 메이플스토리,,,,medium
6b0e7069bd42a8d89b66,공지사항 | 뉴스 | 메이플스토리,,,,medium
c193c992fdfaa9539c46,공지사항 | 뉴스 | 메이플스토리,,,,medium
bc9761aa0c18aa316fc9,공지사항 | 뉴스 | 메이플스토리,,,,medium
dba6810e406b4d7acd6e,공지사항 | 뉴스 | 메이플스토리,,,,medium
f11e62505faeb17dae49,공지사항 | 뉴스 | 메이플스토리,,,,medium
d7ff1d8a563c4b92653b,공지사항 | 뉴스 | 메이플스토리,,,,medium
6bd6267bc7b68989f86e,공지사항 | 뉴스 | 메이플스토리,,,,medium
c6c2e7df4e7531aeedc5,공지사항 | 뉴스 | 메이플스토리,,,,medium
bf1a68d7b837e3a33723,공지사항 | 뉴스 | 메이플스토리,,,,medium
e956d9070705fee3dd93,공지사항 | 뉴스 | 메이플스토리,,,,medium
9aae763ea7c089ac58d4,공지사항 | 뉴스 | 메이플스토리,,,,medium
2cfbf340272d72b96c27,공지사항 | 뉴스 | 메이플스토리,,,,medium
9edc9a58384dcb43926e,공지사항 | 뉴스 | 메이플스토리,,,,medium
a9413938bff4df67388b,공지사항 | 뉴스 | 메이플스토리,,,,medium
c9a44a9ff33e7d9ed251,공지사항 | 뉴스 | 메이플스토리,,,,medium
aefc76afc337d8838d27,공지사항 | 뉴스 | 메이플스토리,,,,medium
b7f9ddfd3bbb2af8729d,공지사항 | 뉴스 | 메이플스토리,,,,medium
bc0cae2b239fd554de8a,공지사항 | 뉴스 | 메이플스토리,,,,medium
c36dd85a5eacf10a1cf1,공지사항 | 뉴스 | 메이플스토리,,,,medium
f91feef51a0ce5676e3f,공지사항 | 뉴스 | 메이플스토리,,,,medium
048d429168d0e3941c78,공지사항 | 뉴스 | 메이플스토리,,,,medium
6884d09ec71d712d0020,공지사항 | 뉴스 | 메이플스토리,,,,medium
ab66ada71fc3aaf2b085,공지사항 | 뉴스 | 메이플스토리,,,,medium
7704159063d2e6bae4b7,공지사항 | 뉴스 | 메이플스토리,,,,medium
d7014c670f65b839bdbe,공지사항 | 뉴스 | 메이플스토리,,,,medium
80fb3819f55b25dc33d1,공지사항 | 뉴스 | 메이플스토리,,,,medium
69359a72ee13907933f2,공지사항 | 뉴스 | 메이플스토리,,,,medium
0074aad5997eac8972d2,공지사항 | 뉴스 | 메이플스토리,,,,medium
62ec2edf6b695ae73230,공지사항 | 뉴스 | 메이플스토리,,,,medium
4c72711442fe4ec52318,공지사항 | 뉴스 | 메이플스토리,,,,medium
62b159a01cff44486f82,공지사항 | 뉴스 | 메이플스토리,,,,medium
1dc97cccf4b05174383d,공지사항 | 뉴스 | 메이플스토리,,,,medium
98a5f40ba5566bad59f8,공지사항 | 뉴스 | 메이플스토리,,,,medium
cf8fdbe1e2c2884bd2d7,공지사항 | 뉴스 | 메이플스토리,,,,medium
b9ff90219a9350155c17,공지사항 | 뉴스 | 메이플스토리,,,,medium
d893c2c8e84071abc8b9,공지사항 | 뉴스 | 메이플스토리,,,,medium
7b8d497c5a6ecb7f6f75,공지사항 | 뉴스 | 메이플스토리,,,,medium
7d872fb4ddba3368eee0,공지사항 | 뉴스 | 메이플스토리,,,,medium
ca47d5169143e50c46f3,공지사항 | 뉴스 | 메이플스토리,,,,medium
c9773376ac89da973aa9,공지사항 | 뉴스 | 메이플스토리,,,,medium
94a3049e53ee82cad90f,공지사항 | 뉴스 | 메이플스토리,,,,medium
978269ba73138a354907,공지사항 | 뉴스 | 메이플스토리,,,,medium
5fb5cf1d8a3bcbf58145,공지사항 | 뉴스 | 메이플스토리,,,,medium
944a48aeb1a3e9b04631,공지사항 | 뉴스 | 메이플스토리,,,,medium
ecedfe536c4905622719,공지사항 | 뉴스 | 메이플스토리,,,,medium
54e5861bffd58b524b5f,공지사항 | 뉴스 | 메이플스토리,,,,medium
0acf79a919fab7d19d20,공지사항 | 뉴스 | 메이플스토리,,,,medium
05dd34f84bb7e5bee813,공지사항 | 뉴스 | 메이플스토리,,,,medium
4b0dd0da99bbf4ca2539,공지사항 | 뉴스 | 메이플스토리,,,,medium
188a2c246597ade4dac3,공지사항 | 뉴스 | 메이플스토리,,,,medium
e4906b76735e3d6d200b,공지사항 | 뉴스 | 메이플스토리,,,,medium
c9aca644170e4f4ea8c5,공지사항 | 뉴스 | 메이플스토리,,,,medium
6ad0950a1d826e879006,공지사항 | 뉴스 | 메이플스토리,,,,medium
d4e44f76fb323cb00350,공지사항 | 뉴스 | 메이플스토리,,,,medium
4b3df402aa7681be2ce3,공지사항 | 뉴스 | 메이플스토리,,,,medium
f1b23e33208e0552339d,공지사항 | 뉴스 | 메이플스토리,,,,medium
0f7c7771af140263a0bd,공지사항 | 뉴스 | 메이플스토리,,,,medium
3b14c987ad9f3dd2e1b7,공지사항 | 뉴스 | 메이플스토리,,,,medium
ff92dc41b940cf028b69,공지사항 | 뉴스 | 메이플스토리,,,,medium
7793e4f191da7c206aac,공지사항 | 뉴스 | 메이플스토리,,,,medium
4047204b90e31bc9aa25,공지사항 | 뉴스 | 메이플스토리,,,,medium
80029042662d261f9bd5,공지사항 | 뉴스 | 메이플스토리,,,,medium
583f31c14dc37bfb565b,공지사항 | 뉴스 | 메이플스토리,,,,medium
53c93f674428848e71b6,공지사항 | 뉴스 | 메이플스토리,,,,medium
f7376662a1c19b5b62dd,공지사항 | 뉴스 | 메이플스토리,,,,medium
bfae7abfecf54714b840,공지사항 | 뉴스 | 메이플스토리,,,,medium
e670b9c833face583d98,공지사항 | 뉴스 | 메이플스토리,,,,medium
48c2b522ceffae6e045b,공지사항 | 뉴스 | 메이플스토리,,,,medium
a27263fd20b5a2684929,공지사항 | 뉴스 | 메이플스토리,,,,medium
bbffca98fab82dd0e1b1,공지사항 | 뉴스 | 메이플스토리,,,,medium
a18affe60868f4949727,공지사항 | 뉴스 | 메이플스토리,,,,medium
602bb9d2667c94bcebbf,공지사항 | 뉴스 | 메이플스토리,,,,medium
40c582a5dc7b8f93c418,공지사항 | 뉴스 | 메이플스토리,,,,medium
e4c1e3c7fa996b3b6f11,공지사항 | 뉴스 | 메이플스토리,,,,medium
93235f58f0f1d7369851,공지사항 | 뉴스 | 메이플스토리,,,,medium
2cdd9f631de4c99b1959,공지사항 | 뉴스 | 메이플스토리,,,,medium
a14575360f2e7eeaf6cb,공지사항 | 뉴스 | 메이플스토리,,,,medium
f4e9d916b4aac7182fc7,공지사항 | 뉴스 | 메이플스토리,,,,medium
c39ad3ef872189ce70d7,공지사항 | 뉴스 | 메이플스토리,,,,medium
38dc29340f950b7ad656,공지사항 | 뉴스 | 메이플스토리,,,,medium
d29e859a4b2c94d205be,공지사항 | 뉴스 | 메이플스토리,,,,medium
3c4edb5a8bffe004ac6e,공지사항 | 뉴스 | 메이플스토리,,,,medium
79a66485dde6bdada7e0,공지사항 | 뉴스 | 메이플스토리,,,,medium
2d8734c48e92ebb0972a,공지사항 | 뉴스 | 메이플스토리,,,,medium
171a4d2a35756ee938d0,공지사항 | 뉴스 | 메이플스토리,,,,medium
18a6542d91d0521a1a79,공지사항 | 뉴스 | 메이플스토리,,,,medium
0a3b3bc39f0a1d7ea271,공지사항 | 뉴스 | 메이플스토리,,,,medium
69240205c5bc7d2e811d,공지사항 | 뉴스 | 메이플스토리,,,,medium
3a4e9f794aa3dd7820b8,공지사항 | 뉴스 | 메이플스토리,,,,medium
0fbd9ad8b17d92741b63,공지사항 | 뉴스 | 메이플스토리,,,,medium
64f3f4caa85deee48519,공지사항 | 뉴스 | 메이플스토리,,,,medium
4029c9b06ec9b5f37537,공지사항 | 뉴스 | 메이플스토리,,,,medium
d95c6a41a336a1d8e7dd,공지사항 | 뉴스 | 메이플스토리,,,,medium
edaf5a92b31c10ea4b86,공지사항 | 뉴스 | 메이플스토리,,,,medium
9e094175feb036410bd1,공지사항 | 뉴스 | 메이플스토리,,,,medium
a649ed7366bb875551e5,공지사항 | 뉴스 | 메이플스토리,,,,medium
b5f5a8c55b584fd39aea,공지사항 | 뉴스 | 메이플스토리,,,,medium
051fcc4df80bb7f4065b,공지사항 | 뉴스 | 메이플스토리,,,,medium
c7b3e0591012f97ea589,공지사항 | 뉴스 | 메이플스토리,,,,medium
a6e4e5ab3caa32cacc58,공지사항 | 뉴스 | 메이플스토리,,,,medium
a277cf9bb575d479734b,공지사항 | 뉴스 | 메이플스토리,,,,medium
e079be033edeea58a30d,공지사항 | 뉴스 | 메이플스토리,,,,medium
3a1cacabbcc108baa77f,공지사항 | 뉴스 | 메이플스토리,,,,medium
a7f92f713573ba2b7706,공지사항 | 뉴스 | 메이플스토리,,,,medium
7a58bbc8fb7a45e70f6d,공지사항 | 뉴스 | 메이플스토리,,,,medium
f618358da475a57b13d7,공지사항 | 뉴스 | 메이플스토리,,,,medium
a440f4d4f25741d00ed5,공지사항 | 뉴스 | 메이플스토리,,,,medium
c7bcd13203df8e02bf8e,공지사항 | 뉴스 | 메이플스토리,,,,medium
99852f15706709b823cc,공지사항 | 뉴스 | 메이플스토리,,,,medium
dc7911b6e54821964647,공지사항 | 뉴스 | 메이플스토리,,,,medium
0e23e5223f905d02470c,공지사항 | 뉴스 | 메이플스토리,,,,medium
68dfab8cc90d7995a3bd,공지사항 | 뉴스 | 메이플스토리,,,,medium
aecc96c22ae2875a21a5,공지사항 | 뉴스 | 메이플스토리,,,,medium
3ec5b41692a8b5eac0f9,공지사항 | 뉴스 | 메이플스토리,,,,medium
1ce14d4beb8b6cc87478,공지사항 | 뉴스 | 메이플스토리,,,,medium
34daef2b310c9b70ab5e,공지사항 | 뉴스 | 메이플스토리,,,,medium
da9424d6178238563177,공지사항 | 뉴스 | 메이플스토리,,,,medium
3ca7cf06cc56639e4efc,공지사항 | 뉴스 | 메이플스토리,,,,medium
7fa58841e5fe1a1115b3,공지사항 | 뉴스 | 메이플스토리,,,,medium
f1a25def1353a4940d2d,공지사항 | 뉴스 | 메이플스토리,,,,medium
7275ec19985778854b52,공지사항 | 뉴스 | 메이플스토리,,,,medium
87b8f0746eefd88389cc,공지사항 | 뉴스 | 메이플스토리,,,,medium
4c0af1b3f12ed0e4b131,공지사항 | 뉴스 | 메이플스토리,,,,medium
4fad88add05ec030d5c2,공지사항 | 뉴스 | 메이플스토리,,,,medium
51481a4c48882851e4fb,공지사항 | 뉴스 | 메이플스토리,,,,medium
3ce6170f19972207a2ac,공지사항 | 뉴스 | 메이플스토리,,,,medium
cb0e7aa7afe4f24fa2d9,공지사항 | 뉴스 | 메이플스토리,,,,medium
11b985215b623ea268db,공지사항 | 뉴스 | 메이플스토리,,,,medium
93f2750f793368f20cd5,공지사항 | 뉴스 | 메이플스토리,,,,medium
df8546462b67df5fe471,공지사항 | 뉴스 | 메이플스토리,,,,medium
ffe374035cb1d9a45363,공지사항 | 뉴스 | 메이플스토리,,,,medium
327dd16ad036c9bad38c,공지사항 | 뉴스 | 메이플스토리,,,,medium
d22da280bd15641d8cc7,공지사항 | 뉴스 | 메이플스토리,,,,medium
0945e8c2c593fc2fbf23,공지사항 | 뉴스 | 메이플스토리,,,,medium
feea60702988d711bba9,공지사항 | 뉴스 | 메이플스토리,,,,medium
31e4c32196a4e4a46c8d,공지사항 | 뉴스 | 메이플스토리,,,,medium
3a5cb290cc3e10845e0e,공지사항 | 뉴스 | 메이플스토리,,,,medium
16d169539a56c333a8cc,공지사항 | 뉴스 | 메이플스토리,,,,medium
ea00aa36f5b0f03d2388,공지사항 | 뉴스 | 메이플스토리,,,,medium
07594c9beff3860d8bbd,공지사항 | 뉴스 | 메이플스토리,,,,medium
8a0bbec1aa528b0047f9,공지사항 | 뉴스 | 메이플스토리,,,,medium
6d07cc428ffd36035565,공지사항 | 뉴스 | 메이플스토리,,,,medium
c81ae92dd2c6820b554b,공지사항 | 뉴스 | 메이플스토리,,,,medium
4e091a95f919c53d0c68,공지사항 | 뉴스 | 메이플스토리,,,,medium
f1eecb5d1d86cb40fb90,공지사항 | 뉴스 | 메이플스토리,,,,medium
27a26eaf33d10430c2c8,공지사항 | 뉴스 | 메이플스토리,,,,medium
0fdf05c3372cc214a6c1,공지사항 | 뉴스 | 메이플스토리,,,,medium
64cbc465f0030b5c2362,공지사항 | 뉴스 | 메이플스토리,,,,medium
caf97e4c67611383a6ba,공지사항 | 뉴스 | 메이플스토리,,,,medium
ee0bc48a442f0eb00e14,공지사항 | 뉴스 | 메이플스토리,,,,medium
0788bc39b07da7726b34,공지사항 | 뉴스 | 메이플스토리,,,,medium
19f8bf904553d76c9e23,공지사항 | 뉴스 | 메이플스토리,,,,medium
566a16825dcc335cbffa,공지사항 | 뉴스 | 메이플스토리,,,,medium
bc57590a2a7d5f0a77f5,공지사항 | 뉴스 | 메이플스토리,,,,medium
d538ab5182fa535e99a7,공지사항 | 뉴스 | 메이플스토리,,,,medium
171c37f56254655ec427,공지사항 | 뉴스 | 메이플스토리,,,,medium
332e18661692832f5728,공지사항 | 뉴스 | 메이플스토리,,,,medium
47f67d1d262c4037aec6,공지사항 | 뉴스 | 메이플스토리,,,,medium
48f26c0817c787d3deac,공지사항 | 뉴스 | 메이플스토리,,,,medium
57f2df206b47303e10dc,공지사항 | 뉴스 | 메이플스토리,,,,medium
295972d98ca87a228164,공지사항 | 뉴스 | 메이플스토리,,,,medium
70119ba2c0e139d34725,공지사항 | 뉴스 | 메이플스토리,,,,medium
d4a5538680a8e83427bf,공지사항 | 뉴스 | 메이플스토리,,,,medium
ece59041ac0c6338bb0c,공지사항 | 뉴스 | 메이플스토리,,,,medium
299bc6917b450f18a840,공지사항 | 뉴스 | 메이플스토리,,,,medium
f04a44644b4292c294a1,공지사항 | 뉴스 | 메이플스토리,,,,medium
5704266749d53e518724,공지사항 | 뉴스 | 메이플스토리,,,,medium
ed3a50a5da7d7a5868ea,공지사항 | 뉴스 | 메이플스토리,,,,medium
923928a099de364344d3,공지사항 | 뉴스 | 메이플스토리,,,,medium
4e9e6b01a15d8a391889,공지사항 | 뉴스 | 메이플스토리,,,,medium
07d2b5430797170558f2,공지사항 | 뉴스 | 메이플스토리,,,,medium
dacd79f85e2d3594909c,공지사항 | 뉴스 | 메이플스토리,,,,medium
ae23c66b94e7e1fd37e0,공지사항 | 뉴스 | 메이플스토리,,,,medium
716834a3ffb4fce8c3b1,공지사항 | 뉴스 | 메이플스토리,,,,medium
fa36379337a42fa622f4,공지사항 | 뉴스 | 메이플스토리,,,,medium
469a1dd2a95a466b2ac9,공지사항 | 뉴스 | 메이플스토리,,,,medium
68fd640ae8ad58455c1c,공지사항 | 뉴스 | 메이플스토리,,,,medium
59f9923c6985cb81315c,공지사항 | 뉴스 | 메이플스토리,,,,medium
4ba744d682c3e6349185,공지사항 | 뉴스 | 메이플스토리,,,,medium
d4e7e269d469b4e48301,공지사항 | 뉴스 | 메이플스토리,,,,medium
deeed605b4df9c445d44,공지사항 | 뉴스 | 메이플스토리,,,,medium
3a9854962c37c811ebfd,공지사항 | 뉴스 | 메이플스토리,,,,medium
34f5f45e0d862a072f15,공지사항 | 뉴스 | 메이플스토리,,,,medium
a7c8b8b15ec49d57de50,공지사항 | 뉴스 | 메이플스토리,,,,medium
ba9d917e41675663a215,공지사항 | 뉴스 | 메이플스토리,,,,medium
b026c8b2dea88ebbf8ba,공지사항 | 뉴스 | 메이플스토리,,,,medium
45f676c829d8226b90ad,공지사항 | 뉴스 | 메이플스토리,,,,medium
d16b03b0c7efcf4a6f1a,공지사항 | 뉴스 | 메이플스토리,,,,medium
fd2661dcdd0181de2a5a,공지사항 | 뉴스 | 메이플스토리,,,,medium
c69f442f556c11042529,공지사항 | 뉴스 | 메이플스토리,,,,medium
12bb9e485770f9505db9,공지사항 | 뉴스 | 메이플스토리,,,,medium
399548419ce866dc5d8e,공지사항 | 뉴스 | 메이플스토리,,,,medium
5c09e580afbb8edfd924,공지사항 | 뉴스 | 메이플스토리,,,,medium
0791841cdd1da58ada24,공지사항 | 뉴스 | 메이플스토리,,,,medium
62fbee9cc534c31cf6ba,공지사항 | 뉴스 | 메이플스토리,,,,medium
d6f1343df6986198b2a7,공지사항 | 뉴스 | 메이플스토리,,,,medium
e6f41a65c26a1e4a1e1c,공지사항 | 뉴스 | 메이플스토리,,,,medium
530e9582f8ebe5876031,공지사항 | 뉴스 | 메이플스토리,,,,medium
05b0f304a70769285ef9,공지사항 | 뉴스 | 메이플스토리,,,,medium
46b45443f52d403ee42b,공지사항 | 뉴스 | 메이플스토리,,,,medium
0b2c3889e1aa89d3104b,공지사항 | 뉴스 | 메이플스토리,,,,medium
82b5da6dad7b78e75911,공지사항 | 뉴스 | 메이플스토리,,,,medium
cdf50f07bdb6fb08ae51,공지사항 | 뉴스 | 메이플스토리,,,,medium
a3f6b1b76da10016f693,공지사항 | 뉴스 | 메이플스토리,,,,medium
e4a2cf59d1d7b88200f1,공지사항 | 뉴스 | 메이플스토리,,,,medium
30205633c84703b1db4b,공지사항 | 뉴스 | 메이플스토리,,,,medium
330fa184642aaa1ce728,공지사항 | 뉴스 | 메이플스토리,,,,medium
b9be88dea49bbc5b7d04,공지사항 | 뉴스 | 메이플스토리,,,,medium
b9456ecb1e19fdcd6b5b,공지사항 | 뉴스 | 메이플스토리,,,,medium
59de9de33a0db434c8cf,공지사항 | 뉴스 | 메이플스토리,,,,medium
36a171f72f7e70a1c4a1,공지사항 | 뉴스 | 메이플스토리,,,,medium
156a2efb601b3aa3a11c,공지사항 | 뉴스 | 메이플스토리,,,,medium
91746d25ddca8af83fd1,공지사항 | 뉴스 | 메이플스토리,,,,medium
09f101db287b9a10935b,공지사항 | 뉴스 | 메이플스토리,,,,medium
9bbf7e4dd091f49062eb,공지사항 | 뉴스 | 메이플스토리,,,,medium
f6d1c2265a8e9edb20c5,공지사항 | 뉴스 | 메이플스토리,,,,medium
1261a66ec09eb6266736,공지사항 | 뉴스 | 메이플스토리,,,,medium
eac08dc4439cb828e92e,공지사항 | 뉴스 | 메이플스토리,,,,medium
2aa5e68e16eb455c1db7,공지사항 | 뉴스 | 메이플스토리,,,,medium
7220a37d6ca2e5ad2ffe,공지사항 | 뉴스 | 메이플스토리,,,,medium
ea0bbfbb4307c1b136e1,공지사항 | 뉴스 | 메이플스토리,,,,medium
0201483bbabfae943787,공지사항 | 뉴스 | 메이플스토리,,,,medium
b22797a531fae95f258c,공지사항 | 뉴스 | 메이플스토리,,,,medium
471865dd982d1620c4de,공지사항 | 뉴스 | 메이플스토리,,,,medium
66be2801f614ed44acfa,공지사항 | 뉴스 | 메이플스토리,,,,medium
8106c8545ac84f709842,공지사항 | 뉴스 | 메이플스토리,,,,medium
5c81de6b5e012d8c3ef4,공지사항 | 뉴스 | 메이플스토리,,,,medium
2be4004a026e9370e1e5,공지사항 | 뉴스 | 메이플스토리,,,,medium
e1be0fa743c0fe993755,공지사항 | 뉴스 | 메이플스토리,,,,medium
7654523e6aa2c30e1e41,공지사항 | 뉴스 | 메이플스토리,,,,medium
33e5888de2eb06133aa1,공지사항 | 뉴스 | 메이플스토리,,,,medium
17710ec2e6b1583ff26a,공지사항 | 뉴스 | 메이플스토리,,,,medium
6518ea1f28ee9cccf4c6,공지사항 | 뉴스 | 메이플스토리,,,,medium
3fc132c839006301eebb,공지사항 | 뉴스 | 메이플스토리,,,,medium
05965b26f27f24ba0f05,공지사항 | 뉴스 | 메이플스토리,,,,medium
14272ffb5500903c725f,공지사항 | 뉴스 | 메이플스토리,,,,medium
f0f7f4d044bd2a670bc9,공지사항 | 뉴스 | 메이플스토리,,,,medium
a7a0ebf467aabb3d945b,공지사항 | 뉴스 | 메이플스토리,,,,medium
b25246051f98d443f5b2,공지사항 | 뉴스 | 메이플스토리,,,,medium
eefeec55146a5d327713,공지사항 | 뉴스 | 메이플스토리,,,,medium
da2ecc9bed3644a165d2,공지사항 | 뉴스 | 메이플스토리,,,,medium
7c3d540deb98580d148f,공지사항 | 뉴스 | 메이플스토리,,,,medium
9d5d13b9ae580c52523f,공지사항 | 뉴스 | 메이플스토리,,,,medium
1723c3fcda4232bdf3cf,공지사항 | 뉴스 | 메이플스토리,,,,medium
c9ff7098a1faefaa55e8,공지사항 | 뉴스 | 메이플스토리,,,,medium
853d8b35273a40958fdd,공지사항 | 뉴스 | 메이플스토리,,,,medium
758dd5a91d900d9078cd,공지사항 | 뉴스 | 메이플스토리,,,,medium
c9107bf127da7a7b5fba,공지사항 | 뉴스 | 메이플스토리,,,,medium
02094f7d2e832a4db003,공지사항 | 뉴스 | 메이플스토리,,,,medium
8bb90c295cc12aeca6bf,공지사항 | 뉴스 | 메이플스토리,,,,medium
ee1e3145b0547b4d44b9,공지사항 | 뉴스 | 메이플스토리,,,,medium
56e42e36d34e8f8ed274,공지사항 | 뉴스 | 메이플스토리,,,,medium
ae2762e960f485f91ce9,공지사항 | 뉴스 | 메이플스토리,,,,medium
fb8d0cac666f707b9052,공지사항 | 뉴스 | 메이플스토리,,,,medium
0d3e5142e3049a62f988,공지사항 | 뉴스 | 메이플스토리,,,,medium
03d84dcbb3a71caa92f4,공지사항 | 뉴스 | 메이플스토리,,,,medium
501a02bcb4b8ac1c408c,공지사항 | 뉴스 | 메이플스토리,,,,medium
f18295125f76a99de5a5,공지사항 | 뉴스 | 메이플스토리,,,,medium
032ebbbf99fb81a2b689,공지사항 | 뉴스 | 메이플스토리,,,,medium
9ddc45b0d3c37da4b8cb,공지사항 | 뉴스 | 메이플스토리,,,,medium
3f7b044d6ef3fb6187b6,공지사항 | 뉴스 | 메이플스토리,,,,medium
7dba1c62794b53c18397,공지사항 | 뉴스 | 메이플스토리,,,,medium
77e8654cf598dfab5df3,공지사항 | 뉴스 | 메이플스토리,,,,medium
22b346d3096856067887,공지사항 | 뉴스 | 메이플스토리,,,,medium
bdf947606c56e4dc055d,공지사항 | 뉴스 | 메이플스토리,,,,medium
b9ef623b6023bddf4f0a,공지사항 | 뉴스 | 메이플스토리,,,,medium
e592fc99e7d27dedda3a,공지사항 | 뉴스 | 메이플스토리,,,,medium
88a87988db8939b49eda,공지사항 | 뉴스 | 메이플스토리,,,,medium
510fd284bfbfcaf5df56,공지사항 | 뉴스 | 메이플스토리,,,,medium
f7cc88979fe226b74fde,공지사항 | 뉴스 | 메이플스토리,,,,medium
dcd4133cbea997a7c71a,공지사항 | 뉴스 | 메이플스토리,,,,medium
02968ffb4820eae5a03f,공지사항 | 뉴스 | 메이플스토리,,,,medium
a936e13474cb81fa91aa,공지사항 | 뉴스 | 메이플스토리,,,,medium
9f6082e9c94609761c55,공지사항 | 뉴스 | 메이플스토리,,,,medium
5a348a1fa50eca650763,공지사항 | 뉴스 | 메이플스토리,,,,medium
f924863574fe1e27e8fc,공지사항 | 뉴스 | 메이플스토리,,,,medium
b889fad91485dd1c5099,공지사항 | 뉴스 | 메이플스토리,,,,medium
022afe103d41eac5bc40,공지사항 | 뉴스 | 메이플스토리,,,,medium
306934a7d5c9d2a2d4f1,공지사항 | 뉴스 | 메이플스토리,,,,medium
0ba4842649ed26266d86,공지사항 | 뉴스 | 메이플스토리,,,,medium
7a6b1d9e0e3b51291adb,공지사항 | 뉴스 | 메이플스토리,,,,medium
35352f28386645a75662,공지사항 | 뉴스 | 메이플스토리,,,,medium
908a70e66dff57849d4d,공지사항 | 뉴스 | 메이플스토리,,,,medium
25adec755e65cd5a4279,공지사항 | 뉴스 | 메이플스토리,,,,medium
c5b6d2808e568ad582d5,공지사항 | 뉴스 | 메이플스토리,,,,medium
0c8e52d7a335b73d4ef2,공지사항 | 뉴스 | 메이플스토리,,,,medium
4e9e34e86c062bb1f8cc,공지사항 | 뉴스 | 메이플스토리,,,,medium
b67752073cfb08174fe3,공지사항 | 뉴스 | 메이플스토리,,,,medium
44fc457e00055890eff8,공지사항 | 뉴스 | 메이플스토리,,,,medium
fec41f312aef80846636,공지사항 | 뉴스 | 메이플스토리,,,,medium
5c36359d69a48003c6ac,공지사항 | 뉴스 | 메이플스토리,,,,medium
fbafbbfbb4e456a412ba,공지사항 | 뉴스 | 메이플스토리,,,,medium
8d8cb50cbcfbe4b4b95e,공지사항 | 뉴스 | 메이플스토리,,,,medium
6118c9143855c57cd812,공지사항 | 뉴스 | 메이플스토리,,,,medium
cecfe681613de8b293a9,공지사항 | 뉴스 | 메이플스토리,,,,medium
ce80c8f16c10eac47665,공지사항 | 뉴스 | 메이플스토리,,,,medium
89daae11db1902bcaef3,공지사항 | 뉴스 | 메이플스토리,,,,medium
184375b2ad542b2177b4,공지사항 | 뉴스 | 메이플스토리,,,,medium
ca3f676456d11012a0d1,공지사항 | 뉴스 | 메이플스토리,,,,medium
fead4843beb7c3cb31fb,공지사항 | 뉴스 | 메이플스토리,,,,medium
219cabfd6c1e44682901,공지사항 | 뉴스 | 메이플스토리,,,,medium
792b72d41fb9c358e67a,공지사항 | 뉴스 | 메이플스토리,,,,medium
7adc0179bf16484e0e91,공지사항 | 뉴스 | 메이플스토리,,,,medium
3f0f5742d23dd38a0ef9,공지사항 | 뉴스 | 메이플스토리,,,,medium
ad0fa251f1ab634c0b36,공지사항 | 뉴스 | 메이플스토리,,,,medium
453b8b9ab8989a4f134e,공지사항 | 뉴스 | 메이플스토리,,,,medium
e3723b38bde91066eee9,공지사항 | 뉴스 | 메이플스토리,,,,medium
39d4039324aa9e68f9f7,공지사항 | 뉴스 | 메이플스토리,,,,medium
88072adefa8fc420b690,공지사항 | 뉴스 | 메이플스토리,,,,medium
b155a28777c28e21d5b7,공지사항 | 뉴스 | 메이플스토리,,,,medium
97a18bbc47ce18ad7c1a,공지사항 | 뉴스 | 메이플스토리,,,,medium
da5ad213bfa38bbbef42,공지사항 | 뉴스 | 메이플스토리,,,,medium
bcdcf92ba3f45992fa51,공지사항 | 뉴스 | 메이플스토리,,,,medium
7036f04d4fd10b53dc38,공지사항 | 뉴스 | 메이플스토리,,,,medium
bc67f8da7fcb2abaddf8,공지사항 | 뉴스 | 메이플스토리,,,,medium
1d2d3d7c80645ff17fa0,공지사항 | 뉴스 | 메이플스토리,,,,medium
6af8caabcc53e1f07692,공지사항 | 뉴스 | 메이플스토리,,,,medium
af0055d6630892d44f54,공지사항 | 뉴스 | 메이플스토리,,,,medium
e6c58f3ac97fc3e6bb8c,공지사항 | 뉴스 | 메이플스토리,,,,medium
1a590a82e998c77ea406,공지사항 | 뉴스 | 메이플스토리,,,,medium
e97ec1b13620d6cb87ac,공지사항 | 뉴스 | 메이플스토리,,,,medium
300abd65f4584adfa046,공지사항 | 뉴스 | 메이플스토리,,,,medium
cd53d17d9f0a802fe33b,공지사항 | 뉴스 | 메이플스토리,,,,medium
4245f2cab0c675bbb221,공지사항 | 뉴스 | 메이플스토리,,,,medium
8ba7aad7e7ca53b24260,공지사항 | 뉴스 | 메이플스토리,,,,medium
9c97f772ed946946954b,공지사항 | 뉴스 | 메이플스토리,,,,medium
bc35c478d7c438c62478,공지사항 | 뉴스 | 메이플스토리,,,,medium
15f5627e02493e4640e2,공지사항 | 뉴스 | 메이플스토리,,,,medium
56aafd0c9dbc5280a1f9,공지사항 | 뉴스 | 메이플스토리,,,,medium
b890054d0a8952285459,공지사항 | 뉴스 | 메이플스토리,,,,medium
2ed65444af9b22150068,공지사항 | 뉴스 | 메이플스토리,,,,medium
c66d6410b254d891c248,공지사항 | 뉴스 | 메이플스토리,,,,medium
8cf9935eff42f4ca323d,공지사항 | 뉴스 | 메이플스토리,,,,medium
5a320529e25a8886d625,공지사항 | 뉴스 | 메이플스토리,,,,medium
6b86a68950aaf1542a20,공지사항 | 뉴스 | 메이플스토리,,,,medium
717d660bae724f6e0102,공지사항 | 뉴스 | 메이플스토리,,,,medium
2e5c45559854c9ac4e0d,공지사항 | 뉴스 | 메이플스토리,,,,medium
3dd8b09ef9c8e0b540b7,공지사항 | 뉴스 | 메이플스토리,,,,medium
abf789d89b71ffc0736c,공지사항 | 뉴스 | 메이플스토리,,,,medium
53bf85d85b379d04a191,공지사항 | 뉴스 | 메이플스토리,,,,medium
ab28dc643e7d157fde9d,공지사항 | 뉴스 | 메이플스토리,,,,medium
0f2250d055c8f4a688ee,공지사항 | 뉴스 | 메이플스토리,,,,medium
673d23efa5903963fb30,공지사항 | 뉴스 | 메이플스토리,,,,medium
b904fe12c225861c6455,공지사항 | 뉴스 | 메이플스토리,,,,medium
83b110c7653dd03154d4,공지사항 | 뉴스 | 메이플스토리,,,,medium
21c1de97db8e3444ad53,공지사항 | 뉴스 | 메이플스토리,,,,medium
132402b154f9af802d40,공지사항 | 뉴스 | 메이플스토리,,,,medium
e50f44a02350b287b315,공지사항 | 뉴스 | 메이플스토리,,,,medium
5e6ebaeadf78b245dbae,공지사항 | 뉴스 | 메이플스토리,,,,medium
57eb1652a519056a875f,공지사항 | 뉴스 | 메이플스토리,,,,medium
0d4a8bea5ee3f5881623,공지사항 | 뉴스 | 메이플스토리,,,,medium
925211cd69b4f3f54250,공지사항 | 뉴스 | 메이플스토리,,,,medium
8b0c5ecab65f07a2b7be,공지사항 | 뉴스 | 메이플스토리,,,,medium
31c94348457b81a42d74,공지사항 | 뉴스 | 메이플스토리,,,,medium
50effd8ecf8a31bacb3e,공지사항 | 뉴스 | 메이플스토리,,,,medium
62c1e8e57edcc934e82e,공지사항 | 뉴스 | 메이플스토리,,,,medium
5507763315cfa58af3d8,공지사항 | 뉴스 | 메이플스토리,,,,medium
413bf822778dc8d6ec84,공지사항 | 뉴스 | 메이플스토리,,,,medium
d4c5ddf0a93fdfc5ea0b,공지사항 | 뉴스 | 메이플스토리,,,,medium
39834f7a9ad60a2e02ff,공지사항 | 뉴스 | 메이플스토리,,,,medium
52b268de2b9b3f41a6de,공지사항 | 뉴스 | 메이플스토리,,,,medium
ff1c8cba7e352ffc6a72,공지사항 | 뉴스 | 메이플스토리,,,,medium
90dba88268babd33edde,공지사항 | 뉴스 | 메이플스토리,,,,medium
511f292768087a1698ad,공지사항 | 뉴스 | 메이플스토리,,,,medium
7b464cde22762c0ade0c,공지사항 | 뉴스 | 메이플스토리,,,,medium
79da25d5970131347aa8,공지사항 | 뉴스 | 메이플스토리,,,,medium
b00627c4bba15b9ed8f6,공지사항 | 뉴스 | 메이플스토리,,,,medium
e879998c88cc6b70e3af,공지사항 | 뉴스 | 메이플스토리,,,,medium
349af26e8b6c521c224d,공지사항 | 뉴스 | 메이플스토리,,,,medium
fe6cd936350d07b72dfa,공지사항 | 뉴스 | 메이플스토리,,,,medium
a3207e67600c2a2379ac,공지사항 | 뉴스 | 메이플스토리,,,,medium
3cdb5b6a806f9a8373b4,공지사항 | 뉴스 | 메이플스토리,,,,medium
3cb99f526d34f9fa1858,공지사항 | 뉴스 | 메이플스토리,,,,medium
57a7c46e4952449f3cb2,공지사항 | 뉴스 | 메이플스토리,,,,medium
469b60717e79e1cc4f79,공지사항 | 뉴스 | 메이플스토리,,,,medium
e32a2692fe7f477bfb00,공지사항 | 뉴스 | 메이플스토리,,,,medium
95b1af1c5cc97065f81f,공지사항 | 뉴스 | 메이플스토리,,,,medium
c431b2809f5572b7aece,공지사항 | 뉴스 | 메이플스토리,,,,medium
36738fae3328750247ae,공지사항 | 뉴스 | 메이플스토리,,,,medium
44ce04d7817d810df70e,공지사항 | 뉴스 | 메이플스토리,,,,medium
ce8d360830e8e30b94c8,공지사항 | 뉴스 | 메이플스토리,,,,medium
bfae2aac48236f54e91b,공지사항 | 뉴스 | 메이플스토리,,,,medium
945684fd0af52efe9a5f,공지사항 | 뉴스 | 메이플스토리,,,,medium
3f9fe1bf223a49d814cf,공지사항 | 뉴스 | 메이플스토리,,,,medium
d10b071b1137fc47d458,공지사항 | 뉴스 | 메이플스토리,,,,medium
260f80effb1391e36acb,공지사항 | 뉴스 | 메이플스토리,,,,medium
f9fe4492ad659b1939eb,공지사항 | 뉴스 | 메이플스토리,,,,medium
9a36f15fccdf6596a5b4,공지사항 | 뉴스 | 메이플스토리,,,,medium
8932d8846bc43e275911,공지사항 | 뉴스 | 메이플스토리,,,,medium
fead6744803027e77111,공지사항 | 뉴스 | 메이플스토리,,,,medium
8e442e3150711c8e2020,공지사항 | 뉴스 | 메이플스토리,,,,medium
7f5d52e2d3787552ae3d,공지사항 | 뉴스 | 메이플스토리,,,,medium
4aa158fcfb9120b70f41,공지사항 | 뉴스 | 메이플스토리,,,,medium
b46626f0f4170f723304,공지사항 | 뉴스 | 메이플스토리,,,,medium
650672f4de250aa7bc98,공지사항 | 뉴스 | 메이플스토리,,,,medium
b44047fab09c22bd3190,공지사항 | 뉴스 | 메이플스토리,,,,medium
d1c13730bf6a275a529e,공지사항 | 뉴스 | 메이플스토리,,,,medium
8e15288762d8180d331c,공지사항 | 뉴스 | 메이플스토리,,,,medium
1c59a5a895c7153c43d0,공지사항 | 뉴스 | 메이플스토리,,,,medium
5ee40ee19106fb348a22,공지사항 | 뉴스 | 메이플스토리,,,,medium
d81c456a03a3ef969ecd,공지사항 | 뉴스 | 메이플스토리,,,,medium
fed1683780a2f080845d,공지사항 | 뉴스 | 메이플스토리,,,,medium
ab65414f2f544ccf6525,공지사항 | 뉴스 | 메이플스토리,,,,medium
24ff6c50d3e31f2f0cd9,공지사항 | 뉴스 | 메이플스토리,,,,medium
01e619da925f4664f515,공지사항 | 뉴스 | 메이플스토리,,,,medium
89f8ad73a01493a9d5a1,공지사항 | 뉴스 | 메이플스토리,,,,medium
bd9c11ebb6afe1597d69,공지사항 | 뉴스 | 메이플스토리,,,,medium
0e4738be2c6ac1c61290,공지사항 | 뉴스 | 메이플스토리,,,,medium
3122913661d66a4b4544,공지사항 | 뉴스 | 메이플스토리,,,,medium
a082d8af7d65de347f29,공지사항 | 뉴스 | 메이플스토리,,,,medium
4403538795fadd49e4a2,공지사항 | 뉴스 | 메이플스토리,,,,medium
eb41a2d464115d72ce8e,공지사항 | 뉴스 | 메이플스토리,,,,medium
5718321c30238267daf0,공지사항 | 뉴스 | 메이플스토리,,,,medium
2cf2fe67e373b27b1950,공지사항 | 뉴스 | 메이플스토리,,,,medium
a68ef92d8c3307ab0798,공지사항 | 뉴스 | 메이플스토리,,,,medium
95eeb32ec49e08266797,공지사항 | 뉴스 | 메이플스토리,,,,medium
c5221bcb0dfaec98cbfb,공지사항 | 뉴스 | 메이플스토리,,,,medium
fabc283f3939a2f4570e,공지사항 | 뉴스 | 메이플스토리,,,,medium
d13530eaced1cb253418,공지사항 | 뉴스 | 메이플스토리,,,,medium
c5f10d72170dc0d9bf0a,공지사항 | 뉴스 | 메이플스토리,,,,medium
9ae6ef7b88aedc28cc85,공지사항 | 뉴스 | 메이플스토리,,,,medium
6faf05bd0f1e6a281c7c,공지사항 | 뉴스 | 메이플스토리,,,,medium
03b2056b36105de04124,공지사항 | 뉴스 | 메이플스토리,,,,medium
27d3804763896eb962d0,공지사항 | 뉴스 | 메이플스토리,,,,medium
6891b119f5c6257af5d5,공지사항 | 뉴스 | 메이플스토리,,,,medium
f5157b0dbb97d94a6195,공지사항 | 뉴스 | 메이플스토리,,,,medium
18dec3f712b94345c280,공지사항 | 뉴스 | 메이플스토리,,,,medium
8a8bb4373cbfbc9d775c,공지사항 | 뉴스 | 메이플스토리,,,,medium
0d89ea2df7f774e7d33f,공지사항 | 뉴스 | 메이플스토리,,,,medium
024fd95e9520f99cd291,공지사항 | 뉴스 | 메이플스토리,,,,medium
0f32d329d877d2d36172,공지사항 | 뉴스 | 메이플스토리,,,,medium
aaf4d599c89a5f961e72,공지사항 | 뉴스 | 메이플스토리,,,,medium
37f4d1be482d36c8e6ee,공지사항 | 뉴스 | 메이플스토리,,,,medium
bc777ea46e4628f340b5,공지사항 | 뉴스 | 메이플스토리,,,,medium
6d2a1ad188dbbbed280a,공지사항 | 뉴스 | 메이플스토리,,,,medium
fb5820247fafc6f480a7,공지사항 | 뉴스 | 메이플스토리,,,,medium
3538e69f0a0a281284f4,공지사항 | 뉴스 | 메이플스토리,,,,medium
7df6b29c2a67d9577553,공지사항 | 뉴스 | 메이플스토리,,,,medium
18c2a273e9cda2d41611,공지사항 | 뉴스 | 메이플스토리,,,,medium
890e9d943ee71f9d3aef,공지사항 | 뉴스 | 메이플스토리,,,,medium
5c521aedbbc0cbe20a77,공지사항 | 뉴스 | 메이플스토리,,,,medium
180682a2aaf112f6c268,공지사항 | 뉴스 | 메이플스토리,,,,medium
36254780116150e3c565,공지사항 | 뉴스 | 메이플스토리,,,,medium
357778802fefe7ae3623,공지사항 | 뉴스 | 메이플스토리,,,,medium
6e4368bd0c721200fc65,공지사항 | 뉴스 | 메이플스토리,,,,medium
09671f18015a857b08ce,공지사항 | 뉴스 | 메이플스토리,,,,medium
6221e27731fc92223d41,공지사항 | 뉴스 | 메이플스토리,,,,medium
6a7dee30aaa0a1bd29d2,공지사항 | 뉴스 | 메이플스토리,,,,medium
f695230b4d3dbe47f7ad,공지사항 | 뉴스 | 메이플스토리,,,,medium
2dda20848c55debad29c,공지사항 | 뉴스 | 메이플스토리,,,,medium
05a0f83d66becd289405,공지사항 | 뉴스 | 메이플스토리,,,,medium
1986c43905d972a0dc42,공지사항 | 뉴스 | 메이플스토리,,,,medium
5ee13f31f4e06251fd50,공지사항 | 뉴스 | 메이플스토리,,,,medium
aeb1953e0028d1f3a543,공지사항 | 뉴스 | 메이플스토리,,,,medium
bd4eae5edb1dbd012a7b,공지사항 | 뉴스 | 메이플스토리,,,,medium
31ae3b1ed47db0cc1b5e,공지사항 | 뉴스 | 메이플스토리,,,,medium
63fc38a4ebb9bde171f7,공지사항 | 뉴스 | 메이플스토리,,,,medium
dc0c41c78dbdd24b11c3,공지사항 | 뉴스 | 메이플스토리,,,,medium
3b7a23a69dfb0d220b9a,공지사항 | 뉴스 | 메이플스토리,,,,medium
7b665ba1047545f82365,공지사항 | 뉴스 | 메이플스토리,,,,medium
35496c2f15bff1a7bec0,공지사항 | 뉴스 | 메이플스토리,,,,medium
cae3d683fb5dc5b9f997,공지사항 | 뉴스 | 메이플스토리,,,,medium
dea8cf3fb34143e6fc72,공지사항 | 뉴스 | 메이플스토리,,,,medium
8a02a97388f6995ec1a0,공지사항 | 뉴스 | 메이플스토리,,,,medium
f72feb76a6e903d96c64,공지사항 | 뉴스 | 메이플스토리,,,,medium
f40ba632e6e2f5109a60,공지사항 | 뉴스 | 메이플스토리,,,,medium
b88c1022311457649bf6,공지사항 | 뉴스 | 메이플스토리,,,,medium
94bd1e194f88fe867e9f,공지사항 | 뉴스 | 메이플스토리,,,,medium
56262f42df3169bd6c2a,공지사항 | 뉴스 | 메이플스토리,,,,medium
c02e56adb693093ba678,공지사항 | 뉴스 | 메이플스토리,,,,medium
47800d4cf0d1ae17773b,공지사항 | 뉴스 | 메이플스토리,,,,medium
761ba377e17bfd98bb67,공지사항 | 뉴스 | 메이플스토리,,,,medium
39247b2feb0aace97509,공지사항 | 뉴스 | 메이플스토리,,,,medium
8c1ad5dbd90542b05e5c,공지사항 | 뉴스 | 메이플스토리,,,,medium
0b3aa0f4b056f8ecbb4e,공지사항 | 뉴스 | 메이플스토리,,,,medium
5dbe711dd357c5f817b1,공지사항 | 뉴스 | 메이플스토리,,,,medium
60bd203463593cc67a0f,공지사항 | 뉴스 | 메이플스토리,,,,medium
ba4ee5a0413b2be13de4,공지사항 | 뉴스 | 메이플스토리,,,,medium
27fad1777990313bbef4,공지사항 | 뉴스 | 메이플스토리,,,,medium
07d6d9effd513e04e086,공지사항 | 뉴스 | 메이플스토리,,,,medium
47fdb976d3a05940012e,공지사항 | 뉴스 | 메이플스토리,,,,medium
ef985d1facdf95913520,공지사항 | 뉴스 | 메이플스토리,,,,medium
4fea97e83422b10d269b,공지사항 | 뉴스 | 메이플스토리,,,,medium
be9d79ca02db30f3f241,공지사항 | 뉴스 | 메이플스토리,,,,medium
63bdbc70d258d4a5d414,공지사항 | 뉴스 | 메이플스토리,,,,medium
d496c7999022e7a31e67,공지사항 | 뉴스 | 메이플스토리,,,,medium
65fa6a4bef008ef252fc,공지사항 | 뉴스 | 메이플스토리,,,,medium
d8abbbf10fabdc950167,공지사항 | 뉴스 | 메이플스토리,,,,medium
3cedb28dfe73a4419a60,공지사항 | 뉴스 | 메이플스토리,,,,medium
9d0188a82f18e453a758,공지사항 | 뉴스 | 메이플스토리,,,,medium
e8165cfa7c38c0c50d7e,공지사항 | 뉴스 | 메이플스토리,,,,medium
08f40bbd104466db4e47,공지사항 | 뉴스 | 메이플스토리,,,,medium
871584ff19f327268cc8,공지사항 | 뉴스 | 메이플스토리,,,,medium
7bfb7f80fbdf6fd538b8,공지사항 | 뉴스 | 메이플스토리,,,,medium
b01a9dd855829ab1f41f,공지사항 | 뉴스 | 메이플스토리,,,,medium
dfef9348929281b36b1b,공지사항 | 뉴스 | 메이플스토리,,,,medium
f05fe4d514dc99be3ce2,공지사항 | 뉴스 | 메이플스토리,,,,medium
e018a57fd543b58db909,공지사항 | 뉴스 | 메이플스토리,,,,medium
49c97675dfcc5dd69bbc,공지사항 | 뉴스 | 메이플스토리,,,,medium
ef64ed632a997290bcd3,공지사항 | 뉴스 | 메이플스토리,,,,medium
19bb931953cfe9087170,공지사항 | 뉴스 | 메이플스토리,,,,medium
43321746a840ae79ff87,공지사항 | 뉴스 | 메이플스토리,,,,medium
9ee28a08ddcfc0688601,공지사항 | 뉴스 | 메이플스토리,,,,medium
5cc0557c1b140d32a5d6,공지사항 | 뉴스 | 메이플스토리,,,,medium
ae2661e00757dc6d8a37,공지사항 | 뉴스 | 메이플스토리,,,,medium
ce01e0cb039c0f668f20,공지사항 | 뉴스 | 메이플스토리,,,,medium
e47c2eb2a7b2d16ef181,공지사항 | 뉴스 | 메이플스토리,,,,medium
e1b7b07b1c646276b992,공지사항 | 뉴스 | 메이플스토리,,,,medium
7c0ac10e12664b36c9b7,공지사항 | 뉴스 | 메이플스토리,,,,medium
86870095e4b93584853b,공지사항 | 뉴스 | 메이플스토리,,,,medium
188b25431e901c6c03bb,공지사항 | 뉴스 | 메이플스토리,,,,medium
a3059dae3335c697e953,공지사항 | 뉴스 | 메이플스토리,,,,medium
b2e34980bf10b1843d23,공지사항 | 뉴스 | 메이플스토리,,,,medium
c73931d5454635d7f0d6,공지사항 | 뉴스 | 메이플스토리,,,,medium
edfaae66167e683f054d,공지사항 | 뉴스 | 메이플스토리,,,,medium
87013b85c46554f4bce4,공지사항 | 뉴스 | 메이플스토리,,,,medium
d5dcb5337ecf17487c52,공지사항 | 뉴스 | 메이플스토리,,,,medium
f776ce19c8d069446257,공지사항 | 뉴스 | 메이플스토리,,,,medium
da3054c1ff98635722a5,공지사항 | 뉴스 | 메이플스토리,,,,medium
8d5714adf6afed14b005,공지사항 | 뉴스 | 메이플스토리,,,,medium
a299f3fda4a98abbf448,공지사항 | 뉴스 | 메이플스토리,,,,medium
053c1cbef8ac2b33d5cd,공지사항 | 뉴스 | 메이플스토리,,,,medium
b1c14d6d7644582790d0,공지사항 | 뉴스 | 메이플스토리,,,,medium
55bb92ce1bf2ca4d0e04,공지사항 | 뉴스 | 메이플스토리,,,,medium
e7d35744c1dec91743f6,공지사항 | 뉴스 | 메이플스토리,,,,medium
418ba7a498646d9560e5,공지사항 | 뉴스 | 메이플스토리,,,,medium
9fb2be6ee7aafb6ea945,공지사항 | 뉴스 | 메이플스토리,,,,medium
1c5fbe59cb6cfbd48dfd,공지사항 | 뉴스 | 메이플스토리,,,,medium
a47efdb4eaa40fb7be32,공지사항 | 뉴스 | 메이플스토리,,,,medium
3254e75719d544560c3a,공지사항 | 뉴스 | 메이플스토리,,,,medium
3f3936efdee7d5896bce,공지사항 | 뉴스 | 메이플스토리,,,,medium
c929b49bab7bbee61a6c,공지사항 | 뉴스 | 메이플스토리,,,,medium
22975e734813100eefd8,공지사항 | 뉴스 | 메이플스토리,,,,medium
073efc7dac200a043b52,공지사항 | 뉴스 | 메이플스토리,,,,medium
984952bdc29976fe3fb0,공지사항 | 뉴스 | 메이플스토리,,,,medium
d3d42b6a45651d56b83b,공지사항 | 뉴스 | 메이플스토리,,,,medium
e19bfe3484b339aa1ac8,공지사항 | 뉴스 | 메이플스토리,,,,medium
213a36dc7aaad875a0b0,공지사항 | 뉴스 | 메이플스토리,,,,medium
96a2dd871ef9fb2a8f8c,공지사항 | 뉴스 | 메이플스토리,,,,medium
ea5da4d45c13aa1b1e13,공지사항 | 뉴스 | 메이플스토리,,,,medium
042b50cfd96941e4679d,공지사항 | 뉴스 | 메이플스토리,,,,medium
d20aec56582aec32466f,공지사항 | 뉴스 | 메이플스토리,,,,medium
69d5becdd48e3892b133,공지사항 | 뉴스 | 메이플스토리,,,,medium
b92b21ac30012330bad1,공지사항 | 뉴스 | 메이플스토리,,,,medium
823e5055dcedefd7946b,공지사항 | 뉴스 | 메이플스토리,,,,medium
ccfe330195cabf467459,공지사항 | 뉴스 | 메이플스토리,,,,medium
404be8174906e508b805,공지사항 | 뉴스 | 메이플스토리,,,,medium
03d8c83321c0056cc0ff,공지사항 | 뉴스 | 메이플스토리,,,,medium
1b06b28efd6e84d0e5ed,공지사항 | 뉴스 | 메이플스토리,,,,medium
4512f204033679b3b9d3,공지사항 | 뉴스 | 메이플스토리,,,,medium
62bf59030c9e0cc5e204,공지사항 | 뉴스 | 메이플스토리,,,,medium
ef34482aa98f6c6a6c2d,공지사항 | 뉴스 | 메이플스토리,,,,medium
3e0528396b6d89266dd4,공지사항 | 뉴스 | 메이플스토리,,,,medium
e12b6dbc4e8f3608c7d4,공지사항 | 뉴스 | 메이플스토리,,,,medium
b14c6d4085a4d5878b41,공지사항 | 뉴스 | 메이플스토리,,,,medium
173fcd0c8c270bcaf42f,공지사항 | 뉴스 | 메이플스토리,,,,medium
e62c7c6917c22f57b1a4,공지사항 | 뉴스 | 메이플스토리,,,,medium
c18f0cc6d296ddaba78d,공지사항 | 뉴스 | 메이플스토리,,,,medium
dced29ba5010cabe3a6f,공지사항 | 뉴스 | 메이플스토리,,,,medium
25843b95b51363c96aa0,공지사항 | 뉴스 | 메이플스토리,,,,medium
635fd2aad27e7938a2bb,공지사항 | 뉴스 | 메이플스토리,,,,medium
ebd571ef8c20c1581ceb,공지사항 | 뉴스 | 메이플스토리,,,,medium
4364ecfe8c7879642219,공지사항 | 뉴스 | 메이플스토리,,,,medium
fde705f5cb7e3a0227dd,공지사항 | 뉴스 | 메이플스토리,,,,medium
5659c3b657bf8ea60e48,공지사항 | 뉴스 | 메이플스토리,,,,medium
9222d7606bbe658388a3,공지사항 | 뉴스 | 메이플스토리,,,,medium
33737f8e1747a2a6a36a,공지사항 | 뉴스 | 메이플스토리,,,,medium
975e07dc8662b22b5998,공지사항 | 뉴스 | 메이플스토리,,,,medium
1935cfea59e9f351d83a,공지사항 | 뉴스 | 메이플스토리,,,,medium
52cbcd976bb275a2d41b,공지사항 | 뉴스 | 메이플스토리,,,,medium
41cd74dff9290aa5a22f,공지사항 | 뉴스 | 메이플스토리,,,,medium
d75e33c04fc37b47be14,공지사항 | 뉴스 | 메이플스토리,,,,medium
4046d449073b9bfb66d7,공지사항 | 뉴스 | 메이플스토리,,,,medium
f54c19210bd1ba33f3e2,공지사항 | 뉴스 | 메이플스토리,,,,medium
a761f02613df2abbea2f,공지사항 | 뉴스 | 메이플스토리,,,,medium
77c2a0551c48da811c73,공지사항 | 뉴스 | 메이플스토리,,,,medium
96ef8527d9e5430c9b72,공지사항 | 뉴스 | 메이플스토리,,,,medium
f342b0575b26a7f296a8,공지사항 | 뉴스 | 메이플스토리,,,,medium
8c740361753fc0896f70,공지사항 | 뉴스 | 메이플스토리,,,,medium
a7a44566b1f8418d477f,업데이트 | 뉴스 | 메이플스토리,,,,medium
a9b9b592186c75796927,업데이트 | 뉴스 | 메이플스토리,,,,medium
3e49ff5d230ffdac96af,업데이트 | 뉴스 | 메이플스토리,,,,medium
de63fa72062c8a3241e7,업데이트 | 뉴스 | 메이플스토리,,,,medium
73e4e5b1878763227aa9,업데이트 | 뉴스 | 메이플스토리,,,,medium
d1df4c2b8916f232a43d,업데이트 | 뉴스 | 메이플스토리,,,,medium
bed28a74fe840d17c19b,업데이트 | 뉴스 | 메이플스토리,,,,medium
6860ca0c76341b0a2f63,업데이트 | 뉴스 | 메이플스토리,,,,medium
42376bece6878f2c1749,업데이트 | 뉴스 | 메이플스토리,,,,medium
9a1a2a68049e994d5c23,업데이트 | 뉴스 | 메이플스토리,,,,medium
0af41022a47c74306220,업데이트 | 뉴스 | 메이플스토리,,,,medium
14af4e5174c0c1624725,업데이트 | 뉴스 | 메이플스토리,,,,medium
f8a796b5064d9b0bf18a,업데이트 | 뉴스 | 메이플스토리,,,,medium
caf0bae33861fe6c2150,업데이트 | 뉴스 | 메이플스토리,,,,medium
c939ad4932fbcf8af98e,업데이트 | 뉴스 | 메이플스토리,,,,medium
7f6669022dc08a1c5355,업데이트 | 뉴스 | 메이플스토리,,,,medium
11e9ff86320a6bff464e,업데이트 | 뉴스 | 메이플스토리,,,,medium
ae52e106e2c746e389f1,업데이트 | 뉴스 | 메이플스토리,,,,medium
3b1919fbf048c98cafb9,업데이트 | 뉴스 | 메이플스토리,,,,medium
1f0d6ff547c353b5f460,업데이트 | 뉴스 | 메이플스토리,,,,medium
8addb8ed2aa232062a4b,업데이트 | 뉴스 | 메이플스토리,,,,medium
2e09db03230932a4ffb3,업데이트 | 뉴스 | 메이플스토리,,,,medium
aca2168cdfccb29c3bca,업데이트 | 뉴스 | 메이플스토리,,,,medium
c75b455e76d09e02f742,업데이트 | 뉴스 | 메이플스토리,,,,medium
8348921f06beec0b258e,업데이트 | 뉴스 | 메이플스토리,,,,medium
b12e731d7d04e18872f6,업데이트 | 뉴스 | 메이플스토리,,,,medium
a24a0f402ac0b5851f9c,업데이트 | 뉴스 | 메이플스토리,,,,medium
366d26c55cdcfb013b4e,업데이트 | 뉴스 | 메이플스토리,,,,medium
4b27ede2ae44d2d3464c,업데이트 | 뉴스 | 메이플스토리,,,,medium
422f0a6ed7ca89964871,업데이트 | 뉴스 | 메이플스토리,,,,medium
c79e142d17e34b87c6e1,업데이트 | 뉴스 | 메이플스토리,,,,medium
d0293959d168ab575a7d,업데이트 | 뉴스 | 메이플스토리,,,,medium
5589477c66e4cd860624,업데이트 | 뉴스 | 메이플스토리,,,,medium
1ee976fe646937372c5b,업데이트 | 뉴스 | 메이플스토리,,,,medium
6242ff477ff132b72970,업데이트 | 뉴스 | 메이플스토리,,,,medium
d8428c1593a6bc7622ee,업데이트 | 뉴스 | 메이플스토리,,,,medium
2732a785575e371360ec,업데이트 | 뉴스 | 메이플스토리,,,,medium
9fbbad78c8afd33193ad,업데이트 | 뉴스 | 메이플스토리,,,,medium
20a41f170476ab6537c2,업데이트 | 뉴스 | 메이플스토리,,,,medium
705fe8dcd8e4de92d115,업데이트 | 뉴스 | 메이플스토리,,,,medium
0733218c78945961bacc,업데이트 | 뉴스 | 메이플스토리,,,,medium
455f0ea92b1b108f2b52,업데이트 | 뉴스 | 메이플스토리,,,,medium
c3ec0bef5afc7aa7e275,업데이트 | 뉴스 | 메이플스토리,,,,medium
53789216c2f21fe4c86c,업데이트 | 뉴스 | 메이플스토리,,,,medium
1f7383aabd0831d5a6cf,업데이트 | 뉴스 | 메이플스토리,,,,medium
925156bc4f424181f925,업데이트 | 뉴스 | 메이플스토리,,,,medium
23a2865211db2a1f9307,업데이트 | 뉴스 | 메이플스토리,,,,medium
adbc5951262ba59a8f3c,업데이트 | 뉴스 | 메이플스토리,,,,medium
bca9a9d4b66e2ef361a4,업데이트 | 뉴스 | 메이플스토리,,,,medium
e3974b97d2a663fe18c8,업데이트 | 뉴스 | 메이플스토리,,,,medium
e2f98813c5533da176f4,업데이트 | 뉴스 | 메이플스토리,,,,medium
1ff0d3c00fe565b799c9,업데이트 | 뉴스 | 메이플스토리,,,,medium
032d0fc43bb8623e0203,업데이트 | 뉴스 | 메이플스토리,,,,medium
8f04aeb795ebeb6d144c,업데이트 | 뉴스 | 메이플스토리,,,,medium
8cd51a4839a6020da6c5,업데이트 | 뉴스 | 메이플스토리,,,,medium
7ff5cc7e27ade4a34ea0,업데이트 | 뉴스 | 메이플스토리,,,,medium
0761ced57a8057430c27,업데이트 | 뉴스 | 메이플스토리,,,,medium
ed7f7502c7c3d2442a96,업데이트 | 뉴스 | 메이플스토리,,,,medium
dd0fe6aa5bf94dcf8ece,업데이트 | 뉴스 | 메이플스토리,,,,medium
a873988749a8fe5d81d0,업데이트 | 뉴스 | 메이플스토리,,,,medium
765f14c46cfed6701bf8,업데이트 | 뉴스 | 메이플스토리,,,,medium
4e8c4b939e8bf730bb60,업데이트 | 뉴스 | 메이플스토리,,,,medium
a2cf040e34d2ed531afa,업데이트 | 뉴스 | 메이플스토리,,,,medium
9a115cd87a247403e0d3,업데이트 | 뉴스 | 메이플스토리,,,,medium
8772c84fba3e2f8397cd,업데이트 | 뉴스 | 메이플스토리,,,,medium
5963e741aa293a4e8727,업데이트 | 뉴스 | 메이플스토리,,,,medium
b7331eac1688b76815a5,업데이트 | 뉴스 | 메이플스토리,,,,medium
6ef57dfef103650991e2,업데이트 | 뉴스 | 메이플스토리,,,,medium
bc29912aa28b70c2adee,업데이트 | 뉴스 | 메이플스토리,,,,medium
432110112ad3486fe133,업데이트 | 뉴스 | 메이플스토리,,,,medium
0cbb8887683d95b077c3,업데이트 | 뉴스 | 메이플스토리,,,,medium
6c9207acc15c696fb129,업데이트 | 뉴스 | 메이플스토리,,,,medium
7accbe3ac60d8dc39f9e,업데이트 | 뉴스 | 메이플스토리,,,,medium
3a11f617ec942d087c62,업데이트 | 뉴스 | 메이플스토리,,,,medium
2aed7327d9c4f84fd70b,업데이트 | 뉴스 | 메이플스토리,,,,medium
f18cb9c9490f62d49fea,업데이트 | 뉴스 | 메이플스토리,,,,medium
709e9c3bf68bd9d323d4,업데이트 | 뉴스 | 메이플스토리,,,,medium
e7b94794cbc59b6b10cf,업데이트 | 뉴스 | 메이플스토리,,,,medium
66d26e3095183cf17b72,업데이트 | 뉴스 | 메이플스토리,,,,medium
b3a000645183304c3178,업데이트 | 뉴스 | 메이플스토리,,,,medium
45422303382fa96aa90b,업데이트 | 뉴스 | 메이플스토리,,,,medium
ad2be5a61776874c93eb,업데이트 | 뉴스 | 메이플스토리,,,,medium
4efb6de4552fd42fcb63,업데이트 | 뉴스 | 메이플스토리,,,,medium
434203d267af09c46038,업데이트 | 뉴스 | 메이플스토리,,,,medium
639733fffee1adf923c4,업데이트 | 뉴스 | 메이플스토리,,,,medium
4fb6eba976452f9f83bf,업데이트 | 뉴스 | 메이플스토리,,,,medium
cce3addae32f780fc1f4,업데이트 | 뉴스 | 메이플스토리,,,,medium
f60dad7e0a45b0bcfaba,업데이트 | 뉴스 | 메이플스토리,,,,medium
30a6eafd7e8342ed79ea,업데이트 | 뉴스 | 메이플스토리,,,,medium
7ab65fce200ce0eacd24,업데이트 | 뉴스 | 메이플스토리,,,,medium
1d93b78f3c16018cbb5d,업데이트 | 뉴스 | 메이플스토리,,,,medium
15cedfeffc52ca170fc2,업데이트 | 뉴스 | 메이플스토리,,,,medium
0bd86048b059fa51783a,업데이트 | 뉴스 | 메이플스토리,,,,medium
ecfc85b36be9c2aad1a0,업데이트 | 뉴스 | 메이플스토리,,,,medium
3adf8161a1faa10edee9,업데이트 | 뉴스 | 메이플스토리,,,,medium
e644c586dcd619b12a1e,업데이트 | 뉴스 | 메이플스토리,,,,medium
2650112ef55d706debe0,업데이트 | 뉴스 | 메이플스토리,,,,medium
8780aef1cc80552e0211,업데이트 | 뉴스 | 메이플스토리,,,,medium
9142987b249d99b74f1b,업데이트 | 뉴스 | 메이플스토리,,,,medium
83ba2016508c01a336d2,업데이트 | 뉴스 | 메이플스토리,,,,medium
e391f62bf53caf67f7a3,업데이트 | 뉴스 | 메이플스토리,,,,medium
871c6c1da0e9853d5274,업데이트 | 뉴스 | 메이플스토리,,,,medium
c461f0a0bd0bd0b252d0,업데이트 | 뉴스 | 메이플스토리,,,,medium
2e6b2b603d279570991b,업데이트 | 뉴스 | 메이플스토리,,,,medium
2311ee23f28ee1952625,업데이트 | 뉴스 | 메이플스토리,,,,medium
fc4ee73b70854a477ce1,업데이트 | 뉴스 | 메이플스토리,,,,medium
aa3c1cfc1c6d8eb3d690,업데이트 | 뉴스 | 메이플스토리,,,,medium
6963bd1c278435583f72,업데이트 | 뉴스 | 메이플스토리,,,,medium
6c55173d7b7d4c2f0143,업데이트 | 뉴스 | 메이플스토리,,,,medium
23fb00756a990cec02cf,업데이트 | 뉴스 | 메이플스토리,,,,medium
f6e7ff64109002134b78,업데이트 | 뉴스 | 메이플스토리,,,,medium
f7e9c86177f5bb6eb659,업데이트 | 뉴스 | 메이플스토리,,,,medium
34ce646f3a83f28e84c2,업데이트 | 뉴스 | 메이플스토리,,,,medium
afa36a0c6bbe8b126fc4,업데이트 | 뉴스 | 메이플스토리,,,,medium
8701a55ca24f3fff24c5,업데이트 | 뉴스 | 메이플스토리,,,,medium
e24c737677d68dc92356,업데이트 | 뉴스 | 메이플스토리,,,,medium
01afea9dcc23e95535c9,업데이트 | 뉴스 | 메이플스토리,,,,medium
eee9206c13cdd83dd710,업데이트 | 뉴스 | 메이플스토리,,,,medium
79449974b4c420adf7d2,업데이트 | 뉴스 | 메이플스토리,,,,medium
c2db3b8486e160fe731b,업데이트 | 뉴스 | 메이플스토리,,,,medium
270c87bf7d51ec00a6fe,업데이트 | 뉴스 | 메이플스토리,,,,medium
ae3444e9f89ba3c4e886,업데이트 | 뉴스 | 메이플스토리,,,,medium
a1a5aa5ce335f8f8c2a1,업데이트 | 뉴스 | 메이플스토리,,,,medium
f2882569c3e52b82af7b,업데이트 | 뉴스 | 메이플스토리,,,,medium
0985fc4f231a4a569b2e,업데이트 | 뉴스 | 메이플스토리,,,,medium
6cf9253a4d77c39e26b2,업데이트 | 뉴스 | 메이플스토리,,,,medium
ff99f087a9ce8c74a68d,업데이트 | 뉴스 | 메이플스토리,,,,medium
5599bcea392b547c2416,업데이트 | 뉴스 | 메이플스토리,,,,medium
841d1d2a4c5509bd42fb,업데이트 | 뉴스 | 메이플스토리,,,,medium
16706c67c87455d70ef9,업데이트 | 뉴스 | 메이플스토리,,,,medium
75780f39820cc0d0b2f1,업데이트 | 뉴스 | 메이플스토리,,,,medium
ef9d05380a21e8972237,업데이트 | 뉴스 | 메이플스토리,,,,medium
b512739b0b7ad7981f5d,업데이트 | 뉴스 | 메이플스토리,,,,medium
f74e0f28a0b50aa4a643,업데이트 | 뉴스 | 메이플스토리,,,,medium
b961bf224a4ba0eb54b7,업데이트 | 뉴스 | 메이플스토리,,,,medium
3c3fcd153957cd6e5839,업데이트 | 뉴스 | 메이플스토리,,,,medium
6e3c81dae2b57501a776,업데이트 | 뉴스 | 메이플스토리,,,,medium
5100670786bc358f59de,업데이트 | 뉴스 | 메이플스토리,,,,medium
cd0df5e241f1643272e5,업데이트 | 뉴스 | 메이플스토리,,,,medium
0add7da1bd3edcf08f45,업데이트 | 뉴스 | 메이플스토리,,,,medium
c450c4911daefda8f08f,업데이트 | 뉴스 | 메이플스토리,,,,medium
5e09da3b89d76c767924,업데이트 | 뉴스 | 메이플스토리,,,,medium
e57055a48d771c4d79c2,업데이트 | 뉴스 | 메이플스토리,,,,medium
982a4ed5771579ba1adb,업데이트 | 뉴스 | 메이플스토리,,,,medium
f62865563266d004654c,업데이트 | 뉴스 | 메이플스토리,,,,medium
4d8ac554b9ab2fb24df4,업데이트 | 뉴스 | 메이플스토리,,,,medium
4143eb43e6554a1fb222,업데이트 | 뉴스 | 메이플스토리,,,,medium
b240603df776a01a22b7,업데이트 | 뉴스 | 메이플스토리,,,,medium
8fd61e3487b93213c070,업데이트 | 뉴스 | 메이플스토리,,,,medium
898ad8ed8e47de24e8a4,업데이트 | 뉴스 | 메이플스토리,,,,medium
1628d1e6fadf8663f220,업데이트 | 뉴스 | 메이플스토리,,,,medium
5a6427e07ebac8dfc048,업데이트 | 뉴스 | 메이플스토리,,,,medium
7abfc43d14579985bcdf,업데이트 | 뉴스 | 메이플스토리,,,,medium
3be2046d5d5b9482255f,업데이트 | 뉴스 | 메이플스토리,,,,medium
8d9cb4a611efdf140d5d,업데이트 | 뉴스 | 메이플스토리,,,,medium
afe20477c2477d2efed4,업데이트 | 뉴스 | 메이플스토리,,,,medium
d2e1133fbe23213fa1d8,업데이트 | 뉴스 | 메이플스토리,,,,medium
08d41f59193af91ba4fb,업데이트 | 뉴스 | 메이플스토리,,,,medium
2abdccae8de05a51ee51,업데이트 | 뉴스 | 메이플스토리,,,,medium
eeb18eee43bb07be024c,업데이트 | 뉴스 | 메이플스토리,,,,medium
33ee80d777681fb62083,업데이트 | 뉴스 | 메이플스토리,,,,medium
94d0c2e2318e7c30df73,업데이트 | 뉴스 | 메이플스토리,,,,medium
776b907ec56e108c00b6,업데이트 | 뉴스 | 메이플스토리,,,,medium
5dfeb0de1bd667138d77,업데이트 | 뉴스 | 메이플스토리,,,,medium
2a91622fa1bf6772523a,업데이트 | 뉴스 | 메이플스토리,,,,medium
dcb1795b06c306bd2429,업데이트 | 뉴스 | 메이플스토리,,,,medium
19f222268b4063770704,업데이트 | 뉴스 | 메이플스토리,,,,medium
cd1b3977a92aff3d1546,업데이트 | 뉴스 | 메이플스토리,,,,medium
9698b05c2a1b86a09274,업데이트 | 뉴스 | 메이플스토리,,,,medium
dea5bb8a3d1850175d1a,업데이트 | 뉴스 | 메이플스토리,,,,medium
0ae3e1c9d6a891b82905,업데이트 | 뉴스 | 메이플스토리,,,,medium
9e3b7a87bdf85307d78c,업데이트 | 뉴스 | 메이플스토리,,,,medium
b85d21c1c8e2f9a5694f,업데이트 | 뉴스 | 메이플스토리,,,,medium
7358d3c88a0ab2c07b51,업데이트 | 뉴스 | 메이플스토리,,,,medium
03170ea52dd105336b99,업데이트 | 뉴스 | 메이플스토리,,,,medium
443c78b4176896e1a5cf,업데이트 | 뉴스 | 메이플스토리,,,,medium
4aaca5c308439010a299,업데이트 | 뉴스 | 메이플스토리,,,,medium
997a83db45f70c2fdce8,업데이트 | 뉴스 | 메이플스토리,,,,medium
9c834694a7264f0d1964,업데이트 | 뉴스 | 메이플스토리,,,,medium
88a88a88cddc588bf4e4,업데이트 | 뉴스 | 메이플스토리,,,,medium
243f616fd21aa046911a,업데이트 | 뉴스 | 메이플스토리,,,,medium
45987a19203d6db4651d,업데이트 | 뉴스 | 메이플스토리,,,,medium
5f6976bb99f26b741d0d,업데이트 | 뉴스 | 메이플스토리,,,,medium
55c2ae8140db662e21e7,업데이트 | 뉴스 | 메이플스토리,,,,medium
24e957eb18b0fbe71928,업데이트 | 뉴스 | 메이플스토리,,,,medium
19f61f3021e56f0c0cc0,업데이트 | 뉴스 | 메이플스토리,,,,medium
8edabeaafdcb11c82ed0,업데이트 | 뉴스 | 메이플스토리,,,,medium
eb987f5f8c11ddd2dc28,업데이트 | 뉴스 | 메이플스토리,,,,medium
e0bb5633cc6df81edcda,업데이트 | 뉴스 | 메이플스토리,,,,medium
7a2213d16f917ce3daf4,업데이트 | 뉴스 | 메이플스토리,,,,medium
182fa7b47a0e35223bbf,업데이트 | 뉴스 | 메이플스토리,,,,medium
639636252a936f06f6d3,업데이트 | 뉴스 | 메이플스토리,,,,medium
dce8a4f75152cf74cdea,업데이트 | 뉴스 | 메이플스토리,,,,medium
ff18ca569defdabda534,업데이트 | 뉴스 | 메이플스토리,,,,medium
07eb277fbeb602344760,업데이트 | 뉴스 | 메이플스토리,,,,medium
917fc3832628d26f1a91,업데이트 | 뉴스 | 메이플스토리,,,,medium
8ef4ee92b6a85e6c633b,업데이트 | 뉴스 | 메이플스토리,,,,medium
00558b6b3d344d3a1db1,업데이트 | 뉴스 | 메이플스토리,,,,medium
47e569173ed2c8afdcfb,업데이트 | 뉴스 | 메이플스토리,,,,medium
2953c78825be44588de6,업데이트 | 뉴스 | 메이플스토리,,,,medium
3da2eefd15888fa1f451,업데이트 | 뉴스 | 메이플스토리,,,,medium
73ef1d4a06c14bf1622b,업데이트 | 뉴스 | 메이플스토리,,,,medium
cad3ba1bd4ab3c4626be,업데이트 | 뉴스 | 메이플스토리,,,,medium
bb2d2cba1af5de56b19e,업데이트 | 뉴스 | 메이플스토리,,,,medium
845baeb38c94507bc2e9,업데이트 | 뉴스 | 메이플스토리,,,,medium
638b7b52b531341aaa72,업데이트 | 뉴스 | 메이플스토리,,,,medium
3033ac40099c99c68440,업데이트 | 뉴스 | 메이플스토리,,,,medium
35b3236833a663426329,업데이트 | 뉴스 | 메이플스토리,,,,medium
e26f8e4cb2000f15dc9e,업데이트 | 뉴스 | 메이플스토리,,,,medium
878898897afc7eddd0e6,업데이트 | 뉴스 | 메이플스토리,,,,medium
e9514f8901fa66c4e72b,업데이트 | 뉴스 | 메이플스토리,,,,medium
ce7c821507055e780b7c,업데이트 | 뉴스 | 메이플스토리,,,,medium
7b43e6f525e4962fa890,업데이트 | 뉴스 | 메이플스토리,,,,medium
8ee898c8f4bfdd89daf1,업데이트 | 뉴스 | 메이플스토리,,,,medium
0240d55e8c7a96f8b6f6,업데이트 | 뉴스 | 메이플스토리,,,,medium
0645d73e39267077a62c,업데이트 | 뉴스 | 메이플스토리,,,,medium
f372f72cb4a13c2263e0,업데이트 | 뉴스 | 메이플스토리,,,,medium
e13ec14ec261679ccb4b,업데이트 | 뉴스 | 메이플스토리,,,,medium
02d16030a357a7d4b64a,업데이트 | 뉴스 | 메이플스토리,,,,medium
85eab3f75bcd10c09229,업데이트 | 뉴스 | 메이플스토리,,,,medium
a61713da6aca6d980d5c,업데이트 | 뉴스 | 메이플스토리,,,,medium
9834b6c01615191f47d6,업데이트 | 뉴스 | 메이플스토리,,,,medium
60015a2ea3d189221f49,업데이트 | 뉴스 | 메이플스토리,,,,medium
0f3587a5a023f5c6c933,업데이트 | 뉴스 | 메이플스토리,,,,medium
8b34ae31a5faa1ff2a26,업데이트 | 뉴스 | 메이플스토리,,,,medium
34e221bd34cfdffee85b,업데이트 | 뉴스 | 메이플스토리,,,,medium
2c34cc0417d8b93c542a,업데이트 | 뉴스 | 메이플스토리,,,,medium
0236c65bb65522f6016a,업데이트 | 뉴스 | 메이플스토리,,,,medium
a6e00da8e636c881f137,업데이트 | 뉴스 | 메이플스토리,,,,medium
6f41770321d293768d39,업데이트 | 뉴스 | 메이플스토리,,,,medium
94edad0ba35a2ce43c6c,업데이트 | 뉴스 | 메이플스토리,,,,medium
64cef122102f774384d6,업데이트 | 뉴스 | 메이플스토리,,,,medium
3023adbc067516880777,업데이트 | 뉴스 | 메이플스토리,,,,medium
3e10a7ba83626630ff8a,업데이트 | 뉴스 | 메이플스토리,,,,medium
a8c100023a9968b8f0a8,업데이트 | 뉴스 | 메이플스토리,,,,medium
44fbd546ae400769ad35,업데이트 | 뉴스 | 메이플스토리,,,,medium
2c12633eafb0d488a021,업데이트 | 뉴스 | 메이플스토리,,,,medium
568899f0ded53f29fddd,업데이트 | 뉴스 | 메이플스토리,,,,medium
3495f7c222fe75a450fd,업데이트 | 뉴스 | 메이플스토리,,,,medium
f74a6d6c32ff2668fdd8,업데이트 | 뉴스 | 메이플스토리,,,,medium
5942d66020632e78a4ba,업데이트 | 뉴스 | 메이플스토리,,,,medium
6cc3ff03e6677606e8d0,업데이트 | 뉴스 | 메이플스토리,,,,medium
70e9b25ed7b5aa08540e,업데이트 | 뉴스 | 메이플스토리,,,,medium
01dfc0f2bcc1ea4d4475,업데이트 | 뉴스 | 메이플스토리,,,,medium
3cc112f7eedea3804ef6,업데이트 | 뉴스 | 메이플스토리,,,,medium
fac6d954b2b0dd52b702,업데이트 | 뉴스 | 메이플스토리,,,,medium
ad25d2b19d13bd87d2ca,업데이트 | 뉴스 | 메이플스토리,,,,medium
ee725c51b13f76e84428,업데이트 | 뉴스 | 메이플스토리,,,,medium
5efc0ac991504e8a6303,업데이트 | 뉴스 | 메이플스토리,,,,medium
cafa143ea9aaa52f76ad,업데이트 | 뉴스 | 메이플스토리,,,,medium
7a9f9cdb5e8fc800dc0e,업데이트 | 뉴스 | 메이플스토리,,,,medium
ab2bb07f61eb9567ea82,업데이트 | 뉴스 | 메이플스토리,,,,medium
065873ed7b0c76424773,업데이트 | 뉴스 | 메이플스토리,,,,medium
0d90b9555943184e8fd6,업데이트 | 뉴스 | 메이플스토리,,,,medium
a51081891f2f9666d35a,업데이트 | 뉴스 | 메이플스토리,,,,medium
036025b7f7af7731c859,업데이트 | 뉴스 | 메이플스토리,,,,medium
87237112fa1e983afd99,업데이트 | 뉴스 | 메이플스토리,,,,medium
e2ae08828272e0eca087,업데이트 | 뉴스 | 메이플스토리,,,,medium
0fdf6f2b5eecfdc07847,업데이트 | 뉴스 | 메이플스토리,,,,medium
fe392457c36430922bf2,업데이트 | 뉴스 | 메이플스토리,,,,medium
9f676a0ebb0e7cb11e2b,업데이트 | 뉴스 | 메이플스토리,,,,medium
5b80126b7dd65effeb06,업데이트 | 뉴스 | 메이플스토리,,,,medium
0811bc538c81e443e0ad,업데이트 | 뉴스 | 메이플스토리,,,,medium
11a4281e5be6e61b8666,업데이트 | 뉴스 | 메이플스토리,,,,medium
234c8e7be96c4fb26bc7,업데이트 | 뉴스 | 메이플스토리,,,,medium
4e7afb875b9ae6a250d8,업데이트 | 뉴스 | 메이플스토리,,,,medium
dfa51dae251b9c542ed4,업데이트 | 뉴스 | 메이플스토리,,,,medium
11656e3565cc971b276f,업데이트 | 뉴스 | 메이플스토리,,,,medium
67cdfc05a020cfb13015,업데이트 | 뉴스 | 메이플스토리,,,,medium
7e351e2ecb1b8d0d9650,업데이트 | 뉴스 | 메이플스토리,,,,medium
f9f9e21280d6cf6c1f49,업데이트 | 뉴스 | 메이플스토리,,,,medium
c3f894470458f62ab03c,업데이트 | 뉴스 | 메이플스토리,,,,medium
d5a04e643a8a9ab8c768,업데이트 | 뉴스 | 메이플스토리,,,,medium
376bd45cde83e5dcb404,업데이트 | 뉴스 | 메이플스토리,,,,medium
0dadaf034f7f0069330f,업데이트 | 뉴스 | 메이플스토리,,,,medium
78940340fe1304726672,업데이트 | 뉴스 | 메이플스토리,,,,medium
437248f0416727a254a0,업데이트 | 뉴스 | 메이플스토리,,,,medium
d6e0cd8321e85b8299f5,업데이트 | 뉴스 | 메이플스토리,,,,medium
46abfd012d1b090d2159,업데이트 | 뉴스 | 메이플스토리,,,,medium
a19098081646e884b9a2,업데이트 | 뉴스 | 메이플스토리,,,,medium
5d77ab63957b5984ee05,업데이트 | 뉴스 | 메이플스토리,,,,medium
388dd0a474ae8da94e94,업데이트 | 뉴스 | 메이플스토리,,,,medium
92f06755e502fe1aada9,업데이트 | 뉴스 | 메이플스토리,,,,medium
c6964f2ab75c2969b90c,업데이트 | 뉴스 | 메이플스토리,,,,medium
90249fbc19629b779f87,업데이트 | 뉴스 | 메이플스토리,,,,medium
1631015bc5bd211413ea,업데이트 | 뉴스 | 메이플스토리,,,,medium
a151ab92a7da4c59612e,업데이트 | 뉴스 | 메이플스토리,,,,medium
04d80526fb5d9b6b6c9d,업데이트 | 뉴스 | 메이플스토리,,,,medium
c7baa5b73aadbf96be1c,업데이트 | 뉴스 | 메이플스토리,,,,medium
0d83ad22322db982562f,업데이트 | 뉴스 | 메이플스토리,,,,medium
1066a76d761cbe139030,업데이트 | 뉴스 | 메이플스토리,,,,medium
464b47cdbc3b294adfe1,업데이트 | 뉴스 | 메이플스토리,,,,medium
649a429a825650bea5f7,업데이트 | 뉴스 | 메이플스토리,,,,medium
da0d36cc248b40e3b48b,업데이트 | 뉴스 | 메이플스토리,,,,medium
b3d2707993fb85b00a62,업데이트 | 뉴스 | 메이플스토리,,,,medium
a6422a5538405b840771,업데이트 | 뉴스 | 메이플스토리,,,,medium
fa8b71a73e87f432e8ba,업데이트 | 뉴스 | 메이플스토리,,,,medium
f6a255413cd32b8187b8,업데이트 | 뉴스 | 메이플스토리,,,,medium
25ae58a07c374a30ba21,업데이트 | 뉴스 | 메이플스토리,,,,medium
d0b2b2554d5e7c4d59e7,업데이트 | 뉴스 | 메이플스토리,,,,medium
129d1a9c7f65f5b598ec,업데이트 | 뉴스 | 메이플스토리,,,,medium
a71bd77746cfd3bbe049,업데이트 | 뉴스 | 메이플스토리,,,,medium
896c98af54d740ef0771,업데이트 | 뉴스 | 메이플스토리,,,,medium
7da1fedeeb671ba6516b,업데이트 | 뉴스 | 메이플스토리,,,,medium
00e52cae6a7a61a0881e,업데이트 | 뉴스 | 메이플스토리,,,,medium
93bd269c0621c390c996,업데이트 | 뉴스 | 메이플스토리,,,,medium
ce3d428c8abfae17fc51,업데이트 | 뉴스 | 메이플스토리,,,,medium
f0a56f8a18136b599556,업데이트 | 뉴스 | 메이플스토리,,,,medium
906ffce7967168c8a9d6,업데이트 | 뉴스 | 메이플스토리,,,,medium
8a56799edd643cbd6661,업데이트 | 뉴스 | 메이플스토리,,,,medium
5eaff5951e909cbf71a5,업데이트 | 뉴스 | 메이플스토리,,,,medium
7f46bcb3f29a535b4ad2,업데이트 | 뉴스 | 메이플스토리,,,,medium
f2ad2dd0de6875528872,업데이트 | 뉴스 | 메이플스토리,,,,medium
710ea5c013b2d22f218e,업데이트 | 뉴스 | 메이플스토리,,,,medium
2e4c318da9dbc033932c,업데이트 | 뉴스 | 메이플스토리,,,,medium
d726ebf01822e69d18d3,업데이트 | 뉴스 | 메이플스토리,,,,medium
25c6969771e2b80ee60f,업데이트 | 뉴스 | 메이플스토리,,,,medium
37e8e136bdce40b4a3ae,업데이트 | 뉴스 | 메이플스토리,,,,medium
9d3ff645b28409a91f47,업데이트 | 뉴스 | 메이플스토리,,,,medium
1d5e6b120f51ad5ea16e,업데이트 | 뉴스 | 메이플스토리,,,,medium
ec802aa2a5274013e33e,업데이트 | 뉴스 | 메이플스토리,,,,medium
792157f6fafaf1d7de6c,업데이트 | 뉴스 | 메이플스토리,,,,medium
2830f726861d494aafeb,업데이트 | 뉴스 | 메이플스토리,,,,medium
49101c60d3d1e94d67e1,업데이트 | 뉴스 | 메이플스토리,,,,medium
79a7ddaa458c9f43f791,업데이트 | 뉴스 | 메이플스토리,,,,medium
5aa37b47a766132ff2da,업데이트 | 뉴스 | 메이플스토리,,,,medium
212d18aeea45d6683f23,업데이트 | 뉴스 | 메이플스토리,,,,medium
93dc2dbe8ccdb245a7b2,업데이트 | 뉴스 | 메이플스토리,,,,medium
d9de113eb6bc6b69a50d,업데이트 | 뉴스 | 메이플스토리,,,,medium
68e4f0055b153a7463ad,업데이트 | 뉴스 | 메이플스토리,,,,medium
ee36afe0026a8591bd96,업데이트 | 뉴스 | 메이플스토리,,,,medium
a7e609ef2f9a1fb11d5c,업데이트 | 뉴스 | 메이플스토리,,,,medium
85f37ec64b9a9013b31f,업데이트 | 뉴스 | 메이플스토리,,,,medium
6426bbb91bd9210ab3ae,업데이트 | 뉴스 | 메이플스토리,,,,medium
8a778d7832fa95317612,업데이트 | 뉴스 | 메이플스토리,,,,medium
acb3291e471174b7d44b,업데이트 | 뉴스 | 메이플스토리,,,,medium
66a64c8dfb37108002ae,업데이트 | 뉴스 | 메이플스토리,,,,medium
0364e33a85955f96c8f7,업데이트 | 뉴스 | 메이플스토리,,,,medium
dbf5e3d10ba946db0ed8,업데이트 | 뉴스 | 메이플스토리,,,,medium
0829dfcd7e7605c0f174,업데이트 | 뉴스 | 메이플스토리,,,,medium
7910ba17103c6b9b6074,업데이트 | 뉴스 | 메이플스토리,,,,medium
4016d6fc6049b559894c,업데이트 | 뉴스 | 메이플스토리,,,,medium
02d77d654b8f917d5dc2,업데이트 | 뉴스 | 메이플스토리,,,,medium
d9c061be085c76db9dca,업데이트 | 뉴스 | 메이플스토리,,,,medium
37d20f39a7345b4b597d,업데이트 | 뉴스 | 메이플스토리,,,,medium
819c28ab2f0ffd8e869d,업데이트 | 뉴스 | 메이플스토리,,,,medium
2230c9795f4f447135c8,업데이트 | 뉴스 | 메이플스토리,,,,medium
52b20d8eeb29d842138b,업데이트 | 뉴스 | 메이플스토리,,,,medium
9927651dd9ceaccac00c,업데이트 | 뉴스 | 메이플스토리,,,,medium
513fbf71b89ec6f17bad,업데이트 | 뉴스 | 메이플스토리,,,,medium
b958df2eddad3b9b162c,업데이트 | 뉴스 | 메이플스토리,,,,medium
c19ee7eed5f03167c441,업데이트 | 뉴스 | 메이플스토리,,,,medium
5a3d4760021be4a0754f,업데이트 | 뉴스 | 메이플스토리,,,,medium
e6dec2aa7096e026f98a,업데이트 | 뉴스 | 메이플스토리,,,,medium
e7446bb0b44602fa72cf,업데이트 | 뉴스 | 메이플스토리,,,,medium
2f2fdf67a96b3aa23d46,업데이트 | 뉴스 | 메이플스토리,,,,medium
ba5e63790602cfdd3443,업데이트 | 뉴스 | 메이플스토리,,,,medium
b09a950e0ad9df9b1298,업데이트 | 뉴스 | 메이플스토리,,,,medium
453afa7effd5f96cc3aa,업데이트 | 뉴스 | 메이플스토리,,,,medium
64cc865901f8dcbcba4b,업데이트 | 뉴스 | 메이플스토리,,,,medium
22d2e5977eedba2ff301,업데이트 | 뉴스 | 메이플스토리,,,,medium
fc6f98ee113a5d7e93f9,업데이트 | 뉴스 | 메이플스토리,,,,medium
da7f58129a6093b33ca9,업데이트 | 뉴스 | 메이플스토리,,,,medium
c922d2ad2e5093567f2e,업데이트 | 뉴스 | 메이플스토리,,,,medium
c5a61d857046ccfb2ec4,업데이트 | 뉴스 | 메이플스토리,,,,medium
68d4fdcba89b37c20373,업데이트 | 뉴스 | 메이플스토리,,,,medium
961494eace5f825679de,업데이트 | 뉴스 | 메이플스토리,,,,medium
6e7ba827150b9a19bf7a,업데이트 | 뉴스 | 메이플스토리,,,,medium
3695b7a6325806f81bed,업데이트 | 뉴스 | 메이플스토리,,,,medium
42e2239241eba35e66f3,업데이트 | 뉴스 | 메이플스토리,,,,medium
4f3aede61bf9088b2c8b,업데이트 | 뉴스 | 메이플스토리,,,,medium
2a0077ee1c6c1a09be7a,업데이트 | 뉴스 | 메이플스토리,,,,medium
cf102fb6477641c09fbf,업데이트 | 뉴스 | 메이플스토리,,,,medium
6a7f7040d6f01a456635,업데이트 | 뉴스 | 메이플스토리,,,,medium
f07662022f4679938dd3,업데이트 | 뉴스 | 메이플스토리,,,,medium
ce80b0d44d8bb52aff99,업데이트 | 뉴스 | 메이플스토리,,,,medium
7a02de18393834f1aa63,업데이트 | 뉴스 | 메이플스토리,,,,medium
03ddbdab42a6703e6540,업데이트 | 뉴스 | 메이플스토리,,,,medium
84ad8d25eb4e5697fb27,업데이트 | 뉴스 | 메이플스토리,,,,medium
3ad9f0d9f01f5dcf8eed,업데이트 | 뉴스 | 메이플스토리,,,,medium
694f7e2c3b9ccdd1cddc,업데이트 | 뉴스 | 메이플스토리,,,,medium
6a5bbdbe5f17972d3435,업데이트 | 뉴스 | 메이플스토리,,,,medium
5bf684ff36e30ae5299b,업데이트 | 뉴스 | 메이플스토리,,,,medium
1a0285fa266b924be873,업데이트 | 뉴스 | 메이플스토리,,,,medium
17ade8cf343aa426a428,업데이트 | 뉴스 | 메이플스토리,,,,medium
8cef5eff623ca4b659a8,업데이트 | 뉴스 | 메이플스토리,,,,medium
84f434800cf0f385f03b,업데이트 | 뉴스 | 메이플스토리,,,,medium
dbfb395ca75453fe773b,업데이트 | 뉴스 | 메이플스토리,,,,medium
e1beac81646d9edf53b8,업데이트 | 뉴스 | 메이플스토리,,,,medium
432c8b97a37295da2345,업데이트 | 뉴스 | 메이플스토리,,,,medium
a0ed55fc0016ef806849,업데이트 | 뉴스 | 메이플스토리,,,,medium
8d7067e3a9ea2dd3c88a,업데이트 | 뉴스 | 메이플스토리,,,,medium
630c4f00331227fe2eb5,업데이트 | 뉴스 | 메이플스토리,,,,medium
d4e83272e84e0974a5ae,업데이트 | 뉴스 | 메이플스토리,,,,medium
dda51a8e9b16039d499a,업데이트 | 뉴스 | 메이플스토리,,,,medium
cf9b81bda2bf32a3a903,업데이트 | 뉴스 | 메이플스토리,,,,medium
293e7a8eae1e5849ec19,업데이트 | 뉴스 | 메이플스토리,,,,medium
fe5413b780ee2f11ffc3,업데이트 | 뉴스 | 메이플스토리,,,,medium
84a975811140a0c57ff8,업데이트 | 뉴스 | 메이플스토리,,,,medium
524b3110e9cb833c12b6,업데이트 | 뉴스 | 메이플스토리,,,,medium
a8a98e6e4d8d00174fa3,업데이트 | 뉴스 | 메이플스토리,,,,medium
17f836f8493314dc56cc,업데이트 | 뉴스 | 메이플스토리,,,,medium
9cf76a239a39bdd1d92b,업데이트 | 뉴스 | 메이플스토리,,,,medium
4d928bf8c02125bc1abd,업데이트 | 뉴스 | 메이플스토리,,,,medium
60b8610b13e97be69daf,업데이트 | 뉴스 | 메이플스토리,,,,medium
5d756e16b689fe21ad70,업데이트 | 뉴스 | 메이플스토리,,,,medium
a490980546baf4f1d30e,업데이트 | 뉴스 | 메이플스토리,,,,medium
b7e29f974f24d3a5ab0d,업데이트 | 뉴스 | 메이플스토리,,,,medium
ad33e411d27d2315b179,업데이트 | 뉴스 | 메이플스토리,,,,medium
6fbea1bf52c1b030f295,업데이트 | 뉴스 | 메이플스토리,,,,medium
bf69559ce0a1706c21ee,업데이트 | 뉴스 | 메이플스토리,,,,medium
7ef68d7187b6b38b0701,업데이트 | 뉴스 | 메이플스토리,,,,medium
e3cb2395614562a01579,업데이트 | 뉴스 | 메이플스토리,,,,medium
ccd98d84c950b0377b52,업데이트 | 뉴스 | 메이플스토리,,,,medium
a95a1b80ed36e0a336d8,업데이트 | 뉴스 | 메이플스토리,,,,medium
6a98300b94de1cf4a3f7,업데이트 | 뉴스 | 메이플스토리,,,,medium
1bc0f429f8efd3fe599c,업데이트 | 뉴스 | 메이플스토리,,,,medium
80df839761eacdeb4373,업데이트 | 뉴스 | 메이플스토리,,,,medium
c6d0619295355391be00,업데이트 | 뉴스 | 메이플스토리,,,,medium
c1bc978671eb8f12e307,업데이트 | 뉴스 | 메이플스토리,,,,medium
7c86e64bc796c6a6009c,업데이트 | 뉴스 | 메이플스토리,,,,medium
398559bedf010986a0bc,업데이트 | 뉴스 | 메이플스토리,,,,medium
29c4b6990c96eaf543d1,업데이트 | 뉴스 | 메이플스토리,,,,medium
535e2a6915ad7bbbf4dd,업데이트 | 뉴스 | 메이플스토리,,,,medium
3c1d1b60c40030677714,업데이트 | 뉴스 | 메이플스토리,,,,medium
9cc9bdfe77c248189ea1,업데이트 | 뉴스 | 메이플스토리,,,,medium
4cc1f5ac76bce1a284ad,업데이트 | 뉴스 | 메이플스토리,,,,medium
d6d82449b24f0c960463,업데이트 | 뉴스 | 메이플스토리,,,,medium
bc8f21f44f4cf1b6b728,업데이트 | 뉴스 | 메이플스토리,,,,medium
75e0745ceec199e519d7,업데이트 | 뉴스 | 메이플스토리,,,,medium
fdd88c0124e06fc33dea,업데이트 | 뉴스 | 메이플스토리,,,,medium
b03d80e1936778d4b93c,업데이트 | 뉴스 | 메이플스토리,,,,medium
be5b0dcde83687830cc3,업데이트 | 뉴스 | 메이플스토리,,,,medium
9085ebda71b1ded11d63,업데이트 | 뉴스 | 메이플스토리,,,,medium
01071667b4db030f63d4,업데이트 | 뉴스 | 메이플스토리,,,,medium
4817346fa750333cb151,업데이트 | 뉴스 | 메이플스토리,,,,medium
997de44d5feaafc0f623,업데이트 | 뉴스 | 메이플스토리,,,,medium
b680b8a891d9a8583aa9,업데이트 | 뉴스 | 메이플스토리,,,,medium
fb5fc863802fb0d158cb,업데이트 | 뉴스 | 메이플스토리,,,,medium
9c7f306f357fed078bf4,업데이트 | 뉴스 | 메이플스토리,,,,medium
95ffae1c076c1de5a401,업데이트 | 뉴스 | 메이플스토리,,,,medium
d8ed751e2d9aca4dc070,업데이트 | 뉴스 | 메이플스토리,,,,medium
2ff76ca22e062f74cd5a,업데이트 | 뉴스 | 메이플스토리,,,,medium
8efb9f888a2b80072552,업데이트 | 뉴스 | 메이플스토리,,,,medium
62267619340993443037,업데이트 | 뉴스 | 메이플스토리,,,,medium
b39ba0c679fd615a2519,업데이트 | 뉴스 | 메이플스토리,,,,medium
cc1b327b5451ac547628,업데이트 | 뉴스 | 메이플스토리,,,,medium
7e8e36ce31ad76d1b985,업데이트 | 뉴스 | 메이플스토리,,,,medium
ea77abc72779f6a60595,업데이트 | 뉴스 | 메이플스토리,,,,medium
ddcd8f2dbb00610157cc,업데이트 | 뉴스 | 메이플스토리,,,,medium
49a5da3868315cb8d500,업데이트 | 뉴스 | 메이플스토리,,,,medium
a9e3fd39cbf37fc2251d,업데이트 | 뉴스 | 메이플스토리,,,,medium
58c5b62d64c3c8510ca8,업데이트 | 뉴스 | 메이플스토리,,,,medium
9c6030bfe603479aecc9,업데이트 | 뉴스 | 메이플스토리,,,,medium
cc368853a8ec06181c3c,업데이트 | 뉴스 | 메이플스토리,,,,medium
3f0d3d0213d210cff176,업데이트 | 뉴스 | 메이플스토리,,,,medium
d55cece43a2c7754f884,업데이트 | 뉴스 | 메이플스토리,,,,medium
6240ec59a766c567b179,업데이트 | 뉴스 | 메이플스토리,,,,medium
851791b9aac1d829d0af,업데이트 | 뉴스 | 메이플스토리,,,,medium
a2d5cd26d9e97e55ba23,업데이트 | 뉴스 | 메이플스토리,,,,medium
d0a775877f4250dd68aa,업데이트 | 뉴스 | 메이플스토리,,,,medium
532a4ae5ad6375b7fa08,업데이트 | 뉴스 | 메이플스토리,,,,medium
06c5adf468f55cf8047f,업데이트 | 뉴스 | 메이플스토리,,,,medium
031bb2c7a1376440a235,업데이트 | 뉴스 | 메이플스토리,,,,medium
286f656cfddbbff4314a,업데이트 | 뉴스 | 메이플스토리,,,,medium
500fa9a546339552de3a,업데이트 | 뉴스 | 메이플스토리,,,,medium
2651c2e5f9da38b4bf7f,업데이트 | 뉴스 | 메이플스토리,,,,medium
b0ff4b24b33ba9e48df9,업데이트 | 뉴스 | 메이플스토리,,,,medium
dff3784f6976b100b9c9,업데이트 | 뉴스 | 메이플스토리,,,,medium
1a0b9dccaa8c9c19c3ae,업데이트 | 뉴스 | 메이플스토리,,,,medium
8237199a7fadb16991ec,업데이트 | 뉴스 | 메이플스토리,,,,medium
1b831efef8ba04fbc412,업데이트 | 뉴스 | 메이플스토리,,,,medium
22f83574f7119baa0cdd,업데이트 | 뉴스 | 메이플스토리,,,,medium
9f48d311492816a8ba3d,업데이트 | 뉴스 | 메이플스토리,,,,medium
49fec8ec7ac663eb0496,업데이트 | 뉴스 | 메이플스토리,,,,medium
0835747455dd8af7ba29,업데이트 | 뉴스 | 메이플스토리,,,,medium
469477a8b7ae1eeea814,업데이트 | 뉴스 | 메이플스토리,,,,medium
19f6b10feb084780a471,업데이트 | 뉴스 | 메이플스토리,,,,medium
97f1fbe3148b10ff4419,업데이트 | 뉴스 | 메이플스토리,,,,medium
86d9ef550e11ee367b4a,업데이트 | 뉴스 | 메이플스토리,,,,medium
fc3c3de4aa2a71aebc01,업데이트 | 뉴스 | 메이플스토리,,,,medium
6bd47fa24f98d9be5332,업데이트 | 뉴스 | 메이플스토리,,,,medium
af206403b1d5514f07db,업데이트 | 뉴스 | 메이플스토리,,,,medium
5af06e8c1ee708213cf5,업데이트 | 뉴스 | 메이플스토리,,,,medium
76e7dd7d24422f806762,업데이트 | 뉴스 | 메이플스토리,,,,medium
58dd3bd4321f9f3ea52f,업데이트 | 뉴스 | 메이플스토리,,,,medium
e93d606be046dc9498a6,업데이트 | 뉴스 | 메이플스토리,,,,medium
3f42b65981376b86e6e4,업데이트 | 뉴스 | 메이플스토리,,,,medium
2047386b98f61344214e,업데이트 | 뉴스 | 메이플스토리,,,,medium
ada32b606c02b1fe990d,업데이트 | 뉴스 | 메이플스토리,,,,medium
ab6090012b200d0ae919,업데이트 | 뉴스 | 메이플스토리,,,,medium
b5705087f80b350e2cab,업데이트 | 뉴스 | 메이플스토리,,,,medium
17a2714fd60ddcbb8355,업데이트 | 뉴스 | 메이플스토리,,,,medium
abaf7b3159321bfa7890,업데이트 | 뉴스 | 메이플스토리,,,,medium
42061b17a714e3c5f693,업데이트 | 뉴스 | 메이플스토리,,,,medium
a21c7bb63d645d0d1247,업데이트 | 뉴스 | 메이플스토리,,,,medium
36e1aa0f5003759ee36d,업데이트 | 뉴스 | 메이플스토리,,,,medium
3568ca71417b3888d4f7,업데이트 | 뉴스 | 메이플스토리,,,,medium
554aa2ed43c24de8aa54,업데이트 | 뉴스 | 메이플스토리,,,,medium
a38c8875bc08e7a26deb,업데이트 | 뉴스 | 메이플스토리,,,,medium
c814609ebf2bfdb18a70,업데이트 | 뉴스 | 메이플스토리,,,,medium
88e36bf367d22554f835,업데이트 | 뉴스 | 메이플스토리,,,,medium
f029a3dbe72a1d2ac47d,업데이트 | 뉴스 | 메이플스토리,,,,medium
df79b01e3c4a7cb7b3b0,업데이트 | 뉴스 | 메이플스토리,,,,medium
114536bd48f9b3c04b47,업데이트 | 뉴스 | 메이플스토리,,,,medium
3a4b1452fb670e091d07,업데이트 | 뉴스 | 메이플스토리,,,,medium
2abf3eb34a9b73ec82c5,업데이트 | 뉴스 | 메이플스토리,,,,medium
c6f226d8c1df79beca49,업데이트 | 뉴스 | 메이플스토리,,,,medium
7386be34c24fa419ac7e,업데이트 | 뉴스 | 메이플스토리,,,,medium
d3de57630b9f0bd6e02b,업데이트 | 뉴스 | 메이플스토리,,,,medium
54a66691ca51b0c6eb43,업데이트 | 뉴스 | 메이플스토리,,,,medium
0609e3577988e53bba7b,업데이트 | 뉴스 | 메이플스토리,,,,medium
316b5e8c8dbdccd69013,업데이트 | 뉴스 | 메이플스토리,,,,medium
d76243da07b54d85360e,업데이트 | 뉴스 | 메이플스토리,,,,medium
3496063ff62a931c1201,업데이트 | 뉴스 | 메이플스토리,,,,medium
acfe3d2af44a7c14bea6,업데이트 | 뉴스 | 메이플스토리,,,,medium
231fc9b670e311bcbcec,업데이트 | 뉴스 | 메이플스토리,,,,medium
68e6037e43ec4e0e844f,업데이트 | 뉴스 | 메이플스토리,,,,medium
560c8314895faa4acfdb,업데이트 | 뉴스 | 메이플스토리,,,,medium
b4e0748d956ab190d203,업데이트 | 뉴스 | 메이플스토리,,,,medium
db66d1caba98ca4dd212,업데이트 | 뉴스 | 메이플스토리,,,,medium
241537943dfc8cf017a1,업데이트 | 뉴스 | 메이플스토리,,,,medium
5e7d54f416b24c3029aa,업데이트 | 뉴스 | 메이플스토리,,,,medium
1c863f224535612e650b,업데이트 | 뉴스 | 메이플스토리,,,,medium
0bec25eef7b7b906b068,업데이트 | 뉴스 | 메이플스토리,,,,medium
60792f50449cd39e8231,업데이트 | 뉴스 | 메이플스토리,,,,medium
c72eae7216546d764c41,업데이트 | 뉴스 | 메이플스토리,,,,medium
d8a1ce37fd5d9f47bd1a,업데이트 | 뉴스 | 메이플스토리,,,,medium
4f039721310bf49931b7,업데이트 | 뉴스 | 메이플스토리,,,,medium
bfda8b599591e0238f1b,업데이트 | 뉴스 | 메이플스토리,,,,medium
8f13fcb68ad10641ca6c,업데이트 | 뉴스 | 메이플스토리,,,,medium
40fc467812c963ad9bac,업데이트 | 뉴스 | 메이플스토리,,,,medium
2d5b1dc84dfcfbba5fe3,업데이트 | 뉴스 | 메이플스토리,,,,medium
879116979fe8817ff311,업데이트 | 뉴스 | 메이플스토리,,,,medium
7da0f0232f18f14c8c36,업데이트 | 뉴스 | 메이플스토리,,,,medium
42c508b1e43c02f74aaf,업데이트 | 뉴스 | 메이플스토리,,,,medium
7c071f37d7fd76115a9a,업데이트 | 뉴스 | 메이플스토리,,,,medium
d150d80c0f5fe36bf27e,업데이트 | 뉴스 | 메이플스토리,,,,medium
8a7df0ba01e4dbb2b1ad,업데이트 | 뉴스 | 메이플스토리,,,,medium
3de3b1847ef0e0a7e34c,업데이트 | 뉴스 | 메이플스토리,,,,medium
8b8e31a9afa1cbb5196c,업데이트 | 뉴스 | 메이플스토리,,,,medium
535952b77966b4a872f8,업데이트 | 뉴스 | 메이플스토리,,,,medium
83a47316fcc75db8636a,업데이트 | 뉴스 | 메이플스토리,,,,medium
0d6c0e4077368375af22,업데이트 | 뉴스 | 메이플스토리,,,,medium
05f5ad04a932a86d2a11,업데이트 | 뉴스 | 메이플스토리,,,,medium
9df1fcf89b67f1e8ad3c,업데이트 | 뉴스 | 메이플스토리,,,,medium
da9164a58b5e2c2f0c37,업데이트 | 뉴스 | 메이플스토리,,,,medium
eeec7d12f498ce835bf2,업데이트 | 뉴스 | 메이플스토리,,,,medium
0a272ab4240a7097032f,업데이트 | 뉴스 | 메이플스토리,,,,medium
1cc113d2ad4c15c27f1a,업데이트 | 뉴스 | 메이플스토리,,,,medium
42e078d9d71704526f5b,업데이트 | 뉴스 | 메이플스토리,,,,medium
c53b8b1b7454da752759,업데이트 | 뉴스 | 메이플스토리,,,,medium
7baffa6b08163d469faa,업데이트 | 뉴스 | 메이플스토리,,,,medium
211b88c48d9a2cdd27ea,업데이트 | 뉴스 | 메이플스토리,,,,medium
cf14dc6368223adb70c7,업데이트 | 뉴스 | 메이플스토리,,,,medium
aeeed9188a7a88ab3565,업데이트 | 뉴스 | 메이플스토리,,,,medium
c81c02e6775468862124,업데이트 | 뉴스 | 메이플스토리,,,,medium
fd42aefd9b2a0e169690,업데이트 | 뉴스 | 메이플스토리,,,,medium
cc6f88c18f3752786304,업데이트 | 뉴스 | 메이플스토리,,,,medium
d067d80baed1db4bb466,업데이트 | 뉴스 | 메이플스토리,,,,medium
569b68129f08643418d3,업데이트 | 뉴스 | 메이플스토리,,,,medium
9c6b7005acf0eea1e210,업데이트 | 뉴스 | 메이플스토리,,,,medium
6babed63a55a41f72173,업데이트 | 뉴스 | 메이플스토리,,,,medium
31eeedd2a5b90b3ea761,업데이트 | 뉴스 | 메이플스토리,,,,medium
a2e5e152aaeb2fd0247d,업데이트 | 뉴스 | 메이플스토리,,,,medium
4bbd49e1225ba52705b9,업데이트 | 뉴스 | 메이플스토리,,,,medium
0bf85af4237fcedbe4dd,업데이트 | 뉴스 | 메이플스토리,,,,medium
6d8027b6f1bad2c5b2e4,업데이트 | 뉴스 | 메이플스토리,,,,medium
45f34f4b5d8d7baa77de,업데이트 | 뉴스 | 메이플스토리,,,,medium
c8b1448b180425a31472,업데이트 | 뉴스 | 메이플스토리,,,,medium
76c250517c5e05f5014f,업데이트 | 뉴스 | 메이플스토리,,,,medium
4aa9830adec2ad05ade7,업데이트 | 뉴스 | 메이플스토리,,,,medium
5d8cb76cccb6ccd8ccfe,업데이트 | 뉴스 | 메이플스토리,,,,medium
39cbd9dc1cf638c43d20,업데이트 | 뉴스 | 메이플스토리,,,,medium
75772d48c05a5d2ce69e,업데이트 | 뉴스 | 메이플스토리,,,,medium
4817f39186d50434da1d,업데이트 | 뉴스 | 메이플스토리,,,,medium
65eebe67f8dc83bf4a0b,업데이트 | 뉴스 | 메이플스토리,,,,medium
118d2214783cc38a0cfd,업데이트 | 뉴스 | 메이플스토리,,,,medium
a86ef2023ce9e0888822,업데이트 | 뉴스 | 메이플스토리,,,,medium
0d9aba664d9506e02649,업데이트 | 뉴스 | 메이플스토리,,,,medium
58c070a946fc0a3f6fad,업데이트 | 뉴스 | 메이플스토리,,,,medium
e8b84badefb8b1b646c0,업데이트 | 뉴스 | 메이플스토리,,,,medium
646d6b9e84d9622c83c8,업데이트 | 뉴스 | 메이플스토리,,,,medium
35ef7f106c7c713f2bf1,업데이트 | 뉴스 | 메이플스토리,,,,medium
80a138f356fd357ccdd4,업데이트 | 뉴스 | 메이플스토리,,,,medium
3583d60dbe8634035289,업데이트 | 뉴스 | 메이플스토리,,,,medium
95e7a856480ffc55c590,업데이트 | 뉴스 | 메이플스토리,,,,medium
d4cbc25f98a2090beaff,업데이트 | 뉴스 | 메이플스토리,,,,medium
b32a8441391be30dccd0,업데이트 | 뉴스 | 메이플스토리,,,,medium
8594438798f44c59cbd3,업데이트 | 뉴스 | 메이플스토리,,,,medium
3febbb8a38534e649031,업데이트 | 뉴스 | 메이플스토리,,,,medium
6d30331ad447a5d05c78,업데이트 | 뉴스 | 메이플스토리,,,,medium
ce4af5659c9d9438cc15,업데이트 | 뉴스 | 메이플스토리,,,,medium
301f557ade7c59a0d66d,업데이트 | 뉴스 | 메이플스토리,,,,medium
e9f7beca40a658229277,업데이트 | 뉴스 | 메이플스토리,,,,medium
4eae8e4785254bd58fe8,업데이트 | 뉴스 | 메이플스토리,,,,medium
197e6527bb01f93c395c,업데이트 | 뉴스 | 메이플스토리,,,,medium
867af31fb21cbe8fc133,업데이트 | 뉴스 | 메이플스토리,,,,medium
55415dc4e2847a4ce886,업데이트 | 뉴스 | 메이플스토리,,,,medium
0a96ad8d8f10af73a764,업데이트 | 뉴스 | 메이플스토리,,,,medium
203487effd69e5815901,업데이트 | 뉴스 | 메이플스토리,,,,medium
fd89d5e00ddccf6a7e3f,업데이트 | 뉴스 | 메이플스토리,,,,medium
d8b15fd81f43f29e33e4,업데이트 | 뉴스 | 메이플스토리,,,,medium
9a6fdfb6357a620b21cd,업데이트 | 뉴스 | 메이플스토리,,,,medium
8c18b6dceed58fb0a4a1,업데이트 | 뉴스 | 메이플스토리,,,,medium
a8c53ec2d1d4dccb46ea,업데이트 | 뉴스 | 메이플스토리,,,,medium
05e49c80f30e73ed7882,업데이트 | 뉴스 | 메이플스토리,,,,medium
b76e9ce4cb808a880fa2,업데이트 | 뉴스 | 메이플스토리,,,,medium
5b06302268598bf32190,업데이트 | 뉴스 | 메이플스토리,,,,medium
ebfe5c39f8dd4ebeb547,업데이트 | 뉴스 | 메이플스토리,,,,medium
66cee7570383121157a2,업데이트 | 뉴스 | 메이플스토리,,,,medium
1b1d9c5cf0f97be5ffc9,업데이트 | 뉴스 | 메이플스토리,,,,medium
ba9e811fab9de0c77883,업데이트 | 뉴스 | 메이플스토리,,,,medium
3f5225a28f31d9db154c,업데이트 | 뉴스 | 메이플스토리,,,,medium
ae970ea1fbe4c9d5669a,업데이트 | 뉴스 | 메이플스토리,,,,medium
414545bd1b8a3e0a224d,업데이트 | 뉴스 | 메이플스토리,,,,medium
437819b3c5de6ee1f390,업데이트 | 뉴스 | 메이플스토리,,,,medium
d68c96a45175952ffaaf,업데이트 | 뉴스 | 메이플스토리,,,,medium
ec53c05fa55578b82709,업데이트 | 뉴스 | 메이플스토리,,,,medium
7756f9c427059bb95c16,업데이트 | 뉴스 | 메이플스토리,,,,medium
696413638f55d1743700,업데이트 | 뉴스 | 메이플스토리,,,,medium
715b02be5408f38991f2,업데이트 | 뉴스 | 메이플스토리,,,,medium
6fb15fa50c423b59998f,업데이트 | 뉴스 | 메이플스토리,,,,medium
1f77a48a492bdcd54d4a,업데이트 | 뉴스 | 메이플스토리,,,,medium
f683c99da0d282c61a01,업데이트 | 뉴스 | 메이플스토리,,,,medium
419ff7cbb716d5f353ed,업데이트 | 뉴스 | 메이플스토리,,,,medium
98044bdd83fa463ea332,업데이트 | 뉴스 | 메이플스토리,,,,medium
ec265354bb7a7ac289a0,업데이트 | 뉴스 | 메이플스토리,,,,medium
99f87bb64c59b2991c80,업데이트 | 뉴스 | 메이플스토리,,,,medium
f2fbb76d57dba5dc37f2,업데이트 | 뉴스 | 메이플스토리,,,,medium
c4aa0891de16aea2006e,업데이트 | 뉴스 | 메이플스토리,,,,medium
221930e7620a0ed0c96a,업데이트 | 뉴스 | 메이플스토리,,,,medium
56423a4e375b530b5f52,업데이트 | 뉴스 | 메이플스토리,,,,medium
64ccdca62be79dfe7cf4,업데이트 | 뉴스 | 메이플스토리,,,,medium
ea17870d65ec603fc47a,업데이트 | 뉴스 | 메이플스토리,,,,medium
15fb99d7857dd4114110,업데이트 | 뉴스 | 메이플스토리,,,,medium
8b81eec734be7e5a72a2,업데이트 | 뉴스 | 메이플스토리,,,,medium
894356be16a1f617cdaa,업데이트 | 뉴스 | 메이플스토리,,,,medium
efe914b09f66e30623d2,업데이트 | 뉴스 | 메이플스토리,,,,medium
c0ab2ba83dd15f014261,업데이트 | 뉴스 | 메이플스토리,,,,medium
5d6bcc0995aea7a307c3,업데이트 | 뉴스 | 메이플스토리,,,,medium
337fc03ce7195562f3eb,업데이트 | 뉴스 | 메이플스토리,,,,medium
b48479268f6f59e2f1a1,업데이트 | 뉴스 | 메이플스토리,,,,medium
6f6e9cf6ff8dc43788e4,업데이트 | 뉴스 | 메이플스토리,,,,medium
87ca701840bde381325f,업데이트 | 뉴스 | 메이플스토리,,,,medium
72d2d0be5402113a2912,업데이트 | 뉴스 | 메이플스토리,,,,medium
65c5b21c4632163b2466,업데이트 | 뉴스 | 메이플스토리,,,,medium
dac72543d00e601890db,업데이트 | 뉴스 | 메이플스토리,,,,medium
97eb8ad1f3cc87538b49,업데이트 | 뉴스 | 메이플스토리,,,,medium
400ce75f2baa4ac697cc,업데이트 | 뉴스 | 메이플스토리,,,,medium
460f3c760c398c8c48bd,업데이트 | 뉴스 | 메이플스토리,,,,medium
7f9e6c760e6e9ab140b8,업데이트 | 뉴스 | 메이플스토리,,,,medium
4d9c681a4b814973f01d,업데이트 | 뉴스 | 메이플스토리,,,,medium
c022a46d3d4504a9e290,업데이트 | 뉴스 | 메이플스토리,,,,medium
aa8b1a25e280381053c9,업데이트 | 뉴스 | 메이플스토리,,,,medium
47d7730c5ae949a2eeeb,업데이트 | 뉴스 | 메이플스토리,,,,medium
24e39ea97378a5b55597,업데이트 | 뉴스 | 메이플스토리,,,,medium
683e182bd0337c9f23dc,업데이트 | 뉴스 | 메이플스토리,,,,medium
bf99879608855c062289,업데이트 | 뉴스 | 메이플스토리,,,,medium
945c0e200ac8b25db059,업데이트 | 뉴스 | 메이플스토리,,,,medium
3cb7483079879cbc8281,업데이트 | 뉴스 | 메이플스토리,,,,medium
55d9da7bdb3fb4692b25,업데이트 | 뉴스 | 메이플스토리,,,,medium
4583eb241cc95a1ae092,업데이트 | 뉴스 | 메이플스토리,,,,medium
78743fb8de4030f7dc58,업데이트 | 뉴스 | 메이플스토리,,,,medium
f7c2dbc334e21788b372,업데이트 | 뉴스 | 메이플스토리,,,,medium
055e06a9dabe48decd9e,업데이트 | 뉴스 | 메이플스토리,,,,medium
3ad4ad4b9ef22d9a4091,업데이트 | 뉴스 | 메이플스토리,,,,medium
e21a270e74f314f08e0e,업데이트 | 뉴스 | 메이플스토리,,,,medium
25b09e9b3b9ac24f7558,업데이트 | 뉴스 | 메이플스토리,,,,medium
128fb16248d41e5e7bee,업데이트 | 뉴스 | 메이플스토리,,,,medium
11b955535df61949a6bc,업데이트 | 뉴스 | 메이플스토리,,,,medium
ae380e71771614d2c2be,업데이트 | 뉴스 | 메이플스토리,,,,medium
a71c6e70b33905e26924,업데이트 | 뉴스 | 메이플스토리,,,,medium
7975c5fbeb77c812c52c,업데이트 | 뉴스 | 메이플스토리,,,,medium
4e83af9f35aaad2df9bd,업데이트 | 뉴스 | 메이플스토리,,,,medium
098e561a0f546b43ba85,업데이트 | 뉴스 | 메이플스토리,,,,medium
78b4dfadef5467a4fd29,업데이트 | 뉴스 | 메이플스토리,,,,medium
fc44313fb625e460d459,업데이트 | 뉴스 | 메이플스토리,,,,medium
a75101a2cb893e555d31,업데이트 | 뉴스 | 메이플스토리,,,,medium
92cae04af6053cae057f,업데이트 | 뉴스 | 메이플스토리,,,,medium
aac48afe4408de25d416,업데이트 | 뉴스 | 메이플스토리,,,,medium
9210d2264f6953ad80ed,업데이트 | 뉴스 | 메이플스토리,,,,medium
ffa782bd8f65a9044336,업데이트 | 뉴스 | 메이플스토리,,,,medium
4f811529fc97b18f6ba4,업데이트 | 뉴스 | 메이플스토리,,,,medium
730cf8eb1a15ab508ea8,업데이트 | 뉴스 | 메이플스토리,,,,medium
5d4b8c6333cfa78d0640,업데이트 | 뉴스 | 메이플스토리,,,,medium
9d4f3af65730a2dc1b2c,업데이트 | 뉴스 | 메이플스토리,,,,medium
aa3d4ebc4aefe1456a17,업데이트 | 뉴스 | 메이플스토리,,,,medium
18ff4b7b05cbafd8f8f8,업데이트 | 뉴스 | 메이플스토리,,,,medium
79a446b704e43ef1c418,업데이트 | 뉴스 | 메이플스토리,,,,medium
a778bec1e2becacc36f8,업데이트 | 뉴스 | 메이플스토리,,,,medium
bd6e3d811aa59fc5e369,업데이트 | 뉴스 | 메이플스토리,,,,medium
f88abcbdb154ea266e92,업데이트 | 뉴스 | 메이플스토리,,,,medium
bdb22c6352fe51f57fd3,업데이트 | 뉴스 | 메이플스토리,,,,medium
2942ca63779844a96b79,업데이트 | 뉴스 | 메이플스토리,,,,medium
5cf6a764a5ae569561da,업데이트 | 뉴스 | 메이플스토리,,,,medium
9ecf4624fee846f432b8,업데이트 | 뉴스 | 메이플스토리,,,,medium
59696cbd613463a56c69,업데이트 | 뉴스 | 메이플스토리,,,,medium
594acb62b90922fe2772,업데이트 | 뉴스 | 메이플스토리,,,,medium
00c77f84081043dbd8c4,업데이트 | 뉴스 | 메이플스토리,,,,medium
8a148d03d73c002eb9ac,업데이트 | 뉴스 | 메이플스토리,,,,medium
66dff3594d47b1335d0d,업데이트 | 뉴스 | 메이플스토리,,,,medium
d6feb9d8d9a3aa371ba4,업데이트 | 뉴스 | 메이플스토리,,,,medium
61989700fb3a6e0d00f4,업데이트 | 뉴스 | 메이플스토리,,,,medium
c50187bc35a05390f28a,업데이트 | 뉴스 | 메이플스토리,,,,medium
b807de0100b93693b2d0,업데이트 | 뉴스 | 메이플스토리,,,,medium
869a3989e9806ee1d080,업데이트 | 뉴스 | 메이플스토리,,,,medium
03c7acb9d5db15f8e3bb,업데이트 | 뉴스 | 메이플스토리,,,,medium
f802036071d732d52ae6,업데이트 | 뉴스 | 메이플스토리,,,,medium
526aea3ec27b873310fb,업데이트 | 뉴스 | 메이플스토리,,,,medium
f322914bc885db190e2d,업데이트 | 뉴스 | 메이플스토리,,,,medium
2c37d69b175324e9def6,업데이트 | 뉴스 | 메이플스토리,,,,medium
5d2f96aac2477cb88d3a,업데이트 | 뉴스 | 메이플스토리,,,,medium
22778d9aac42d7c8f0c1,업데이트 | 뉴스 | 메이플스토리,,,,medium
17a38f1532acf2eb2541,업데이트 | 뉴스 | 메이플스토리,,,,medium
433e21c592f9b9e9a026,업데이트 | 뉴스 | 메이플스토리,,,,medium
14b420ac25afb11e2914,업데이트 | 뉴스 | 메이플스토리,,,,medium
41e9828de5c6d86477d1,업데이트 | 뉴스 | 메이플스토리,,,,medium
8326a75a79ce3166a407,업데이트 | 뉴스 | 메이플스토리,,,,medium
964297c9086fe42f48ff,업데이트 | 뉴스 | 메이플스토리,,,,medium
653afa2db430cff04a45,업데이트 | 뉴스 | 메이플스토리,,,,medium
7d2c740ea311ea3afdda,업데이트 | 뉴스 | 메이플스토리,,,,medium
778a0f77ab278555af09,업데이트 | 뉴스 | 메이플스토리,,,,medium
dc8e521cf9112dd6fd82,업데이트 | 뉴스 | 메이플스토리,,,,medium
964bbcefeb4eafecbdca,업데이트 | 뉴스 | 메이플스토리,,,,medium
18afa93ab7c2329ef91e,업데이트 | 뉴스 | 메이플스토리,,,,medium
368da7c7089893b7d2f2,업데이트 | 뉴스 | 메이플스토리,,,,medium
b6c025bf5dee05d608ee,업데이트 | 뉴스 | 메이플스토리,,,,medium
6f469a3235328bf91456,업데이트 | 뉴스 | 메이플스토리,,,,medium
552cd37cf2fce20f72f6,업데이트 | 뉴스 | 메이플스토리,,,,medium
e4bef3e037642495ae0b,업데이트 | 뉴스 | 메이플스토리,,,,medium
952b74182e5a58e625b9,업데이트 | 뉴스 | 메이플스토리,,,,medium
eec1b05fada466a2705b,업데이트 | 뉴스 | 메이플스토리,,,,medium
b18864a1177fbb5620b8,업데이트 | 뉴스 | 메이플스토리,,,,medium
9da64a4789ce9574cd9f,업데이트 | 뉴스 | 메이플스토리,,,,medium
8a2f4094598ef97229ef,업데이트 | 뉴스 | 메이플스토리,,,,medium
61386610e80722599632,업데이트 | 뉴스 | 메이플스토리,,,,medium
26cbb790f6f5e19b88a9,업데이트 | 뉴스 | 메이플스토리,,,,medium
aec0083abfee8fcf2ccf,업데이트 | 뉴스 | 메이플스토리,,,,medium
0b999c9c755aa0a548c9,업데이트 | 뉴스 | 메이플스토리,,,,medium
ed2235cf83823870a36d,업데이트 | 뉴스 | 메이플스토리,,,,medium
71a65320c7bc4774c282,업데이트 | 뉴스 | 메이플스토리,,,,medium
92dd892cc06e7d18020f,업데이트 | 뉴스 | 메이플스토리,,,,medium
9ac4b6e06f94f1b376c7,업데이트 | 뉴스 | 메이플스토리,,,,medium
53245aa665e76f93aba7,업데이트 | 뉴스 | 메이플스토리,,,,medium
962bc885a7a435decf77,업데이트 | 뉴스 | 메이플스토리,,,,medium
99e9b8ceaed59ad79caf,업데이트 | 뉴스 | 메이플스토리,,,,medium
941793895391b7e89658,업데이트 | 뉴스 | 메이플스토리,,,,medium
431e9f2936bacacdf2e6,업데이트 | 뉴스 | 메이플스토리,,,,medium
8f294ae521d0ee3c923d,업데이트 | 뉴스 | 메이플스토리,,,,medium
893c57318067ef89e94d,업데이트 | 뉴스 | 메이플스토리,,,,medium
6bdc82f059577d2c5c9f,업데이트 | 뉴스 | 메이플스토리,,,,medium
0dd1763b33a927b338e1,업데이트 | 뉴스 | 메이플스토리,,,,medium
358f73a2c34eb6dab890,업데이트 | 뉴스 | 메이플스토리,,,,medium
c2ffc8d46ef33a4cd371,업데이트 | 뉴스 | 메이플스토리,,,,medium
352c4ed0987c623417be,업데이트 | 뉴스 | 메이플스토리,,,,medium
861227852464225deb10,업데이트 | 뉴스 | 메이플스토리,,,,medium
08dcd8b2b76aa690aaf5,업데이트 | 뉴스 | 메이플스토리,,,,medium
54e431c83941bc8abcd6,업데이트 | 뉴스 | 메이플스토리,,,,medium
da06343a3ed7ed4a7402,업데이트 | 뉴스 | 메이플스토리,,,,medium
7fc0a12bb50f5b7f0d06,업데이트 | 뉴스 | 메이플스토리,,,,medium
01403224fc211fe84a09,업데이트 | 뉴스 | 메이플스토리,,,,medium
12c646edf1253d993222,업데이트 | 뉴스 | 메이플스토리,,,,medium
d6fc4cba10d71a225084,업데이트 | 뉴스 | 메이플스토리,,,,medium
86eb8a75c434d4282550,업데이트 | 뉴스 | 메이플스토리,,,,medium
915a29d31cd6dbbe3634,업데이트 | 뉴스 | 메이플스토리,,,,medium
82d8e3c4aa9b7ce27139,업데이트 | 뉴스 | 메이플스토리,,,,medium
e8973e7fea7b7086bdd1,업데이트 | 뉴스 | 메이플스토리,,,,medium
aba228fde2b20fa3cfc7,업데이트 | 뉴스 | 메이플스토리,,,,medium
41d567f6e04ec189d858,업데이트 | 뉴스 | 메이플스토리,,,,medium
c304f174714ce71f10e0,업데이트 | 뉴스 | 메이플스토리,,,,medium
22c707eb799329240985,업데이트 | 뉴스 | 메이플스토리,,,,medium
ad2f7dbc6aa3b57721a1,업데이트 | 뉴스 | 메이플스토리,,,,medium
8d565ac4519b73447231,업데이트 | 뉴스 | 메이플스토리,,,,medium
9671acf6bd9597887861,업데이트 | 뉴스 | 메이플스토리,,,,medium
a422b5b61864c4f5bb25,업데이트 | 뉴스 | 메이플스토리,,,,medium
0bbafec2178813e93267,업데이트 | 뉴스 | 메이플스토리,,,,medium
8c2ce9ab1418d51a896c,업데이트 | 뉴스 | 메이플스토리,,,,medium
bd1d5278fe4e040abd14,업데이트 | 뉴스 | 메이플스토리,,,,medium
a2c9b43bec1b628ed518,업데이트 | 뉴스 | 메이플스토리,,,,medium
9b2562bd383441ab872b,업데이트 | 뉴스 | 메이플스토리,,,,medium
513c1bf776eb69336f4c,업데이트 | 뉴스 | 메이플스토리,,,,medium
a9f4c5091c641958d460,업데이트 | 뉴스 | 메이플스토리,,,,medium
7f940f80e00ac2cad591,업데이트 | 뉴스 | 메이플스토리,,,,medium
f649d93ef4fa722e69c2,업데이트 | 뉴스 | 메이플스토리,,,,medium
3799264e2bbcf01e0cc6,업데이트 | 뉴스 | 메이플스토리,,,,medium
97bd79b2b853400269a4,업데이트 | 뉴스 | 메이플스토리,,,,medium
c0aac99244798a1499b9,업데이트 | 뉴스 | 메이플스토리,,,,medium
389714fe160a31d55556,업데이트 | 뉴스 | 메이플스토리,,,,medium
8ab74131e62d1774d766,업데이트 | 뉴스 | 메이플스토리,,,,medium
b0edf00d88191253cf56,업데이트 | 뉴스 | 메이플스토리,,,,medium
da2955b5ef4820c711fc,업데이트 | 뉴스 | 메이플스토리,,,,medium
369f26c9849143ea2478,업데이트 | 뉴스 | 메이플스토리,,,,medium
253cc1548dc3ea01cc46,업데이트 | 뉴스 | 메이플스토리,,,,medium
52ebdc608bc94ab14cc2,업데이트 | 뉴스 | 메이플스토리,,,,medium
0995446425918543205b,업데이트 | 뉴스 | 메이플스토리,,,,medium
395a42d34f8e378e2e6f,업데이트 | 뉴스 | 메이플스토리,,,,medium
030515f56c24f3f8643e,업데이트 | 뉴스 | 메이플스토리,,,,medium
bf02ff943b9a4b94fdad,업데이트 | 뉴스 | 메이플스토리,,,,medium
25bc39ef012c2d7ed61e,업데이트 | 뉴스 | 메이플스토리,,,,medium
3ded1dae1cfe37d6ff96,업데이트 | 뉴스 | 메이플스토리,,,,medium
797dce2b02fb2d99d2f2,업데이트 | 뉴스 | 메이플스토리,,,,medium
f98cdc1ead8158672f42,업데이트 | 뉴스 | 메이플스토리,,,,medium
2c6283019d827a695ee1,업데이트 | 뉴스 | 메이플스토리,,,,medium
3076d7aa7d86cb661e5b,업데이트 | 뉴스 | 메이플스토리,,,,medium
c4191ee7a9b14c721439,업데이트 | 뉴스 | 메이플스토리,,,,medium
f33f0cad9b0f63505b20,업데이트 | 뉴스 | 메이플스토리,,,,medium
3d28e7d0425c8a078e28,업데이트 | 뉴스 | 메이플스토리,,,,medium
98490b8513133c866490,업데이트 | 뉴스 | 메이플스토리,,,,medium
34f708dbff52c157554d,업데이트 | 뉴스 | 메이플스토리,,,,medium
73c86ad6e032e46b8b47,업데이트 | 뉴스 | 메이플스토리,,,,medium
098ff1e7c580d52e87a1,업데이트 | 뉴스 | 메이플스토리,,,,medium
54a5a749184ae85efd5e,업데이트 | 뉴스 | 메이플스토리,,,,medium
d31eae56e0734adbf659,업데이트 | 뉴스 | 메이플스토리,,,,medium
68c119800414d7800a68,업데이트 | 뉴스 | 메이플스토리,,,,medium
3811fae2a0435a9f59da,업데이트 | 뉴스 | 메이플스토리,,,,medium
bcc4cfa017fc7574dc1c,업데이트 | 뉴스 | 메이플스토리,,,,medium
0c6587833868577e780e,업데이트 | 뉴스 | 메이플스토리,,,,medium
96260dce433de7c78b02,업데이트 | 뉴스 | 메이플스토리,,,,medium
d3ce5e86529e8a951de5,업데이트 | 뉴스 | 메이플스토리,,,,medium
a883248fe28879a0236c,업데이트 | 뉴스 | 메이플스토리,,,,medium
e64c66890910c213c377,업데이트 | 뉴스 | 메이플스토리,,,,medium
fae63127da3e8121aec3,업데이트 | 뉴스 | 메이플스토리,,,,medium
776c01106af7c42dd751,업데이트 | 뉴스 | 메이플스토리,,,,medium
f4431be3e05caa2237c1,업데이트 | 뉴스 | 메이플스토리,,,,medium
575a3602ac0e8bf84667,업데이트 | 뉴스 | 메이플스토리,,,,medium
f5bc2494816644960782,업데이트 | 뉴스 | 메이플스토리,,,,medium
431a7beec0194c7b0875,업데이트 | 뉴스 | 메이플스토리,,,,medium
9b78b372a8d8c12ae038,업데이트 | 뉴스 | 메이플스토리,,,,medium
eb0024cf1553b03769f8,업데이트 | 뉴스 | 메이플스토리,,,,medium
954d6765e0863619cb1a,업데이트 | 뉴스 | 메이플스토리,,,,medium
79b741e9c7a2f5547088,업데이트 | 뉴스 | 메이플스토리,,,,medium
1073c7b2a48948257deb,업데이트 | 뉴스 | 메이플스토리,,,,medium
05f097d61d67688cd300,업데이트 | 뉴스 | 메이플스토리,,,,medium
aa47c61cacf5fa3069fc,업데이트 | 뉴스 | 메이플스토리,,,,medium
c4eaca03b4228e4e9adc,업데이트 | 뉴스 | 메이플스토리,,,,medium
02af14050e3bb7e03952,업데이트 | 뉴스 | 메이플스토리,,,,medium
213ae47439222168c185,업데이트 | 뉴스 | 메이플스토리,,,,medium
172933f71b0b6691d403,업데이트 | 뉴스 | 메이플스토리,,,,medium
806bb9f00b39d1c1da40,업데이트 | 뉴스 | 메이플스토리,,,,medium
a0360db42e77bb084559,업데이트 | 뉴스 | 메이플스토리,,,,medium
a6bc6e78eaef50bf5c57,업데이트 | 뉴스 | 메이플스토리,,,,medium
55e7d3fddc0bde6f7584,업데이트 | 뉴스 | 메이플스토리,,,,medium
d6828908c4120b349ec2,업데이트 | 뉴스 | 메이플스토리,,,,medium
0af01a5110a9eaedda0d,업데이트 | 뉴스 | 메이플스토리,,,,medium
0ac0c1fb5413201331ae,업데이트 | 뉴스 | 메이플스토리,,,,medium
736015d6376ab2d74124,업데이트 | 뉴스 | 메이플스토리,,,,medium
a6e08dde833f38ca52be,업데이트 | 뉴스 | 메이플스토리,,,,medium
e65d5f197afb28f7a609,업데이트 | 뉴스 | 메이플스토리,,,,medium
4724daf06d9f7c72dae3,업데이트 | 뉴스 | 메이플스토리,,,,medium
01862335c775a517e143,업데이트 | 뉴스 | 메이플스토리,,,,medium
0c76d3010d54063203ac,업데이트 | 뉴스 | 메이플스토리,,,,medium
9b4ff68e50f3c9a096c2,업데이트 | 뉴스 | 메이플스토리,,,,medium
103cb378f15e7868be6d,업데이트 | 뉴스 | 메이플스토리,,,,medium
f65bc69e1f4d08422b34,업데이트 | 뉴스 | 메이플스토리,,,,medium
4e7fe0a50f45c577d863,업데이트 | 뉴스 | 메이플스토리,,,,medium
01ab086ff592e3589de6,업데이트 | 뉴스 | 메이플스토리,,,,medium
4241b2de0ee354b9267d,업데이트 | 뉴스 | 메이플스토리,,,,medium
71eb9a863d4e77d451f1,업데이트 | 뉴스 | 메이플스토리,,,,medium
a506a9e40e267d0bbe93,업데이트 | 뉴스 | 메이플스토리,,,,medium
8b41a4699088c4e338cd,업데이트 | 뉴스 | 메이플스토리,,,,medium
320e328ddfa1864264ae,업데이트 | 뉴스 | 메이플스토리,,,,medium
bf3be17dae92238f4af0,업데이트 | 뉴스 | 메이플스토리,,,,medium
2cc8dedaae89e627b665,업데이트 | 뉴스 | 메이플스토리,,,,medium
1ea9552b435187f167a7,업데이트 | 뉴스 | 메이플스토리,,,,medium
d3263a7b5427232cea44,업데이트 | 뉴스 | 메이플스토리,,,,medium
028944f021f1869d0f78,업데이트 | 뉴스 | 메이플스토리,,,,medium
049113ae7c7f658279c2,업데이트 | 뉴스 | 메이플스토리,,,,medium
f3cbe0363b2cd3e53553,업데이트 | 뉴스 | 메이플스토리,,,,medium
411f9c66223f780d5e90,업데이트 | 뉴스 | 메이플스토리,,,,medium
1832e597b5aea011014a,업데이트 | 뉴스 | 메이플스토리,,,,medium
056ea67f2910c3e2b3b6,업데이트 | 뉴스 | 메이플스토리,,,,medium
6e000b52d2162605fc79,업데이트 | 뉴스 | 메이플스토리,,,,medium
9da129401b97e86031ba,업데이트 | 뉴스 | 메이플스토리,,,,medium
d9390512d67cca44c9fb,업데이트 | 뉴스 | 메이플스토리,,,,medium
192666b0b71eb96e12d5,업데이트 | 뉴스 | 메이플스토리,,,,medium
3e22aa6a65a772001c6e,업데이트 | 뉴스 | 메이플스토리,,,,medium
8426b1db8dd95e3ec3b0,업데이트 | 뉴스 | 메이플스토리,,,,medium
3e2d8163478e45daa17c,업데이트 | 뉴스 | 메이플스토리,,,,medium
6f342bec49057413f8b5,업데이트 | 뉴스 | 메이플스토리,,,,medium
cdba105c56c24515fc90,업데이트 | 뉴스 | 메이플스토리,,,,medium
1defedcbe91a592156ee,업데이트 | 뉴스 | 메이플스토리,,,,medium
26d25adcc8ade89ea1f5,업데이트 | 뉴스 | 메이플스토리,,,,medium
eeb033bc58aa7d557bd7,업데이트 | 뉴스 | 메이플스토리,,,,medium
b496e9a14030970d64a5,업데이트 | 뉴스 | 메이플스토리,,,,medium
33916063a8eac42bbec4,업데이트 | 뉴스 | 메이플스토리,,,,medium
c0f0a80f1047c4deb488,업데이트 | 뉴스 | 메이플스토리,,,,medium
eb210c0bdc12db1c0a83,업데이트 | 뉴스 | 메이플스토리,,,,medium
6f94568c96286d039168,업데이트 | 뉴스 | 메이플스토리,,,,medium
7f3806d9cc5924287fa8,업데이트 | 뉴스 | 메이플스토리,,,,medium
d1a8eeff9657cedbf7b1,업데이트 | 뉴스 | 메이플스토리,,,,medium
0ef6b710ee402df2c3f3,업데이트 | 뉴스 | 메이플스토리,,,,medium
ed8f7157f9f8b93402d6,업데이트 | 뉴스 | 메이플스토리,,,,medium
705c94cc5e982ab6d826,업데이트 | 뉴스 | 메이플스토리,,,,medium
ad60bd7b4bf435a532a1,업데이트 | 뉴스 | 메이플스토리,,,,medium
dabc76b796cf6ea698ad,업데이트 | 뉴스 | 메이플스토리,,,,medium
38292701119d15ccaecf,업데이트 | 뉴스 | 메이플스토리,,,,medium
a6042afc66059319d44b,업데이트 | 뉴스 | 메이플스토리,,,,medium
11e676c4ec99d3e98537,업데이트 | 뉴스 | 메이플스토리,,,,medium
b7d23ae918681fcf8c75,업데이트 | 뉴스 | 메이플스토리,,,,medium
3f39b7369444eb99b6c3,업데이트 | 뉴스 | 메이플스토리,,,,medium
a9367c78a2e10f604088,업데이트 | 뉴스 | 메이플스토리,,,,medium
dcdf1f1cb95295adf280,업데이트 | 뉴스 | 메이플스토리,,,,medium
d5ff65e2d61f325c7fbd,업데이트 | 뉴스 | 메이플스토리,,,,medium
4db432481c8590b1a690,업데이트 | 뉴스 | 메이플스토리,,,,medium
e60a9f45440db958a6f1,업데이트 | 뉴스 | 메이플스토리,,,,medium
85007890293e3595bf43,업데이트 | 뉴스 | 메이플스토리,,,,medium
d371998837b3e9ce6c2b,업데이트 | 뉴스 | 메이플스토리,,,,medium
930442fa953673288f22,업데이트 | 뉴스 | 메이플스토리,,,,medium
fd58c9e70f15674dca77,업데이트 | 뉴스 | 메이플스토리,,,,medium
5411d40ca8917d736b11,업데이트 | 뉴스 | 메이플스토리,,,,medium
c635ae10b28f66db7efc,업데이트 | 뉴스 | 메이플스토리,,,,medium
bd93cfa1728a6fca2e06,업데이트 | 뉴스 | 메이플스토리,,,,medium
27c3cdac7d11516de543,업데이트 | 뉴스 | 메이플스토리,,,,medium
0afab9b32475467c2e1c,업데이트 | 뉴스 | 메이플스토리,,,,medium
14258ff8392d97676c27,업데이트 | 뉴스 | 메이플스토리,,,,medium
05495aab99d3a24672ed,업데이트 | 뉴스 | 메이플스토리,,,,medium
0df9293cae39f5e91b4f,업데이트 | 뉴스 | 메이플스토리,,,,medium
6f0eac1ad8af6d9bba5d,업데이트 | 뉴스 | 메이플스토리,,,,medium
967508b7b7c11338f500,업데이트 | 뉴스 | 메이플스토리,,,,medium
a00539c8c2b0f81e372f,업데이트 | 뉴스 | 메이플스토리,,,,medium
c2856860dfb65a54e140,업데이트 | 뉴스 | 메이플스토리,,,,medium
e71ab526f1a142438877,업데이트 | 뉴스 | 메이플스토리,,,,medium
0df18851118c8e069e09,업데이트 | 뉴스 | 메이플스토리,,,,medium
b79ac5eb1337f9a87151,업데이트 | 뉴스 | 메이플스토리,,,,medium
a8c507b73dcf51febe84,업데이트 | 뉴스 | 메이플스토리,,,,medium
4892fb6ed59f2f57e102,업데이트 | 뉴스 | 메이플스토리,,,,medium
68264c5ae0123a5b9ea1,업데이트 | 뉴스 | 메이플스토리,,,,medium
2c5eb03b3be89b04c665,업데이트 | 뉴스 | 메이플스토리,,,,medium
6a9c667114ff35bad9ff,업데이트 | 뉴스 | 메이플스토리,,,,medium
5ca843df5e8fca5c5546,업데이트 | 뉴스 | 메이플스토리,,,,medium
46f0dbbbc936cb305e89,업데이트 | 뉴스 | 메이플스토리,,,,medium
4bbfdcb5473ad84fb8f9,업데이트 | 뉴스 | 메이플스토리,,,,medium
acafa10ad4fe8672dfa8,업데이트 | 뉴스 | 메이플스토리,,,,medium
7c4d89b5b8dae28b160f,업데이트 | 뉴스 | 메이플스토리,,,,medium
d85123a829e599466fcd,업데이트 | 뉴스 | 메이플스토리,,,,medium
197c2cf823fbc64d1ec1,업데이트 | 뉴스 | 메이플스토리,,,,medium
c7c57bb9ead2eced17e8,업데이트 | 뉴스 | 메이플스토리,,,,medium
b69cae83f2a6e7e02ae7,업데이트 | 뉴스 | 메이플스토리,,,,medium
47fd5b15b1deaec3c6bc,업데이트 | 뉴스 | 메이플스토리,,,,medium
769cdaad7d8aa49cae07,업데이트 | 뉴스 | 메이플스토리,,,,medium
694bddc33be513592d39,업데이트 | 뉴스 | 메이플스토리,,,,medium
388cbeb0b1dbd17c9624,업데이트 | 뉴스 | 메이플스토리,,,,medium
0d08cf1c36acf00271a4,업데이트 | 뉴스 | 메이플스토리,,,,medium
c5d281920388a28d3757,업데이트 | 뉴스 | 메이플스토리,,,,medium
d574aa39f6f0e1af2d12,업데이트 | 뉴스 | 메이플스토리,,,,medium
4529223cbaa503f72bca,업데이트 | 뉴스 | 메이플스토리,,,,medium
6891c2a20fd6b3c06a20,업데이트 | 뉴스 | 메이플스토리,,,,medium
ce97dcc3d3bf3066fe44,업데이트 | 뉴스 | 메이플스토리,,,,medium
0170c347fcdbebc5faa1,업데이트 | 뉴스 | 메이플스토리,,,,medium
2f070944241f65e150a6,업데이트 | 뉴스 | 메이플스토리,,,,medium
58ed112ce42a2b52507f,업데이트 | 뉴스 | 메이플스토리,,,,medium
8256034aceff20769544,업데이트 | 뉴스 | 메이플스토리,,,,medium
b65e09e5c4953084f26a,업데이트 | 뉴스 | 메이플스토리,,,,medium
3ccba258eec767dd20da,업데이트 | 뉴스 | 메이플스토리,,,,medium
df99e07405fb4f8958f7,업데이트 | 뉴스 | 메이플스토리,,,,medium
9e6ffe3e20640d55d7d6,업데이트 | 뉴스 | 메이플스토리,,,,medium
2e9d2ce26d7112b1f67b,업데이트 | 뉴스 | 메이플스토리,,,,medium
4f8cdecdd46ae6c68f6e,업데이트 | 뉴스 | 메이플스토리,,,,medium
68cf444c27262939b244,업데이트 | 뉴스 | 메이플스토리,,,,medium
20e556dbd90456446056,업데이트 | 뉴스 | 메이플스토리,,,,medium
f26209c5c968b4c7ece9,업데이트 | 뉴스 | 메이플스토리,,,,medium
dfc9f78b95507cb90af2,업데이트 | 뉴스 | 메이플스토리,,,,medium
e5342643c5ddfde38959,업데이트 | 뉴스 | 메이플스토리,,,,medium
5f1e0bc772da612a1154,업데이트 | 뉴스 | 메이플스토리,,,,medium
5dc75cb528e69d45ddb9,업데이트 | 뉴스 | 메이플스토리,,,,medium
f35709a7c2eb8b1b5f6b,업데이트 | 뉴스 | 메이플스토리,,,,medium
c1e71e1e63aaa94b69b1,업데이트 | 뉴스 | 메이플스토리,,,,medium
93924ea18aa5c0e50580,업데이트 | 뉴스 | 메이플스토리,,,,medium
e876a6516b510ed1b899,업데이트 | 뉴스 | 메이플스토리,,,,medium
ee5eb3183c338ef2cdd7,업데이트 | 뉴스 | 메이플스토리,,,,medium
dd6459e747faaa9e3213,업데이트 | 뉴스 | 메이플스토리,,,,medium
f8cc68bb181713d8e103,업데이트 | 뉴스 | 메이플스토리,,,,medium
b91da8759c8cff5857d7,업데이트 | 뉴스 | 메이플스토리,,,,medium
85f831e01ebecf292c73,업데이트 | 뉴스 | 메이플스토리,,,,medium
9a58403243bb29944bee,업데이트 | 뉴스 | 메이플스토리,,,,medium
f26ed4fcfa6deeacbf6e,업데이트 | 뉴스 | 메이플스토리,,,,medium
4e7d7dd2c9bbb8d1533a,업데이트 | 뉴스 | 메이플스토리,,,,medium
0f02a89e0001af7309cd,업데이트 | 뉴스 | 메이플스토리,,,,medium
6bbd9a3c2b9295e1ba5c,업데이트 | 뉴스 | 메이플스토리,,,,medium
7444cdcb1e50eea89153,업데이트 | 뉴스 | 메이플스토리,,,,medium
7063d8e981002081861e,업데이트 | 뉴스 | 메이플스토리,,,,medium
95c8424b2b1098c6ef8a,업데이트 | 뉴스 | 메이플스토리,,,,medium
cd07f738a83bbdf295a0,업데이트 | 뉴스 | 메이플스토리,,,,medium
3c84af9bbf93715eac54,업데이트 | 뉴스 | 메이플스토리,,,,medium
635b3d11e5f740445873,업데이트 | 뉴스 | 메이플스토리,,,,medium
b3300df0900b295e41bd,업데이트 | 뉴스 | 메이플스토리,,,,medium
527cc14cb5be873caf1c,업데이트 | 뉴스 | 메이플스토리,,,,medium
93dd4d9414cb3092d0c7,업데이트 | 뉴스 | 메이플스토리,,,,medium
408f73d88c3d68fc8101,업데이트 | 뉴스 | 메이플스토리,,,,medium
2370f8fdd6206ee2dd6f,업데이트 | 뉴스 | 메이플스토리,,,,medium
8b922265197685e9bf2c,업데이트 | 뉴스 | 메이플스토리,,,,medium
f18b7c85159ac9d2a072,업데이트 | 뉴스 | 메이플스토리,,,,medium
273ae6f6ddbe9c2ec501,업데이트 | 뉴스 | 메이플스토리,,,,medium
8d58aca680e1e82e0eb6,업데이트 | 뉴스 | 메이플스토리,,,,medium
be76533dad2472b02c17,업데이트 | 뉴스 | 메이플스토리,,,,medium
26fa7e877e8f260775a7,업데이트 | 뉴스 | 메이플스토리,,,,medium
ba22dbf397e6140fe013,업데이트 | 뉴스 | 메이플스토리,,,,medium
040034b83ad2cd89aea0,업데이트 | 뉴스 | 메이플스토리,,,,medium
d4555f39a6e961dce115,업데이트 | 뉴스 | 메이플스토리,,,,medium
b2592f3068a477a77bbb,업데이트 | 뉴스 | 메이플스토리,,,,medium
3bb79f2a036add5af9c1,업데이트 | 뉴스 | 메이플스토리,,,,medium
dda37a2b0ccf0306be00,업데이트 | 뉴스 | 메이플스토리,,,,medium
153986d58cbb4fc8de5d,업데이트 | 뉴스 | 메이플스토리,,,,medium
7143d0e468bbbf127f9a,업데이트 | 뉴스 | 메이플스토리,,,,medium
d5dc8b7048224e6c3db5,업데이트 | 뉴스 | 메이플스토리,,,,medium
384d782a6e9cd075f921,업데이트 | 뉴스 | 메이플스토리,,,,medium
19eaa6e140e2e8bb4c66,업데이트 | 뉴스 | 메이플스토리,,,,medium
e53b7d7e2f4b053e3aa9,업데이트 | 뉴스 | 메이플스토리,,,,medium
3cdb2ed1d3569de0dd99,업데이트 | 뉴스 | 메이플스토리,,,,medium
d4367def30d8d395e497,업데이트 | 뉴스 | 메이플스토리,,,,medium
926b2a90cc67fd40abc6,업데이트 | 뉴스 | 메이플스토리,,,,medium
e5be1e8a3c816d0ad1d1,업데이트 | 뉴스 | 메이플스토리,,,,medium
43ec1624ddb0951221b1,업데이트 | 뉴스 | 메이플스토리,,,,medium
87c650344de37daadbd8,업데이트 | 뉴스 | 메이플스토리,,,,medium
58e8e61b8e2b04a4acff,업데이트 | 뉴스 | 메이플스토리,,,,medium
60aa040cc4ed174735b4,업데이트 | 뉴스 | 메이플스토리,,,,medium
3810944385fca8758281,업데이트 | 뉴스 | 메이플스토리,,,,medium
8bc8c62981963c4fec54,업데이트 | 뉴스 | 메이플스토리,,,,medium
ff9931af03307d05c413,업데이트 | 뉴스 | 메이플스토리,,,,medium
6a62a71bfcdd2c34c8b1,업데이트 | 뉴스 | 메이플스토리,,,,medium
0a40d350a4f78124fe4e,업데이트 | 뉴스 | 메이플스토리,,,,medium
857309515a1fee5804f0,업데이트 | 뉴스 | 메이플스토리,,,,medium
994e3126973afc4a565a,업데이트 | 뉴스 | 메이플스토리,,,,medium
da6af20b8c7774a6d462,업데이트 | 뉴스 | 메이플스토리,,,,medium
ae3131394100539fd871,업데이트 | 뉴스 | 메이플스토리,,,,medium
e1744b0ea65f45d00424,업데이트 | 뉴스 | 메이플스토리,,,,medium
192bd1e54733365ebe63,업데이트 | 뉴스 | 메이플스토리,,,,medium
ff3338bc60929a5df3c0,업데이트 | 뉴스 | 메이플스토리,,,,medium
1980f36c45e494d11b08,업데이트 | 뉴스 | 메이플스토리,,,,medium
24236504336c25cd273b,업데이트 | 뉴스 | 메이플스토리,,,,medium
9452b9547d0e5cd548ba,업데이트 | 뉴스 | 메이플스토리,,,,medium
aaed3ff862c1285edbd5,업데이트 | 뉴스 | 메이플스토리,,,,medium
1ee9c4926a3cba77d656,업데이트 | 뉴스 | 메이플스토리,,,,medium
19d9fa46cd163cdf6c7b,업데이트 | 뉴스 | 메이플스토리,,,,medium
d56521119d14d8a0130d,업데이트 | 뉴스 | 메이플스토리,,,,medium
83ab2db1cde2ebaa1865,업데이트 | 뉴스 | 메이플스토리,,,,medium
5a6644f6a2e711169043,업데이트 | 뉴스 | 메이플스토리,,,,medium
e9599f180b17263962c4,업데이트 | 뉴스 | 메이플스토리,,,,medium
b811adf9c20b9ab6459e,업데이트 | 뉴스 | 메이플스토리,,,,medium
7e0d033ea8411e377b41,업데이트 | 뉴스 | 메이플스토리,,,,medium
e6fce79e545ef9e4e061,업데이트 | 뉴스 | 메이플스토리,,,,medium
f662d60add90da1819a9,업데이트 | 뉴스 | 메이플스토리,,,,medium
375b3b5c93e949b4b1c8,업데이트 | 뉴스 | 메이플스토리,,,,medium
21f77ab35ff64e01e839,업데이트 | 뉴스 | 메이플스토리,,,,medium
2eca1483199224995ea9,업데이트 | 뉴스 | 메이플스토리,,,,medium
a30a158cb4c54f244208,업데이트 | 뉴스 | 메이플스토리,,,,medium
4a01344c5ab10a3208a9,업데이트 | 뉴스 | 메이플스토리,,,,medium
0f07e604f8e92c6e0e5b,업데이트 | 뉴스 | 메이플스토리,,,,medium
802e7d75d1f5748f247b,업데이트 | 뉴스 | 메이플스토리,,,,medium
a9a6c157ded5c3b86247,업데이트 | 뉴스 | 메이플스토리,,,,medium
51968049ca20a4e8f6ca,업데이트 | 뉴스 | 메이플스토리,,,,medium
c66bdb0fe8ca91f11b26,업데이트 | 뉴스 | 메이플스토리,,,,medium
0a2e565e715507769792,업데이트 | 뉴스 | 메이플스토리,,,,medium
4d1f3ca48ab428430579,업데이트 | 뉴스 | 메이플스토리,,,,medium
36ff71823d6c892a4a25,업데이트 | 뉴스 | 메이플스토리,,,,medium
3864ea0885e98b1909b2,업데이트 | 뉴스 | 메이플스토리,,,,medium
02f7d23b917602d3fc8b,업데이트 | 뉴스 | 메이플스토리,,,,medium
fc70feb2e8d6bf38db54,업데이트 | 뉴스 | 메이플스토리,,,,medium
b4142fba9c34ee49b56f,업데이트 | 뉴스 | 메이플스토리,,,,medium
b41b01ad8630374fd18f,업데이트 | 뉴스 | 메이플스토리,,,,medium
d990b310c57d7c2070ca,업데이트 | 뉴스 | 메이플스토리,,,,medium
54446dae0655941c37f9,업데이트 | 뉴스 | 메이플스토리,,,,medium
23efc1ef28e7dcb50d8d,업데이트 | 뉴스 | 메이플스토리,,,,medium
e17e7520a1ff3a372d09,업데이트 | 뉴스 | 메이플스토리,,,,medium
7c27df1030d64a9597d7,업데이트 | 뉴스 | 메이플스토리,,,,medium
c924de4dd3527176b408,업데이트 | 뉴스 | 메이플스토리,,,,medium
98cdb0612c2cceffb6cf,업데이트 | 뉴스 | 메이플스토리,,,,medium
150e0861a8a6218642f1,업데이트 | 뉴스 | 메이플스토리,,,,medium
ba0395d3f1de677f2403,업데이트 | 뉴스 | 메이플스토리,,,,medium
a359a1a63eef40d5dd5e,업데이트 | 뉴스 | 메이플스토리,,,,medium
c716360a132362979784,업데이트 | 뉴스 | 메이플스토리,,,,medium
f9065ceb0cdea75fe8bf,업데이트 | 뉴스 | 메이플스토리,,,,medium
2d8eb04b083dc2e4881a,업데이트 | 뉴스 | 메이플스토리,,,,medium
d77daed0b1f01f7cdd2b,업데이트 | 뉴스 | 메이플스토리,,,,medium
dd07ee8cda066fd8dc18,업데이트 | 뉴스 | 메이플스토리,,,,medium
f2b47eacde37d0fed56e,업데이트 | 뉴스 | 메이플스토리,,,,medium
4689d7e818f2bc803a7a,업데이트 | 뉴스 | 메이플스토리,,,,medium
5a40ae53c1f654b35b02,업데이트 | 뉴스 | 메이플스토리,,,,medium
118a9826d49559e01f2d,업데이트 | 뉴스 | 메이플스토리,,,,medium
bac67dd0412a34965eec,업데이트 | 뉴스 | 메이플스토리,,,,medium
bf3b1603469e88a87fc7,업데이트 | 뉴스 | 메이플스토리,,,,medium
abae8443b4cfa30bbc23,업데이트 | 뉴스 | 메이플스토리,,,,medium
c81a156ab07645cc3d0b,업데이트 | 뉴스 | 메이플스토리,,,,medium
c2379cf2fc633f3e7e77,업데이트 | 뉴스 | 메이플스토리,,,,medium
e10d35f7fc4b1f5dd2db,업데이트 | 뉴스 | 메이플스토리,,,,medium
018a38127a7f76ace63b,업데이트 | 뉴스 | 메이플스토리,,,,medium
df4805b0ce7eb0e6a503,업데이트 | 뉴스 | 메이플스토리,,,,medium
34aeb671e872d9797e97,업데이트 | 뉴스 | 메이플스토리,,,,medium
ec8db6a97b1441e74603,업데이트 | 뉴스 | 메이플스토리,,,,medium
290ef6de826e4d337fa3,업데이트 | 뉴스 | 메이플스토리,,,,medium
972425e5c8dd2cd3c9c5,업데이트 | 뉴스 | 메이플스토리,,,,medium
e803048e4f30e55ed83e,업데이트 | 뉴스 | 메이플스토리,,,,medium
2091bf09247184d73beb,업데이트 | 뉴스 | 메이플스토리,,,,medium
9ee859f48aa5c5f67ae0,업데이트 | 뉴스 | 메이플스토리,,,,medium
0e154d979b15c1fb9866,업데이트 | 뉴스 | 메이플스토리,,,,medium
786535c268fce3f62eaf,업데이트 | 뉴스 | 메이플스토리,,,,medium
f13c3dcfb31dc3b0a776,업데이트 | 뉴스 | 메이플스토리,,,,medium
2d8c93969e1789f0a66b,업데이트 | 뉴스 | 메이플스토리,,,,medium
a3e9d39b009f2ac06809,업데이트 | 뉴스 | 메이플스토리,,,,medium
d654d972f13b47c8852f,업데이트 | 뉴스 | 메이플스토리,,,,medium
19ccf7473c04b957cc7a,업데이트 | 뉴스 | 메이플스토리,,,,medium
314774ae34f804d731b6,업데이트 | 뉴스 | 메이플스토리,,,,medium
c7835b3002d37a5a4658,업데이트 | 뉴스 | 메이플스토리,,,,medium
df729da0193a98d2f2e3,업데이트 | 뉴스 | 메이플스토리,,,,medium
370c98a4266e421ddd39,업데이트 | 뉴스 | 메이플스토리,,,,medium
c37c8053f7156b3b0344,업데이트 | 뉴스 | 메이플스토리,,,,medium
7a42e35f7bacb8059767,업데이트 | 뉴스 | 메이플스토리,,,,medium
5b4b2559cf6f2588deec,업데이트 | 뉴스 | 메이플스토리,,,,medium
6079f6c9bd4ff0552d2f,업데이트 | 뉴스 | 메이플스토리,,,,medium
2bc1603571bb09255b17,업데이트 | 뉴스 | 메이플스토리,,,,medium
02dd5c13ff1f309a1215,업데이트 | 뉴스 | 메이플스토리,,,,medium
d8b077d5519664500eec,업데이트 | 뉴스 | 메이플스토리,,,,medium
91e4b2975ea01a31b631,업데이트 | 뉴스 | 메이플스토리,,,,medium
b5e2865d6870c9fb08d2,업데이트 | 뉴스 | 메이플스토리,,,,medium
9944336b9d0498fa2a1f,업데이트 | 뉴스 | 메이플스토리,,,,medium
700dbf5067fa60c2a727,업데이트 | 뉴스 | 메이플스토리,,,,medium
a7c941bab7baa0291a3c,업데이트 | 뉴스 | 메이플스토리,,,,medium
ccb61876f0136d66f8f6,업데이트 | 뉴스 | 메이플스토리,,,,medium
d9fa8aec8e3e86761cec,업데이트 | 뉴스 | 메이플스토리,,,,medium
6e4feb31c3628a9db3bf,업데이트 | 뉴스 | 메이플스토리,,,,medium
8fbe75cfe3977aaf9e58,업데이트 | 뉴스 | 메이플스토리,,,,medium
2e16081d758300335292,업데이트 | 뉴스 | 메이플스토리,,,,medium
31939541640fef6882e8,업데이트 | 뉴스 | 메이플스토리,,,,medium
e4d9b6e38d306114317c,업데이트 | 뉴스 | 메이플스토리,,,,medium
7272ab0994394281688e,업데이트 | 뉴스 | 메이플스토리,,,,medium
c9632d3f15162eb0e2f8,업데이트 | 뉴스 | 메이플스토리,,,,medium
4de322eb1790ad1bb425,업데이트 | 뉴스 | 메이플스토리,,,,medium
ecf881e52d054612de45,업데이트 | 뉴스 | 메이플스토리,,,,medium
d81a60e0d309a9592636,업데이트 | 뉴스 | 메이플스토리,,,,medium
631282a70c13c42ec2f4,업데이트 | 뉴스 | 메이플스토리,,,,medium
83fc4d91dd90ec6cc4be,업데이트 | 뉴스 | 메이플스토리,,,,medium
7d488d7bd932d3ac0a19,업데이트 | 뉴스 | 메이플스토리,,,,medium
e110657b68e59f8697e4,업데이트 | 뉴스 | 메이플스토리,,,,medium
3bfff6dba6136d9108f0,업데이트 | 뉴스 | 메이플스토리,,,,medium
e09a35421984552e3602,업데이트 | 뉴스 | 메이플스토리,,,,medium
b80597af9210beecfd16,업데이트 | 뉴스 | 메이플스토리,,,,medium
8669b41b6955a1164a7b,업데이트 | 뉴스 | 메이플스토리,,,,medium
8b1ae06b344931f22a9c,업데이트 | 뉴스 | 메이플스토리,,,,medium
f77aa9ae83e1b799324a,업데이트 | 뉴스 | 메이플스토리,,,,medium
c7acd95a38a2ef7cbacb,업데이트 | 뉴스 | 메이플스토리,,,,medium
cb99afca90a2e3ae15e3,업데이트 | 뉴스 | 메이플스토리,,,,medium
01a254ee20db0480c27a,업데이트 | 뉴스 | 메이플스토리,,,,medium
10797b776683f203cb15,업데이트 | 뉴스 | 메이플스토리,,,,medium
508f5d16fcdbd56634f1,업데이트 | 뉴스 | 메이플스토리,,,,medium
a1e562be5307e655eeb9,업데이트 | 뉴스 | 메이플스토리,,,,medium
c75cfd479e9ccb0e13de,업데이트 | 뉴스 | 메이플스토리,,,,medium
273dab8cabab19c4d5b5,업데이트 | 뉴스 | 메이플스토리,,,,medium
ada4a997a26789877da6,업데이트 | 뉴스 | 메이플스토리,,,,medium
bd1cd1b7f9366682208b,업데이트 | 뉴스 | 메이플스토리,,,,medium
40a13bd1c99a4e2e5fd8,업데이트 | 뉴스 | 메이플스토리,,,,medium
76bfe2d0162b06186f69,업데이트 | 뉴스 | 메이플스토리,,,,medium
a1f06f833d7b66553650,업데이트 | 뉴스 | 메이플스토리,,,,medium
1974e2350978bf011ead,업데이트 | 뉴스 | 메이플스토리,,,,medium
0e29d640ea1a1a58e2c6,업데이트 | 뉴스 | 메이플스토리,,,,medium
0bf7898d50d3fd3adf26,업데이트 | 뉴스 | 메이플스토리,,,,medium
f4495c1708c797dc6bdc,업데이트 | 뉴스 | 메이플스토리,,,,medium
12bf967e3fab38225528,업데이트 | 뉴스 | 메이플스토리,,,,medium
4b01d7f718423d2a10a4,업데이트 | 뉴스 | 메이플스토리,,,,medium
3d32e7d0d81fad82012d,업데이트 | 뉴스 | 메이플스토리,,,,medium
bf7788ee5cff2f603b0d,업데이트 | 뉴스 | 메이플스토리,,,,medium
1c963a1403b89ba369d6,업데이트 | 뉴스 | 메이플스토리,,,,medium
1db129891607d2d5f314,업데이트 | 뉴스 | 메이플스토리,,,,medium
e07251e6bdb4c2861ed3,업데이트 | 뉴스 | 메이플스토리,,,,medium
5111f3837142c5832ea7,업데이트 | 뉴스 | 메이플스토리,,,,medium
e599315303a612719698,업데이트 | 뉴스 | 메이플스토리,,,,medium
028924db8f289eb5c6d1,업데이트 | 뉴스 | 메이플스토리,,,,medium
814dc1eef5b5f3865c22,업데이트 | 뉴스 | 메이플스토리,,,,medium
f44679e00889c1780985,업데이트 | 뉴스 | 메이플스토리,,,,medium
8e88ad90248baa28ed3e,업데이트 | 뉴스 | 메이플스토리,,,,medium
69ad58a4981ec6e230ed,업데이트 | 뉴스 | 메이플스토리,,,,medium
1393ae5bad726b872f5a,업데이트 | 뉴스 | 메이플스토리,,,,medium
2421a872ff82a0a557a9,업데이트 | 뉴스 | 메이플스토리,,,,medium
caa836a5a397a92c7fc8,업데이트 | 뉴스 | 메이플스토리,,,,medium
ebb458f5b18a8bf26911,업데이트 | 뉴스 | 메이플스토리,,,,medium
d988e2df69895979039a,업데이트 | 뉴스 | 메이플스토리,,,,medium
8f8b78566cbdcff5c768,업데이트 | 뉴스 | 메이플스토리,,,,medium
a4c65150fad5b12c8851,업데이트 | 뉴스 | 메이플스토리,,,,medium
2d9e9c1481e05f8036a6,업데이트 | 뉴스 | 메이플스토리,,,,medium
079759aaafbec0aaa929,업데이트 | 뉴스 | 메이플스토리,,,,medium
940c242af908f8d6eebf,업데이트 | 뉴스 | 메이플스토리,,,,medium
26beb4f34ac0f0747d6b,업데이트 | 뉴스 | 메이플스토리,,,,medium
f0079cae7ebd165c50fe,업데이트 | 뉴스 | 메이플스토리,,,,medium
daefaaf88f20d0639f1a,업데이트 | 뉴스 | 메이플스토리,,,,medium
6bf24a558e7df86d9d49,업데이트 | 뉴스 | 메이플스토리,,,,medium
ea40bd094ef83f2188d9,업데이트 | 뉴스 | 메이플스토리,,,,medium
5e350a52588ac69be0bd,업데이트 | 뉴스 | 메이플스토리,,,,medium
5a4d51bee60343486c64,업데이트 | 뉴스 | 메이플스토리,,,,medium
8f91ecbc2b9b2380876f,업데이트 | 뉴스 | 메이플스토리,,,,medium
ad52e41180c29214e3ab,업데이트 | 뉴스 | 메이플스토리,,,,medium
88185f4845f046597201,업데이트 | 뉴스 | 메이플스토리,,,,medium
2abe78d12716d1420962,업데이트 | 뉴스 | 메이플스토리,,,,medium
a4765b19537e52001e02,업데이트 | 뉴스 | 메이플스토리,,,,medium
57946e2426a8d9fb1174,업데이트 | 뉴스 | 메이플스토리,,,,medium
950194d00b5f0124965b,업데이트 | 뉴스 | 메이플스토리,,,,medium
a650647ad66098052098,업데이트 | 뉴스 | 메이플스토리,,,,medium
742fcb49d9ae06780e7f,업데이트 | 뉴스 | 메이플스토리,,,,medium
1b85a945f0ac0d7c2cdc,업데이트 | 뉴스 | 메이플스토리,,,,medium
83a6436500cff6eef6af,업데이트 | 뉴스 | 메이플스토리,,,,medium
0fbbaa2e1c485bcc089e,업데이트 | 뉴스 | 메이플스토리,,,,medium
1d3e0ea16397b88119b9,업데이트 | 뉴스 | 메이플스토리,,,,medium
a0641cd41a31760afe87,업데이트 | 뉴스 | 메이플스토리,,,,medium
513803c6aae0ea753f0d,업데이트 | 뉴스 | 메이플스토리,,,,medium
1918f4501c5aa215c051,업데이트 | 뉴스 | 메이플스토리,,,,medium
17adde8e1a1e9dc928c6,업데이트 | 뉴스 | 메이플스토리,,,,medium
46f655162a7a1c209c0a,업데이트 | 뉴스 | 메이플스토리,,,,medium
44f79349712a8b901be9,업데이트 | 뉴스 | 메이플스토리,,,,medium
1677f2647d9b67a89cb1,업데이트 | 뉴스 | 메이플스토리,,,,medium
b00e3fc77da2c6e6dd65,업데이트 | 뉴스 | 메이플스토리,,,,medium
4a007cf35f85f91c94ca,업데이트 | 뉴스 | 메이플스토리,,,,medium
f4c4c627b5a442c6f7d7,업데이트 | 뉴스 | 메이플스토리,,,,medium
9da8212890c5e9ac5405,업데이트 | 뉴스 | 메이플스토리,,,,medium
1c65054fdfb6c2f7be66,업데이트 | 뉴스 | 메이플스토리,,,,medium
1c832bc5ff3d447367ce,업데이트 | 뉴스 | 메이플스토리,,,,medium
b7cc1bff1ca5b94d7ed6,업데이트 | 뉴스 | 메이플스토리,,,,medium
e34958decad82b5734e7,업데이트 | 뉴스 | 메이플스토리,,,,medium
f9c2bae79fcecfc1f5aa,업데이트 | 뉴스 | 메이플스토리,,,,medium
a1df4d9ecef526d1e0d8,업데이트 | 뉴스 | 메이플스토리,,,,medium
54a45f91e798b106644d,업데이트 | 뉴스 | 메이플스토리,,,,medium
058d6552a8b47765db5b,업데이트 | 뉴스 | 메이플스토리,,,,medium
19f1e3b62bb97ab2bece,업데이트 | 뉴스 | 메이플스토리,,,,medium
afb0d4a623e805f766ae,업데이트 | 뉴스 | 메이플스토리,,,,medium
57ecb9515c71ba917784,업데이트 | 뉴스 | 메이플스토리,,,,medium
5055333a0c15074d824f,업데이트 | 뉴스 | 메이플스토리,,,,medium
6b86091722ec86a62f16,업데이트 | 뉴스 | 메이플스토리,,,,medium
f92535dbfdef04737dea,업데이트 | 뉴스 | 메이플스토리,,,,medium
6770d701b4deb16d1aa9,업데이트 | 뉴스 | 메이플스토리,,,,medium
4913bba86c8b2829f8e4,업데이트 | 뉴스 | 메이플스토리,,,,medium
48f41aa4537d8e22a573,업데이트 | 뉴스 | 메이플스토리,,,,medium
4cbdad4a7360d5119188,업데이트 | 뉴스 | 메이플스토리,,,,medium
4ba67a4f9fac185a1fe3,업데이트 | 뉴스 | 메이플스토리,,,,medium
662c6cc0e73a700900ec,업데이트 | 뉴스 | 메이플스토리,,,,medium
70ebb33bd1d31fc7ebd0,업데이트 | 뉴스 | 메이플스토리,,,,medium
bff1e2ff2b1b26afcb80,업데이트 | 뉴스 | 메이플스토리,,,,medium
fd5eb9448918b4e96d45,업데이트 | 뉴스 | 메이플스토리,,,,medium
f3775fb74a237ed8ddfc,업데이트 | 뉴스 | 메이플스토리,,,,medium
59e8aa09a7fc167a6592,업데이트 | 뉴스 | 메이플스토리,,,,medium
3b925e05f151e0d14c35,업데이트 | 뉴스 | 메이플스토리,,,,medium
d302ec07b0c9110d5782,업데이트 | 뉴스 | 메이플스토리,,,,medium
4aef09292cbf3f248562,업데이트 | 뉴스 | 메이플스토리,,,,medium
404f7deaefd176acace6,업데이트 | 뉴스 | 메이플스토리,,,,medium
52f6824d12aa942955fa,업데이트 | 뉴스 | 메이플스토리,,,,medium
04dd1a2131414cc1822b,업데이트 | 뉴스 | 메이플스토리,,,,medium
70496de25ad4df4a36e9,업데이트 | 뉴스 | 메이플스토리,,,,medium
9244835dae85c76fbf2e,업데이트 | 뉴스 | 메이플스토리,,,,medium
de32f3bd96438e9da495,업데이트 | 뉴스 | 메이플스토리,,,,medium
996ad0fde278c2986930,업데이트 | 뉴스 | 메이플스토리,,,,medium
10d77a87221756a90e50,업데이트 | 뉴스 | 메이플스토리,,,,medium
398365cc269c4f75a166,업데이트 | 뉴스 | 메이플스토리,,,,medium
85d35173b03d44aabfba,업데이트 | 뉴스 | 메이플스토리,,,,medium
634de9363d3e7b53c822,업데이트 | 뉴스 | 메이플스토리,,,,medium
9698973dd24b0cc2d824,업데이트 | 뉴스 | 메이플스토리,,,,medium
12f54b61aa03d2f0af8c,업데이트 | 뉴스 | 메이플스토리,,,,medium
fea975649719909fc51b,업데이트 | 뉴스 | 메이플스토리,,,,medium
cb8c988fe9af88876a5d,업데이트 | 뉴스 | 메이플스토리,,,,medium
7d353d8495da2112eb1f,업데이트 | 뉴스 | 메이플스토리,,,,medium
b88c8e53a65572894b52,업데이트 | 뉴스 | 메이플스토리,,,,medium
b83bc7148fb976b27755,업데이트 | 뉴스 | 메이플스토리,,,,medium
f4006470891cdc708b9c,업데이트 | 뉴스 | 메이플스토리,,,,medium
df6f911f026078642275,업데이트 | 뉴스 | 메이플스토리,,,,medium
464d9d1f9f796744a151,업데이트 | 뉴스 | 메이플스토리,,,,medium
1521af1fd67922222e40,업데이트 | 뉴스 | 메이플스토리,,,,medium
8da4d338d72541668330,업데이트 | 뉴스 | 메이플스토리,,,,medium
c2dd8098ac5544d8a62c,업데이트 | 뉴스 | 메이플스토리,,,,medium
c5f6040e1419d399141a,업데이트 | 뉴스 | 메이플스토리,,,,medium
c54f68f7ae52e275752e,업데이트 | 뉴스 | 메이플스토리,,,,medium
e285a02b62b9508ae159,업데이트 | 뉴스 | 메이플스토리,,,,medium
761107a07ac9394125de,업데이트 | 뉴스 | 메이플스토리,,,,medium
cf93e0f676faa3d05fc8,업데이트 | 뉴스 | 메이플스토리,,,,medium
bbe3139b48ddbc6c4337,업데이트 | 뉴스 | 메이플스토리,,,,medium
c22f5492340011c04bcd,업데이트 | 뉴스 | 메이플스토리,,,,medium
bc1d12c3c93841dda042,업데이트 | 뉴스 | 메이플스토리,,,,medium
d045df6e863f911fbd0f,업데이트 | 뉴스 | 메이플스토리,,,,medium
106e3086f3e08f440fd8,업데이트 | 뉴스 | 메이플스토리,,,,medium
6cbe612126c5ddfa0d2f,업데이트 | 뉴스 | 메이플스토리,,,,medium
1d09fbdc4d0bac4c2229,업데이트 | 뉴스 | 메이플스토리,,,,medium
e40931ddc75b7f7db3c3,업데이트 | 뉴스 | 메이플스토리,,,,medium
a769f5980b273e2f8508,업데이트 | 뉴스 | 메이플스토리,,,,medium
95afd6feea6e1f819c7b,업데이트 | 뉴스 | 메이플스토리,,,,medium
c30c62cb00dd72f203a3,업데이트 | 뉴스 | 메이플스토리,,,,medium
ee850455e0bde5f111eb,업데이트 | 뉴스 | 메이플스토리,,,,medium
eb33cb7c972a49b9e96f,업데이트 | 뉴스 | 메이플스토리,,,,medium
52666f10b968b81db12b,업데이트 | 뉴스 | 메이플스토리,,,,medium
d97aad8686d8f3584681,업데이트 | 뉴스 | 메이플스토리,,,,medium
d417aa9028a0f52408b2,업데이트 | 뉴스 | 메이플스토리,,,,medium
103a760732bb11b77222,업데이트 | 뉴스 | 메이플스토리,,,,medium
7687d14f2296292f0ed9,업데이트 | 뉴스 | 메이플스토리,,,,medium
443e6c3a82b96b70d8d1,업데이트 | 뉴스 | 메이플스토리,,,,medium
5464a5499b5bf3f7f3a3,업데이트 | 뉴스 | 메이플스토리,,,,medium
29d023ef3a452cd401d9,업데이트 | 뉴스 | 메이플스토리,,,,medium
20928a49f479ff60f03c,업데이트 | 뉴스 | 메이플스토리,,,,medium
f14a4e4ecf910654f2bd,업데이트 | 뉴스 | 메이플스토리,,,,medium
6f662fb335fddb87478d,업데이트 | 뉴스 | 메이플스토리,,,,medium
b91f5c26edfc601b361b,업데이트 | 뉴스 | 메이플스토리,,,,medium
a00e9a6538bff75fe136,업데이트 | 뉴스 | 메이플스토리,,,,medium
aa0029d70a1cfa2d00f8,업데이트 | 뉴스 | 메이플스토리,,,,medium
87cce24d8e7b0937e19d,업데이트 | 뉴스 | 메이플스토리,,,,medium
8244e0ee21b8fd7737dc,업데이트 | 뉴스 | 메이플스토리,,,,medium
487eb25800c07b076655,업데이트 | 뉴스 | 메이플스토리,,,,medium
0733b7ef260ed600c5b5,업데이트 | 뉴스 | 메이플스토리,,,,medium
9474dbfc40f8d3179987,업데이트 | 뉴스 | 메이플스토리,,,,medium
bdedce0cff148dbc79e4,업데이트 | 뉴스 | 메이플스토리,,,,medium
b5583140caf39f4d98f5,업데이트 | 뉴스 | 메이플스토리,,,,medium
770117e75a36fe6cf569,업데이트 | 뉴스 | 메이플스토리,,,,medium
9fd19ba4fffd8442dfb1,업데이트 | 뉴스 | 메이플스토리,,,,medium
816f6d16d3dce6f8590f,업데이트 | 뉴스 | 메이플스토리,,,,medium
966d2b59e6100a212782,업데이트 | 뉴스 | 메이플스토리,,,,medium
04cec532d0ac9de341ed,업데이트 | 뉴스 | 메이플스토리,,,,medium
c02133d1bb3168a516c6,업데이트 | 뉴스 | 메이플스토리,,,,medium
e07837299e190578e63d,업데이트 | 뉴스 | 메이플스토리,,,,medium
ed858ddcd5e612649f50,업데이트 | 뉴스 | 메이플스토리,,,,medium
75f477f5b4c42618527c,업데이트 | 뉴스 | 메이플스토리,,,,medium
733429b14a4c15efcd28,업데이트 | 뉴스 | 메이플스토리,,,,medium
f02fbeb0e8302e6c4510,업데이트 | 뉴스 | 메이플스토리,,,,medium
77f65f0b7a2e7d707b8f,업데이트 | 뉴스 | 메이플스토리,,,,medium
a57154720867cb6c3a87,업데이트 | 뉴스 | 메이플스토리,,,,medium
4666625cef8a96dcde74,업데이트 | 뉴스 | 메이플스토리,,,,medium
36dee554f4aa7a37671a,업데이트 | 뉴스 | 메이플스토리,,,,medium
23cab5166bcd2733b310,업데이트 | 뉴스 | 메이플스토리,,,,medium
7fd4c08f6c95cfcfb612,업데이트 | 뉴스 | 메이플스토리,,,,medium
00d9369f915c8bfc3468,업데이트 | 뉴스 | 메이플스토리,,,,medium
07121fad9c0ebfc71de0,업데이트 | 뉴스 | 메이플스토리,,,,medium
aa36b1f3e172921dee63,업데이트 | 뉴스 | 메이플스토리,,,,medium
6946a3e1d83d6bc7c037,업데이트 | 뉴스 | 메이플스토리,,,,medium
a15e27a4a3f7be701aa5,업데이트 | 뉴스 | 메이플스토리,,,,medium
9958f6c6aa949133cb29,업데이트 | 뉴스 | 메이플스토리,,,,medium
d565568b3eb949772a6d,업데이트 | 뉴스 | 메이플스토리,,,,medium
bb5dbf7a961771f7c075,업데이트 | 뉴스 | 메이플스토리,,,,medium
25a84153fe833221f49a,업데이트 | 뉴스 | 메이플스토리,,,,medium
5aed985d0d65319985f5,업데이트 | 뉴스 | 메이플스토리,,,,medium
d17ba7736c459fae9dd0,업데이트 | 뉴스 | 메이플스토리,,,,medium
dc8d7d1d28ffcd996c22,업데이트 | 뉴스 | 메이플스토리,,,,medium
62d2b8828a5018051506,업데이트 | 뉴스 | 메이플스토리,,,,medium
b014a4c6e44d89ca9f2e,업데이트 | 뉴스 | 메이플스토리,,,,medium
9621bbc6e210ea0934d7,업데이트 | 뉴스 | 메이플스토리,,,,medium
3971475d1dea55eb21e5,업데이트 | 뉴스 | 메이플스토리,,,,medium
bb497bb7dedf985d16f9,업데이트 | 뉴스 | 메이플스토리,,,,medium
2088f8280dde78dd522f,업데이트 | 뉴스 | 메이플스토리,,,,medium
8e0f9ebf3e8bf65c2196,업데이트 | 뉴스 | 메이플스토리,,,,medium
ca949f3d243571084323,업데이트 | 뉴스 | 메이플스토리,,,,medium
e37fef71a50b2570ce85,업데이트 | 뉴스 | 메이플스토리,,,,medium
3c95b108a9259aa99315,업데이트 | 뉴스 | 메이플스토리,,,,medium
eb56dd2b70123668804d,업데이트 | 뉴스 | 메이플스토리,,,,medium
ce5f015be6c4bd3464e3,업데이트 | 뉴스 | 메이플스토리,,,,medium
1605f3e4e46eb0ce97cd,업데이트 | 뉴스 | 메이플스토리,,,,medium
dc3070e951b582b8593d,업데이트 | 뉴스 | 메이플스토리,,,,medium
a36d08a61c0f3f5c18c4,업데이트 | 뉴스 | 메이플스토리,,,,medium
9a984f8f400f3d632eab,업데이트 | 뉴스 | 메이플스토리,,,,medium
5b213d3106e5191e0541,업데이트 | 뉴스 | 메이플스토리,,,,medium
c42209a2794bf4629084,업데이트 | 뉴스 | 메이플스토리,,,,medium
77b8c85241d7cc2378a6,업데이트 | 뉴스 | 메이플스토리,,,,medium
dd51902502732aeb73f5,업데이트 | 뉴스 | 메이플스토리,,,,medium
6ad9683c43e4f9c33bbe,업데이트 | 뉴스 | 메이플스토리,,,,medium
4df4cb8a6772f799b579,업데이트 | 뉴스 | 메이플스토리,,,,medium
b652287a464326a4ec58,업데이트 | 뉴스 | 메이플스토리,,,,medium
27b56b4d95ce021f28f3,업데이트 | 뉴스 | 메이플스토리,,,,medium
d10fcaa240d91c666fc9,업데이트 | 뉴스 | 메이플스토리,,,,medium
f74263752aa3beb7b554,업데이트 | 뉴스 | 메이플스토리,,,,medium
0913f5d062a8034afa6a,업데이트 | 뉴스 | 메이플스토리,,,,medium
a9b33401907b87e1225f,업데이트 | 뉴스 | 메이플스토리,,,,medium
64fd8d8659702e19067a,업데이트 | 뉴스 | 메이플스토리,,,,medium
c98dbee9ad0b30800306,업데이트 | 뉴스 | 메이플스토리,,,,medium
ee179ac53b3178f9d221,업데이트 | 뉴스 | 메이플스토리,,,,medium
55eba66a4261e62cfe97,업데이트 | 뉴스 | 메이플스토리,,,,medium
ffb742cfa35c904795cf,업데이트 | 뉴스 | 메이플스토리,,,,medium
3bd6989f723cd986abc5,업데이트 | 뉴스 | 메이플스토리,,,,medium
90761371e8c2dbc734bc,업데이트 | 뉴스 | 메이플스토리,,,,medium
36f1e64422e0854f2df5,업데이트 | 뉴스 | 메이플스토리,,,,medium
e05a0f3927bc19727830,업데이트 | 뉴스 | 메이플스토리,,,,medium
ca8cbf1134b444ca31ef,업데이트 | 뉴스 | 메이플스토리,,,,medium
3447cdfae8d0fad1c0b2,업데이트 | 뉴스 | 메이플스토리,,,,medium
d9770731e4a641ef098a,업데이트 | 뉴스 | 메이플스토리,,,,medium
fba4e17382631c9d51a8,업데이트 | 뉴스 | 메이플스토리,,,,medium
b2d3fb3876b09d44ee27,업데이트 | 뉴스 | 메이플스토리,,,,medium
4498b1a7bb70fa3335ce,업데이트 | 뉴스 | 메이플스토리,,,,medium
157069a24d2c0b562fea,업데이트 | 뉴스 | 메이플스토리,,,,medium
2f47ad8fcd4ccc6826e4,업데이트 | 뉴스 | 메이플스토리,,,,medium
0207b6ba73d77d327b57,업데이트 | 뉴스 | 메이플스토리,,,,medium
02d1e82eec90aa2d5786,업데이트 | 뉴스 | 메이플스토리,,,,medium
45778227eb6fd98019f8,업데이트 | 뉴스 | 메이플스토리,,,,medium
4da9335cc312f9aeb165,업데이트 | 뉴스 | 메이플스토리,,,,medium
ad8ac804f3afa71701f0,업데이트 | 뉴스 | 메이플스토리,,,,medium
2176119fc0a09de15341,업데이트 | 뉴스 | 메이플스토리,,,,medium
60650eb77586d08c1618,업데이트 | 뉴스 | 메이플스토리,,,,medium
5f1e21cb3b5b6d0e3d05,업데이트 | 뉴스 | 메이플스토리,,,,medium
a9b9a389ce1115609414,업데이트 | 뉴스 | 메이플스토리,,,,medium
139815e30930956f94bb,업데이트 | 뉴스 | 메이플스토리,,,,medium
6929cde79711eca7b33d,업데이트 | 뉴스 | 메이플스토리,,,,medium
52ea6ff3dd11e30cf1df,업데이트 | 뉴스 | 메이플스토리,,,,medium
8076d6b7bea9dd1e7a0e,업데이트 | 뉴스 | 메이플스토리,,,,medium
afa5cbb665663a30474e,업데이트 | 뉴스 | 메이플스토리,,,,medium
dbb2837405f977e76d75,업데이트 | 뉴스 | 메이플스토리,,,,medium
6891208ccb9ec8ac30bb,업데이트 | 뉴스 | 메이플스토리,,,,medium
f03b16453652a26f0089,업데이트 | 뉴스 | 메이플스토리,,,,medium
766e542a4b642f9290c3,업데이트 | 뉴스 | 메이플스토리,,,,medium
2c6e8ac942cbf9185d9d,업데이트 | 뉴스 | 메이플스토리,,,,medium
7b9a137b48db65d26d66,업데이트 | 뉴스 | 메이플스토리,,,,medium
5d8c5452859aa81f2371,업데이트 | 뉴스 | 메이플스토리,,,,medium
da45b6689e86f0b7eeeb,업데이트 | 뉴스 | 메이플스토리,,,,medium
29d3978112e38499069c,업데이트 | 뉴스 | 메이플스토리,,,,medium
0902baad2eb92e89cc35,업데이트 | 뉴스 | 메이플스토리,,,,medium
66a70eca21675ad6d8b8,업데이트 | 뉴스 | 메이플스토리,,,,medium
efd4729946bc51017872,업데이트 | 뉴스 | 메이플스토리,,,,medium
bc8ee3c0e0757be87a21,업데이트 | 뉴스 | 메이플스토리,,,,medium
72b86d2d5d5a0955f44b,업데이트 | 뉴스 | 메이플스토리,,,,medium
274aa01933fbbc0b2c04,업데이트 | 뉴스 | 메이플스토리,,,,medium
4a0ba18fce7f4d9d5e77,업데이트 | 뉴스 | 메이플스토리,,,,medium
2b3961f367bbad8ffecc,업데이트 | 뉴스 | 메이플스토리,,,,medium
66caec3125713b59536b,업데이트 | 뉴스 | 메이플스토리,,,,medium
2834148935dbdc084d66,업데이트 | 뉴스 | 메이플스토리,,,,medium
42ea7a6121b46fdcb35e,업데이트 | 뉴스 | 메이플스토리,,,,medium
50028b6bebaa24872ff6,업데이트 | 뉴스 | 메이플스토리,,,,medium
6ed2a48f836fe324e850,업데이트 | 뉴스 | 메이플스토리,,,,medium
e2c3a0c17bc0ede2eb91,업데이트 | 뉴스 | 메이플스토리,,,,medium
70b98b544a1402ee9e49,업데이트 | 뉴스 | 메이플스토리,,,,medium
ac4580b7f6503fff35df,업데이트 | 뉴스 | 메이플스토리,,,,medium
dece92d82b060bc113e3,업데이트 | 뉴스 | 메이플스토리,,,,medium
d286502cd166e2c6357b,업데이트 | 뉴스 | 메이플스토리,,,,medium
6f5f2b6e7cb6a4ddf335,업데이트 | 뉴스 | 메이플스토리,,,,medium
669c2f9cfba8dbb4127a,업데이트 | 뉴스 | 메이플스토리,,,,medium
b83e090a93a4a66e8a81,업데이트 | 뉴스 | 메이플스토리,,,,medium
dec3c1b7c33d4bc57e86,업데이트 | 뉴스 | 메이플스토리,,,,medium
175732eb9d8357bc1ce2,업데이트 | 뉴스 | 메이플스토리,,,,medium
0550d5097e5f9ef35657,업데이트 | 뉴스 | 메이플스토리,,,,medium
2ad1860d856bd6b836be,업데이트 | 뉴스 | 메이플스토리,,,,medium
037638528faac69216d5,업데이트 | 뉴스 | 메이플스토리,,,,medium
026d48dd51f97ee18d22,업데이트 | 뉴스 | 메이플스토리,,,,medium
6aa3be518a89ab34cf44,업데이트 | 뉴스 | 메이플스토리,,,,medium
1c04d16203e693a9e012,업데이트 | 뉴스 | 메이플스토리,,,,medium
93fe84b103f2d9173609,업데이트 | 뉴스 | 메이플스토리,,,,medium
33bb98fe2906b01da3a0,업데이트 | 뉴스 | 메이플스토리,,,,medium
414f75cf32a136894c1e,업데이트 | 뉴스 | 메이플스토리,,,,medium
fa1d82d8278addd02b81,업데이트 | 뉴스 | 메이플스토리,,,,medium
074ee4c733954467badf,업데이트 | 뉴스 | 메이플스토리,,,,medium
107c3814176627b8729a,업데이트 | 뉴스 | 메이플스토리,,,,medium
018c178c21034189350a,업데이트 | 뉴스 | 메이플스토리,,,,medium
09641055430597628230,업데이트 | 뉴스 | 메이플스토리,,,,medium
9ed1251ef70570e5b01c,업데이트 | 뉴스 | 메이플스토리,,,,medium
e77674dd654ad9522713,업데이트 | 뉴스 | 메이플스토리,,,,medium
4bb2214aa33bea0ebc32,업데이트 | 뉴스 | 메이플스토리,,,,medium
87839264f9b1bc4e4508,업데이트 | 뉴스 | 메이플스토리,,,,medium
f4b084fa8b66db61ca83,업데이트 | 뉴스 | 메이플스토리,,,,medium
f7937edb87b32f7dc221,업데이트 | 뉴스 | 메이플스토리,,,,medium
73985aee9486d61e0a22,업데이트 | 뉴스 | 메이플스토리,,,,medium
8c80039f1555ae0585e7,업데이트 | 뉴스 | 메이플스토리,,,,medium
3e5c4b9eefc7b5a5250c,업데이트 | 뉴스 | 메이플스토리,,,,medium
70814608d8991257d44b,업데이트 | 뉴스 | 메이플스토리,,,,medium
26fa3876d757b9edfe98,업데이트 | 뉴스 | 메이플스토리,,,,medium
977eea24664f61e2271e,업데이트 | 뉴스 | 메이플스토리,,,,medium
e50a5816d9c5f3ec7657,업데이트 | 뉴스 | 메이플스토리,,,,medium
ea398dbb38cca1f31e9e,업데이트 | 뉴스 | 메이플스토리,,,,medium
afeeae07db1e03e3b440,업데이트 | 뉴스 | 메이플스토리,,,,medium
5ada25818c4b3f8224a1,업데이트 | 뉴스 | 메이플스토리,,,,medium
c2159169b209294b2b73,업데이트 | 뉴스 | 메이플스토리,,,,medium
d9d1f25dcc37df0ebb45,업데이트 | 뉴스 | 메이플스토리,,,,medium
35b0fd268046ac6399de,업데이트 | 뉴스 | 메이플스토리,,,,medium
4f6dd7f6f6ad94bacd59,업데이트 | 뉴스 | 메이플스토리,,,,medium
65d5db6140daae50026a,업데이트 | 뉴스 | 메이플스토리,,,,medium
f2206618a21ff74912cd,업데이트 | 뉴스 | 메이플스토리,,,,medium
ff9f924ad75f5272e62a,업데이트 | 뉴스 | 메이플스토리,,,,medium
be50b357d2a1fd727cbc,업데이트 | 뉴스 | 메이플스토리,,,,medium
555c2090b0ada64fbf3c,업데이트 | 뉴스 | 메이플스토리,,,,medium
6433385742a82956ed24,업데이트 | 뉴스 | 메이플스토리,,,,medium
affecf60ea0fba121262,업데이트 | 뉴스 | 메이플스토리,,,,medium
373d88e1819fddd2c5cb,업데이트 | 뉴스 | 메이플스토리,,,,medium
ebc7cbe00e9cfb680278,업데이트 | 뉴스 | 메이플스토리,,,,medium
7f5ed2937834875f748e,업데이트 | 뉴스 | 메이플스토리,,,,medium
779d8fff724e29504a97,업데이트 | 뉴스 | 메이플스토리,,,,medium
f329d2e97cdcc8e9d6ea,업데이트 | 뉴스 | 메이플스토리,,,,medium
129ee0bf57e7d96b71e5,업데이트 | 뉴스 | 메이플스토리,,,,medium
2907eef3b5b5ad8f25cb,업데이트 | 뉴스 | 메이플스토리,,,,medium
b699ea589105bb673771,업데이트 | 뉴스 | 메이플스토리,,,,medium
b4121b7c78687dc30113,업데이트 | 뉴스 | 메이플스토리,,,,medium
40480ca8883dc4166753,업데이트 | 뉴스 | 메이플스토리,,,,medium
606ef60be6a97e0c9d8c,업데이트 | 뉴스 | 메이플스토리,,,,medium
0655ec0b8eef346463f2,업데이트 | 뉴스 | 메이플스토리,,,,medium
8db64752369eb5372216,업데이트 | 뉴스 | 메이플스토리,,,,medium
b4be02e33d8013ba3f97,업데이트 | 뉴스 | 메이플스토리,,,,medium
907b0cb725861ac35ef5,업데이트 | 뉴스 | 메이플스토리,,,,medium
cc731b2e1cfbdbbfbb79,업데이트 | 뉴스 | 메이플스토리,,,,medium
e09da8151771b1ba753f,업데이트 | 뉴스 | 메이플스토리,,,,medium
9dfc14b3b2fb903be810,업데이트 | 뉴스 | 메이플스토리,,,,medium
f07f1a9c7ea0c8072d24,업데이트 | 뉴스 | 메이플스토리,,,,medium
8f627f059bb3f91531dd,업데이트 | 뉴스 | 메이플스토리,,,,medium
e1218196d648bdb50057,업데이트 | 뉴스 | 메이플스토리,,,,medium
03f7489b6cf5a382586d,업데이트 | 뉴스 | 메이플스토리,,,,medium
6dda6879624188c632cc,업데이트 | 뉴스 | 메이플스토리,,,,medium
6d1b9aeb59388780583d,업데이트 | 뉴스 | 메이플스토리,,,,medium
bce0bb410b981d18209c,업데이트 | 뉴스 | 메이플스토리,,,,medium
f446b2be805690688247,업데이트 | 뉴스 | 메이플스토리,,,,medium
2fa8c507ceae402de30e,업데이트 | 뉴스 | 메이플스토리,,,,medium
63b7188fa257ce8cd52a,업데이트 | 뉴스 | 메이플스토리,,,,medium
328c1d81ceab666f4f22,업데이트 | 뉴스 | 메이플스토리,,,,medium
ba48410aaa7f8ad50615,업데이트 | 뉴스 | 메이플스토리,,,,medium
8ca22600c170f89aab55,업데이트 | 뉴스 | 메이플스토리,,,,medium
0ef3b2d14dda456f3b9f,업데이트 | 뉴스 | 메이플스토리,,,,medium
2dff9cfae8760e84258a,업데이트 | 뉴스 | 메이플스토리,,,,medium
f718ad70e827d3d93684,업데이트 | 뉴스 | 메이플스토리,,,,medium
f4a549206faec2d37110,업데이트 | 뉴스 | 메이플스토리,,,,medium
152f460200dad4c43654,업데이트 | 뉴스 | 메이플스토리,,,,medium
b2aa414c037e322d4883,업데이트 | 뉴스 | 메이플스토리,,,,medium
2fbb7c674a7b55cf4b66,업데이트 | 뉴스 | 메이플스토리,,,,medium
c6a4c5f8a600fa9e01b0,업데이트 | 뉴스 | 메이플스토리,,,,medium
a6346d1af95f17ad3cb1,업데이트 | 뉴스 | 메이플스토리,,,,medium
c06a3b4added9fa77487,업데이트 | 뉴스 | 메이플스토리,,,,medium
611c43fd418392622986,업데이트 | 뉴스 | 메이플스토리,,,,medium
f1e3c77f86390407ff56,업데이트 | 뉴스 | 메이플스토리,,,,medium
190416dd37fd08196737,업데이트 | 뉴스 | 메이플스토리,,,,medium
044e6e8464f9551591f1,업데이트 | 뉴스 | 메이플스토리,,,,medium
bfdc63cffc524cf03f48,업데이트 | 뉴스 | 메이플스토리,,,,medium
54cb7ec064e2e57884d2,업데이트 | 뉴스 | 메이플스토리,,,,medium
4c29321b85219d6b9a95,업데이트 | 뉴스 | 메이플스토리,,,,medium
7bfcfef0fc8b43463de9,업데이트 | 뉴스 | 메이플스토리,,,,medium
a86ec285f2c39da64803,업데이트 | 뉴스 | 메이플스토리,,,,medium
4b1d6d2649efba577461,업데이트 | 뉴스 | 메이플스토리,,,,medium
789a7dd0a0a49f635fd0,업데이트 | 뉴스 | 메이플스토리,,,,medium
6b8a25ab1aa4b39137ef,업데이트 | 뉴스 | 메이플스토리,,,,medium
e3b46bf47f286dd4331a,업데이트 | 뉴스 | 메이플스토리,,,,medium
6df4f3af7232952c5024,업데이트 | 뉴스 | 메이플스토리,,,,medium
93426df19b24f7411d5c,업데이트 | 뉴스 | 메이플스토리,,,,medium
250b72e895436d11f4be,업데이트 | 뉴스 | 메이플스토리,,,,medium
c0a2f375e9e97d793afb,업데이트 | 뉴스 | 메이플스토리,,,,medium
71ef095956d1ef1e0bcd,업데이트 | 뉴스 | 메이플스토리,,,,medium
b71a39dea9166f5f8bb0,업데이트 | 뉴스 | 메이플스토리,,,,medium
69d1e6a770d3d08deca0,업데이트 | 뉴스 | 메이플스토리,,,,medium
2a3b2aa8da41416f91df,업데이트 | 뉴스 | 메이플스토리,,,,medium
40c717daf9a417fa970a,업데이트 | 뉴스 | 메이플스토리,,,,medium
af8cc8578310bcbcae83,업데이트 | 뉴스 | 메이플스토리,,,,medium
d0e0610e48e4397b7b88,업데이트 | 뉴스 | 메이플스토리,,,,medium
c9c5d8717cb1f8031302,업데이트 | 뉴스 | 메이플스토리,,,,medium
92596ff63222f892495b,업데이트 | 뉴스 | 메이플스토리,,,,medium
41a955aaad1cdda82736,업데이트 | 뉴스 | 메이플스토리,,,,medium
b777bd86a7417fc8b822,업데이트 | 뉴스 | 메이플스토리,,,,medium
5aea20ef8404d7f3895d,업데이트 | 뉴스 | 메이플스토리,,,,medium
57d123f87fb001d274a5,업데이트 | 뉴스 | 메이플스토리,,,,medium
895d963696a098af74db,업데이트 | 뉴스 | 메이플스토리,,,,medium
6d2643af4dbb7d25d045,업데이트 | 뉴스 | 메이플스토리,,,,medium
c48c46f90f0827c72d5a,업데이트 | 뉴스 | 메이플스토리,,,,medium
8d7d57890cb4a343c870,업데이트 | 뉴스 | 메이플스토리,,,,medium
86ed51d95f9d6933c357,업데이트 | 뉴스 | 메이플스토리,,,,medium
181ed36e0f1e2844d32e,업데이트 | 뉴스 | 메이플스토리,,,,medium
92dea7964dbb62985f13,업데이트 | 뉴스 | 메이플스토리,,,,medium
fe503a82517df927ca3d,업데이트 | 뉴스 | 메이플스토리,,,,medium
fff8d316fde62c1518e5,업데이트 | 뉴스 | 메이플스토리,,,,medium
d5c9baa79bdda778c80e,업데이트 | 뉴스 | 메이플스토리,,,,medium
d1feab34929ac67d8571,업데이트 | 뉴스 | 메이플스토리,,,,medium
26332273c5e0eb8a4f03,업데이트 | 뉴스 | 메이플스토리,,,,medium
cbd1151a79688a48c95f,업데이트 | 뉴스 | 메이플스토리,,,,medium
39229571b7dc6241df6f,업데이트 | 뉴스 | 메이플스토리,,,,medium
7b10bf93b33052638cd0,업데이트 | 뉴스 | 메이플스토리,,,,medium
392f31fd38fa66f9d37c,업데이트 | 뉴스 | 메이플스토리,,,,medium
175585a5e350b1ac84d5,업데이트 | 뉴스 | 메이플스토리,,,,medium
3f1d74733cbb535b15e3,업데이트 | 뉴스 | 메이플스토리,,,,medium
946e63eb723ea436f071,업데이트 | 뉴스 | 메이플스토리,,,,medium
1cff277c97fdab046a1e,업데이트 | 뉴스 | 메이플스토리,,,,medium
7da77e4a12738d25a540,업데이트 | 뉴스 | 메이플스토리,,,,medium
04cd9c6fa700b5a04c84,업데이트 | 뉴스 | 메이플스토리,,,,medium
3fc505e0eaffb3901f09,업데이트 | 뉴스 | 메이플스토리,,,,medium
8df1a9259f6ab5a42552,업데이트 | 뉴스 | 메이플스토리,,,,medium
82a02f2b2990df9f1729,업데이트 | 뉴스 | 메이플스토리,,,,medium
0179748679b7e5daea0c,업데이트 | 뉴스 | 메이플스토리,,,,medium
7ca75e7ef975dac5475b,업데이트 | 뉴스 | 메이플스토리,,,,medium
d220b90331a392904ec1,업데이트 | 뉴스 | 메이플스토리,,,,medium
2c16d8fe18e58279e8bb,업데이트 | 뉴스 | 메이플스토리,,,,medium
1265871fb8b4806a258d,업데이트 | 뉴스 | 메이플스토리,,,,medium
8aa00c0f62c11b307985,업데이트 | 뉴스 | 메이플스토리,,,,medium
684140db939df2b1841e,업데이트 | 뉴스 | 메이플스토리,,,,medium
284b5d0cbfa02e1a98e3,업데이트 | 뉴스 | 메이플스토리,,,,medium
b32db7b414ccc56e311d,업데이트 | 뉴스 | 메이플스토리,,,,medium
3e8c97f4a54cc030e578,업데이트 | 뉴스 | 메이플스토리,,,,medium
208c6ca2c6c749ebd2ab,업데이트 | 뉴스 | 메이플스토리,,,,medium
72df3a85299c45464708,업데이트 | 뉴스 | 메이플스토리,,,,medium
932cf396557d88d8e798,업데이트 | 뉴스 | 메이플스토리,,,,medium
0fdc27061ef54d99fba2,업데이트 | 뉴스 | 메이플스토리,,,,medium
1057ed9764c8bd4bb345,업데이트 | 뉴스 | 메이플스토리,,,,medium
2865efcb310338533602,업데이트 | 뉴스 | 메이플스토리,,,,medium
a70910e9234eab4188fc,업데이트 | 뉴스 | 메이플스토리,,,,medium
c90221e6535ea822a90f,업데이트 | 뉴스 | 메이플스토리,,,,medium
159394ab8a20e04541f1,업데이트 | 뉴스 | 메이플스토리,,,,medium
55564c722258b215ce12,업데이트 | 뉴스 | 메이플스토리,,,,medium
35dda24352512e4c6983,업데이트 | 뉴스 | 메이플스토리,,,,medium
a2ca519a8c67f8bf791a,업데이트 | 뉴스 | 메이플스토리,,,,medium
b16da901735ca5a0ae8b,업데이트 | 뉴스 | 메이플스토리,,,,medium
2d8f75aa12cf34c4b620,업데이트 | 뉴스 | 메이플스토리,,,,medium
5d7adb19e4fc7c566fb0,업데이트 | 뉴스 | 메이플스토리,,,,medium
e4612172f1e5b4ff3b4b,업데이트 | 뉴스 | 메이플스토리,,,,medium
8c488f0fe5a80c1b986d,업데이트 | 뉴스 | 메이플스토리,,,,medium
45e570e1f6fefed48a63,업데이트 | 뉴스 | 메이플스토리,,,,medium
d12078fdab0efe275dbc,업데이트 | 뉴스 | 메이플스토리,,,,medium
071ef59f1c49a58132f0,업데이트 | 뉴스 | 메이플스토리,,,,medium
d4a5c2550058ae6ebd97,업데이트 | 뉴스 | 메이플스토리,,,,medium
086c4037f12c2cd8442c,업데이트 | 뉴스 | 메이플스토리,,,,medium
8655246b3c290e6a3588,업데이트 | 뉴스 | 메이플스토리,,,,medium
336953d45a8ee2e85740,업데이트 | 뉴스 | 메이플스토리,,,,medium
98647eda689c4e8b2391,업데이트 | 뉴스 | 메이플스토리,,,,medium
5078d9e512692483169d,업데이트 | 뉴스 | 메이플스토리,,,,medium
d1de897a0d1cd1539c74,업데이트 | 뉴스 | 메이플스토리,,,,medium
0cefde0445c946316c03,업데이트 | 뉴스 | 메이플스토리,,,,medium
316fe1dff6fcbdbca4f5,업데이트 | 뉴스 | 메이플스토리,,,,medium
52cd2972c515aafb8a5b,업데이트 | 뉴스 | 메이플스토리,,,,medium
6e1186923c657d76fa93,업데이트 | 뉴스 | 메이플스토리,,,,medium
41078ba6e04133e684ad,업데이트 | 뉴스 | 메이플스토리,,,,medium
1380234c7acb76d39872,업데이트 | 뉴스 | 메이플스토리,,,,medium
e81c7ea357b5da915b7c,업데이트 | 뉴스 | 메이플스토리,,,,medium
d33aeab60b58f5edb6e1,업데이트 | 뉴스 | 메이플스토리,,,,medium
5df5d2da50d687b61e4c,업데이트 | 뉴스 | 메이플스토리,,,,medium
e1967c8e70f778e39535,업데이트 | 뉴스 | 메이플스토리,,,,medium
e38650da584db70e8bf4,업데이트 | 뉴스 | 메이플스토리,,,,medium
6d6c17ead8a9eff8cce1,업데이트 | 뉴스 | 메이플스토리,,,,medium
0a46ff46817fb43cd526,업데이트 | 뉴스 | 메이플스토리,,,,medium
dd14dec587bbb2d87d0f,업데이트 | 뉴스 | 메이플스토리,,,,medium
70eb0884a0b867f1465d,업데이트 | 뉴스 | 메이플스토리,,,,medium
b686ad71c2df38cfe8f8,업데이트 | 뉴스 | 메이플스토리,,,,medium
f2451a35684fe5a47aca,업데이트 | 뉴스 | 메이플스토리,,,,medium
9068962865d0f496dbf3,업데이트 | 뉴스 | 메이플스토리,,,,medium
9b5ee424250d047eccdc,업데이트 | 뉴스 | 메이플스토리,,,,medium
b4a0f4f219bacae81937,업데이트 | 뉴스 | 메이플스토리,,,,medium
3d28935d32b9ab590ba3,업데이트 | 뉴스 | 메이플스토리,,,,medium
606ccac476ab3171d610,업데이트 | 뉴스 | 메이플스토리,,,,medium
700c75e6337293cfbf78,업데이트 | 뉴스 | 메이플스토리,,,,medium
23355956337a9bece49a,업데이트 | 뉴스 | 메이플스토리,,,,medium
77319f9bf4cf054a086f,업데이트 | 뉴스 | 메이플스토리,,,,medium
6b2ec6f74df3cbd21f69,업데이트 | 뉴스 | 메이플스토리,,,,medium
66aa6a2d951dd4638d13,업데이트 | 뉴스 | 메이플스토리,,,,medium
d1eec4af82506977fbc5,업데이트 | 뉴스 | 메이플스토리,,,,medium
fe15cf763f9d9e03ad69,업데이트 | 뉴스 | 메이플스토리,,,,medium
d226959eefb42ef6b3c2,업데이트 | 뉴스 | 메이플스토리,,,,medium
7ca728935a1ee7ed780f,업데이트 | 뉴스 | 메이플스토리,,,,medium
bd9a83e3b758838b0fe7,업데이트 | 뉴스 | 메이플스토리,,,,medium
e0da59925f3edf0c0245,업데이트 | 뉴스 | 메이플스토리,,,,medium
d1fec600effca0e64ab4,업데이트 | 뉴스 | 메이플스토리,,,,medium
24cf13b89039430ed59d,업데이트 | 뉴스 | 메이플스토리,,,,medium
1e01b406ae63d936d1d9,업데이트 | 뉴스 | 메이플스토리,,,,medium
5dee85f7f6e765606c2d,업데이트 | 뉴스 | 메이플스토리,,,,medium
e3fc9195b9c90aac6e73,업데이트 | 뉴스 | 메이플스토리,,,,medium
74ae31aa0dfbf9a01507,업데이트 | 뉴스 | 메이플스토리,,,,medium
a8cb4c11a86f31e4ae2c,업데이트 | 뉴스 | 메이플스토리,,,,medium
e048fdb4e2e86d1c4d73,업데이트 | 뉴스 | 메이플스토리,,,,medium
b6ad5b179812c5d34120,업데이트 | 뉴스 | 메이플스토리,,,,medium
606b83a24554d39397b8,업데이트 | 뉴스 | 메이플스토리,,,,medium
43254671ec4d7c9c069a,업데이트 | 뉴스 | 메이플스토리,,,,medium
6a722555d90c9076fffe,업데이트 | 뉴스 | 메이플스토리,,,,medium
d73968d941f1c84a248f,업데이트 | 뉴스 | 메이플스토리,,,,medium
8a876fda6f19d11bf9ed,업데이트 | 뉴스 | 메이플스토리,,,,medium
68ee1ef6f70b67e41946,업데이트 | 뉴스 | 메이플스토리,,,,medium
eb2d4bee2f2aea161b1b,업데이트 | 뉴스 | 메이플스토리,,,,medium
6325ac69d2d080d7056b,업데이트 | 뉴스 | 메이플스토리,,,,medium
a5a18a76131720134c44,업데이트 | 뉴스 | 메이플스토리,,,,medium
22e240650c649c90b5b5,업데이트 | 뉴스 | 메이플스토리,,,,medium
96c51a15cd240711b6b8,업데이트 | 뉴스 | 메이플스토리,,,,medium
a043f815a707d33355c0,업데이트 | 뉴스 | 메이플스토리,,,,medium
5bfe8064d6945f6a00e9,업데이트 | 뉴스 | 메이플스토리,,,,medium
fedabdba0921f46e684d,업데이트 | 뉴스 | 메이플스토리,,,,medium
ed0346afad7b41818e88,업데이트 | 뉴스 | 메이플스토리,,,,medium
9a56ad7d4cc97eeee366,업데이트 | 뉴스 | 메이플스토리,,,,medium
c7f24e1cdc57ca66d4fa,업데이트 | 뉴스 | 메이플스토리,,,,medium
9acfab40e761d930365d,업데이트 | 뉴스 | 메이플스토리,,,,medium
5560ad10891dea2758aa,업데이트 | 뉴스 | 메이플스토리,,,,medium
f4dddabbc2cba0144f1d,업데이트 | 뉴스 | 메이플스토리,,,,medium
757bc387d2be999aa097,업데이트 | 뉴스 | 메이플스토리,,,,medium
08a79cffc0e3bb8dfcce,업데이트 | 뉴스 | 메이플스토리,,,,medium
f6d414dbe644b30682cd,업데이트 | 뉴스 | 메이플스토리,,,,medium
39fe46bbcff7fac04a5c,업데이트 | 뉴스 | 메이플스토리,,,,medium
7dbf49295b1060c3c1d1,업데이트 | 뉴스 | 메이플스토리,,,,medium
b92f589aeb126f2fd942,업데이트 | 뉴스 | 메이플스토리,,,,medium
db01aba3e2149936ea10,업데이트 | 뉴스 | 메이플스토리,,,,medium
8db264479d7ff06b70e9,업데이트 | 뉴스 | 메이플스토리,,,,medium
9fe6d993747b25845047,업데이트 | 뉴스 | 메이플스토리,,,,medium
deb39f279b7d36b95a33,업데이트 | 뉴스 | 메이플스토리,,,,medium
1937eb0f6267f6c8666e,업데이트 | 뉴스 | 메이플스토리,,,,medium
2a009f570a76f3e29fef,업데이트 | 뉴스 | 메이플스토리,,,,medium
7605e8e1f8daa60bf48f,업데이트 | 뉴스 | 메이플스토리,,,,medium
00a9abb0ef51f7f49405,업데이트 | 뉴스 | 메이플스토리,,,,medium
ac29c596fa7fab2e528b,업데이트 | 뉴스 | 메이플스토리,,,,medium
ec3627730b8999fba653,업데이트 | 뉴스 | 메이플스토리,,,,medium
4574bf9d9a8d2c691aea,업데이트 | 뉴스 | 메이플스토리,,,,medium
d88964c73b004e113ceb,업데이트 | 뉴스 | 메이플스토리,,,,medium
079777ab89c8bf5e65b7,업데이트 | 뉴스 | 메이플스토리,,,,medium
b7649dc591ee395f2583,업데이트 | 뉴스 | 메이플스토리,,,,medium
cd0006dfca1079909969,업데이트 | 뉴스 | 메이플스토리,,,,medium
c69ca6b632e3ae85814d,업데이트 | 뉴스 | 메이플스토리,,,,medium
61baadc2d56794c6bd74,업데이트 | 뉴스 | 메이플스토리,,,,medium
42517c1e67d299593602,업데이트 | 뉴스 | 메이플스토리,,,,medium
50f433fb0e98ea9256d0,업데이트 | 뉴스 | 메이플스토리,,,,medium
8a71e277d9aa2eb70fda,업데이트 | 뉴스 | 메이플스토리,,,,medium
e3c52c1b9acfbfb8728c,업데이트 | 뉴스 | 메이플스토리,,,,medium
fd3b838abf110fbc9f3a,업데이트 | 뉴스 | 메이플스토리,,,,medium
2093e990de98fe79c576,업데이트 | 뉴스 | 메이플스토리,,,,medium
b00703411a1ece3fae0e,업데이트 | 뉴스 | 메이플스토리,,,,medium
43ee6279aef88e7e6873,업데이트 | 뉴스 | 메이플스토리,,,,medium
04bc68b69186a0e0acda,업데이트 | 뉴스 | 메이플스토리,,,,medium
85ad134c72ee5e19e2d6,업데이트 | 뉴스 | 메이플스토리,,,,medium
78ad31acb245e88303fd,업데이트 | 뉴스 | 메이플스토리,,,,medium
8f33c7bcb8f1b243a5cd,업데이트 | 뉴스 | 메이플스토리,,,,medium
0223b7d29d10432c0779,업데이트 | 뉴스 | 메이플스토리,,,,medium
7d48cee31e8ad3486168,업데이트 | 뉴스 | 메이플스토리,,,,medium
c69a892b0eebdf8883ea,업데이트 | 뉴스 | 메이플스토리,,,,medium
efaa55b3c5fe3d7d387f,업데이트 | 뉴스 | 메이플스토리,,,,medium
bed74573226252c2d455,업데이트 | 뉴스 | 메이플스토리,,,,medium
7c64411f755853eeeca7,업데이트 | 뉴스 | 메이플스토리,,,,medium
0d9da5df91df44918214,업데이트 | 뉴스 | 메이플스토리,,,,medium
d018b6f3514e5d938a0a,업데이트 | 뉴스 | 메이플스토리,,,,medium
feabf56d3d1ee00d0cc4,업데이트 | 뉴스 | 메이플스토리,,,,medium
b8881f433f2f4c5f547b,업데이트 | 뉴스 | 메이플스토리,,,,medium
23cf71e032d70dec247e,업데이트 | 뉴스 | 메이플스토리,,,,medium
de017441705512ca5fdd,업데이트 | 뉴스 | 메이플스토리,,,,medium
ec9a6417a9d7d5ac239e,업데이트 | 뉴스 | 메이플스토리,,,,medium
7f2ae3438d578f9e7b34,업데이트 | 뉴스 | 메이플스토리,,,,medium
050def0ebab735c1614c,업데이트 | 뉴스 | 메이플스토리,,,,medium
bd9ee78c2a480a90ab19,업데이트 | 뉴스 | 메이플스토리,,,,medium
e3ffaaf3d8f0f6780fbc,업데이트 | 뉴스 | 메이플스토리,,,,medium
5c0d96e72c4ccf9e6981,업데이트 | 뉴스 | 메이플스토리,,,,medium
597240465edbfd780cf6,업데이트 | 뉴스 | 메이플스토리,,,,medium
9c4a9d41a1618283d081,업데이트 | 뉴스 | 메이플스토리,,,,medium
7356a251c2ec5840b585,업데이트 | 뉴스 | 메이플스토리,,,,medium
64cbdacfed7c952ece07,업데이트 | 뉴스 | 메이플스토리,,,,medium
7e934c0dc35f1aadb3a2,업데이트 | 뉴스 | 메이플스토리,,,,medium
94122469bc4290de3a69,업데이트 | 뉴스 | 메이플스토리,,,,medium
d2d71bc01a52fe476c97,업데이트 | 뉴스 | 메이플스토리,,,,medium
1e5edf77c34b3860e6eb,업데이트 | 뉴스 | 메이플스토리,,,,medium
5c970a685dbad30fb531,업데이트 | 뉴스 | 메이플스토리,,,,medium
cac2efa969c3fead311f,업데이트 | 뉴스 | 메이플스토리,,,,medium
97080b82f77003ec3878,업데이트 | 뉴스 | 메이플스토리,,,,medium
e0a4fdd8f1dee3353c5d,업데이트 | 뉴스 | 메이플스토리,,,,medium
15cd3b3a9638c6ebe15c,업데이트 | 뉴스 | 메이플스토리,,,,medium
f8f1bbbd72dfb00efee0,업데이트 | 뉴스 | 메이플스토리,,,,medium
9c2e5efb36bf9a6b8fc8,업데이트 | 뉴스 | 메이플스토리,,,,medium
a0640293b8b4b15a4588,업데이트 | 뉴스 | 메이플스토리,,,,medium
c256fa8eeabb73708e23,업데이트 | 뉴스 | 메이플스토리,,,,medium
649e23822910dcbdca1d,업데이트 | 뉴스 | 메이플스토리,,,,medium
b40553586270baa4ade3,업데이트 | 뉴스 | 메이플스토리,,,,medium
b8f19c19afd6bf8e127d,업데이트 | 뉴스 | 메이플스토리,,,,medium
b14506771635513a09d5,업데이트 | 뉴스 | 메이플스토리,,,,medium
0d7dbc16ce45d5bdce4f,업데이트 | 뉴스 | 메이플스토리,,,,medium
febb3d57efecde87600e,업데이트 | 뉴스 | 메이플스토리,,,,medium
9ca3b801a8b2257783b3,업데이트 | 뉴스 | 메이플스토리,,,,medium
53316525b5d2a538dba0,업데이트 | 뉴스 | 메이플스토리,,,,medium
3c2b920db384cf5a0db5,업데이트 | 뉴스 | 메이플스토리,,,,medium
6cbd0ed5436c8611d796,업데이트 | 뉴스 | 메이플스토리,,,,medium
24ecf1ff95a26787dd00,업데이트 | 뉴스 | 메이플스토리,,,,medium
59d1477ba9635faaca78,업데이트 | 뉴스 | 메이플스토리,,,,medium
5d05922924150024ed85,업데이트 | 뉴스 | 메이플스토리,,,,medium
ae8e834d0b0d0f465f9a,업데이트 | 뉴스 | 메이플스토리,,,,medium
6ea1dd7d70e6d6bcb13e,업데이트 | 뉴스 | 메이플스토리,,,,medium
1214b39156528473d5e6,업데이트 | 뉴스 | 메이플스토리,,,,medium
75c897429feef7a31bb6,업데이트 | 뉴스 | 메이플스토리,,,,medium
b6c30fbca5fcf1956f86,업데이트 | 뉴스 | 메이플스토리,,,,medium
a54dfd074102b24ff6d9,업데이트 | 뉴스 | 메이플스토리,,,,medium
3110a73e36cf61960230,업데이트 | 뉴스 | 메이플스토리,,,,medium
34ba6d25a186e0b22126,업데이트 | 뉴스 | 메이플스토리,,,,medium
19d1ae73b792865fa956,업데이트 | 뉴스 | 메이플스토리,,,,medium
57a763eec02e057afef9,업데이트 | 뉴스 | 메이플스토리,,,,medium
357627aa4c3f050801cc,업데이트 | 뉴스 | 메이플스토리,,,,medium
fbed9a46f28dc89be592,업데이트 | 뉴스 | 메이플스토리,,,,medium
897c981ae29ebca18db8,업데이트 | 뉴스 | 메이플스토리,,,,medium
c4808a10115223e31cf4,업데이트 | 뉴스 | 메이플스토리,,,,medium
7e4528adaeed96239f67,업데이트 | 뉴스 | 메이플스토리,,,,medium
4c76b68499c7e80a003b,업데이트 | 뉴스 | 메이플스토리,,,,medium
f77a34fde89f8c5b8215,업데이트 | 뉴스 | 메이플스토리,,,,medium
1d078eaf3e129f27c194,업데이트 | 뉴스 | 메이플스토리,,,,medium
a175faa873a048cd3e3f,업데이트 | 뉴스 | 메이플스토리,,,,medium
08f6a270df6fa786c28a,업데이트 | 뉴스 | 메이플스토리,,,,medium
664d2017e071855e20a0,업데이트 | 뉴스 | 메이플스토리,,,,medium
6a3277780b81ef3ef47d,업데이트 | 뉴스 | 메이플스토리,,,,medium
88a09603a835e9d38301,업데이트 | 뉴스 | 메이플스토리,,,,medium
a6c71ece554e70c4ec07,업데이트 | 뉴스 | 메이플스토리,,,,medium
13e4f87c3ff5c85d3c78,업데이트 | 뉴스 | 메이플스토리,,,,medium
e1c5e6074f57d54ca57c,업데이트 | 뉴스 | 메이플스토리,,,,medium
fd5e8d82064b8c691e04,업데이트 | 뉴스 | 메이플스토리,,,,medium
e8e39c787b5b29eb42b5,업데이트 | 뉴스 | 메이플스토리,,,,medium
6c492bb1e8b5b23091d9,업데이트 | 뉴스 | 메이플스토리,,,,medium
75e8785d5784ec2b360d,업데이트 | 뉴스 | 메이플스토리,,,,medium
b281aea5a64e46c07a2f,업데이트 | 뉴스 | 메이플스토리,,,,medium
c2fb610d8f6bd0457e24,업데이트 | 뉴스 | 메이플스토리,,,,medium
bfb045225704c704f9b6,업데이트 | 뉴스 | 메이플스토리,,,,medium
3564cf98e1074c579eaf,업데이트 | 뉴스 | 메이플스토리,,,,medium
e3c1c8fc2da06b91ed87,업데이트 | 뉴스 | 메이플스토리,,,,medium
a6c50e2e8aef5c2edcf4,업데이트 | 뉴스 | 메이플스토리,,,,medium
312775cdcd1f66e1325f,업데이트 | 뉴스 | 메이플스토리,,,,medium
98f76c4e43920e85035e,업데이트 | 뉴스 | 메이플스토리,,,,medium
fe602dbb186782dfebd1,업데이트 | 뉴스 | 메이플스토리,,,,medium
c77a3f7eb4a0b3164225,업데이트 | 뉴스 | 메이플스토리,,,,medium
67bef21cf5fda7ce54c1,업데이트 | 뉴스 | 메이플스토리,,,,medium
b7fc7a49bdc49898af0d,업데이트 | 뉴스 | 메이플스토리,,,,medium
06c2ce47d1aeef17adb4,업데이트 | 뉴스 | 메이플스토리,,,,medium
96e6b6aa70531c6cc264,업데이트 | 뉴스 | 메이플스토리,,,,medium
8ef0eb3ee360d0be6930,업데이트 | 뉴스 | 메이플스토리,,,,medium
2fa5ce764c0655e010d6,업데이트 | 뉴스 | 메이플스토리,,,,medium
9a8b412e4ce13e05ce70,업데이트 | 뉴스 | 메이플스토리,,,,medium
9cc3270b657377757d3d,업데이트 | 뉴스 | 메이플스토리,,,,medium
60a4e813321fe2fdd3b3,업데이트 | 뉴스 | 메이플스토리,,,,medium
eaf9c4644b9ef6ea7b53,업데이트 | 뉴스 | 메이플스토리,,,,medium
9dcc767873c11994c1b8,업데이트 | 뉴스 | 메이플스토리,,,,medium
3923651c7e8ce43392bd,업데이트 | 뉴스 | 메이플스토리,,,,medium
816069f7ee97dffb6895,업데이트 | 뉴스 | 메이플스토리,,,,medium
0b5df30b64cd67679efc,업데이트 | 뉴스 | 메이플스토리,,,,medium
513bd4335641a85757fe,업데이트 | 뉴스 | 메이플스토리,,,,medium
79c80c7e80327a4cc9fb,업데이트 | 뉴스 | 메이플스토리,,,,medium
3c513b60cdb07fea008f,업데이트 | 뉴스 | 메이플스토리,,,,medium
05d3ff820ed2ae08e751,업데이트 | 뉴스 | 메이플스토리,,,,medium
1da04f3f874a9c2cfb1a,업데이트 | 뉴스 | 메이플스토리,,,,medium
658b9a0da3f7992ebd10,업데이트 | 뉴스 | 메이플스토리,,,,medium
36ceb9c7bd5c627f883f,업데이트 | 뉴스 | 메이플스토리,,,,medium
d35b82ef2439af4bb61a,업데이트 | 뉴스 | 메이플스토리,,,,medium
2820edc873ad0fbe48bd,업데이트 | 뉴스 | 메이플스토리,,,,medium
65fb8f70c3ae09a91102,업데이트 | 뉴스 | 메이플스토리,,,,medium
c4ab51366a6f08857757,업데이트 | 뉴스 | 메이플스토리,,,,medium
7e9615e89f4d84c3a499,업데이트 | 뉴스 | 메이플스토리,,,,medium
c4296253d837a6d5d5ef,업데이트 | 뉴스 | 메이플스토리,,,,medium
1c6e8af686c2c77503c7,업데이트 | 뉴스 | 메이플스토리,,,,medium
3df0a8189ce971e6c34c,업데이트 | 뉴스 | 메이플스토리,,,,medium
f0ceecef2e057b824ba8,업데이트 | 뉴스 | 메이플스토리,,,,medium
42623f3c1ea393630b05,업데이트 | 뉴스 | 메이플스토리,,,,medium
fd961f9f564f4bd6d866,업데이트 | 뉴스 | 메이플스토리,,,,medium
be321d6491ba78482750,업데이트 | 뉴스 | 메이플스토리,,,,medium
88923a13f66aab885b75,업데이트 | 뉴스 | 메이플스토리,,,,medium
2798817dc6d592506e0a,업데이트 | 뉴스 | 메이플스토리,,,,medium
6b03b76c61a0f3a9d6df,업데이트 | 뉴스 | 메이플스토리,,,,medium
af38b48515d4fd73d56b,업데이트 | 뉴스 | 메이플스토리,,,,medium
d93ce14830c045ccc5c4,업데이트 | 뉴스 | 메이플스토리,,,,medium
0ff522459545f010a37f,업데이트 | 뉴스 | 메이플스토리,,,,medium
f12cf10654bc94edc01a,업데이트 | 뉴스 | 메이플스토리,,,,medium
32947056638ac2946681,업데이트 | 뉴스 | 메이플스토리,,,,medium
874015b7195ed3678b41,업데이트 | 뉴스 | 메이플스토리,,,,medium
6d5512c2aa432e4492e6,업데이트 | 뉴스 | 메이플스토리,,,,medium
92bb31648f6096454858,업데이트 | 뉴스 | 메이플스토리,,,,medium
f2dcd07fb991fac7b99e,업데이트 | 뉴스 | 메이플스토리,,,,medium
e0e69d0bccda82d9a21f,업데이트 | 뉴스 | 메이플스토리,,,,medium
94d3d71e3d40f381a84b,업데이트 | 뉴스 | 메이플스토리,,,,medium
d21e301976ba1f04e40b,업데이트 | 뉴스 | 메이플스토리,,,,medium
2574b84f638f31338c40,업데이트 | 뉴스 | 메이플스토리,,,,medium
5dec5074ef6c41ab90c6,업데이트 | 뉴스 | 메이플스토리,,,,medium
736cc6cd9c490eb32cdf,업데이트 | 뉴스 | 메이플스토리,,,,medium
4c1b4cc6a1bfda98d07d,업데이트 | 뉴스 | 메이플스토리,,,,medium
18b2b25d1e2b366514a0,업데이트 | 뉴스 | 메이플스토리,,,,medium
1433fd2fa26c42cd35a4,업데이트 | 뉴스 | 메이플스토리,,,,medium
0bbdb565be9fb06a6a69,업데이트 | 뉴스 | 메이플스토리,,,,medium
38472574f0d3b6018d03,업데이트 | 뉴스 | 메이플스토리,,,,medium
f2f1b86e349cbc8dd282,업데이트 | 뉴스 | 메이플스토리,,,,medium
5427cd7fa8f732ba1f69,업데이트 | 뉴스 | 메이플스토리,,,,medium
bf74bc6c44dc197bcad7,업데이트 | 뉴스 | 메이플스토리,,,,medium
f5423dd0117612e10cbc,업데이트 | 뉴스 | 메이플스토리,,,,medium
2ed16bac51a7e6a4bda9,업데이트 | 뉴스 | 메이플스토리,,,,medium
65d5440005c603f26de0,업데이트 | 뉴스 | 메이플스토리,,,,medium
e5d81fe1e05316c7e0ad,업데이트 | 뉴스 | 메이플스토리,,,,medium
05cb4ae4c5ea480951e2,업데이트 | 뉴스 | 메이플스토리,,,,medium
addd3dc6b779bf0ff1b8,업데이트 | 뉴스 | 메이플스토리,,,,medium
e988251be5c9271f1a79,업데이트 | 뉴스 | 메이플스토리,,,,medium
a86fa2a3f3cc68482d93,업데이트 | 뉴스 | 메이플스토리,,,,medium
e0100af32bc47672f61d,업데이트 | 뉴스 | 메이플스토리,,,,medium
fbc134e189b85116846f,업데이트 | 뉴스 | 메이플스토리,,,,medium
42659f8ee967026e9ecd,업데이트 | 뉴스 | 메이플스토리,,,,medium
5c30360a361c7c9fa095,업데이트 | 뉴스 | 메이플스토리,,,,medium
f322752b64db13360cd9,업데이트 | 뉴스 | 메이플스토리,,,,medium
aafc134e14f876ac3b2c,업데이트 | 뉴스 | 메이플스토리,,,,medium
2a9fedf0de00c1abea09,업데이트 | 뉴스 | 메이플스토리,,,,medium
671fd9324b0f392eb033,업데이트 | 뉴스 | 메이플스토리,,,,medium
e7bc112cd98900693394,업데이트 | 뉴스 | 메이플스토리,,,,medium
e2a71c1ca7bea01fee2d,업데이트 | 뉴스 | 메이플스토리,,,,medium
ef62c6cdb78234d03337,업데이트 | 뉴스 | 메이플스토리,,,,medium
16f49b43020fa1887620,업데이트 | 뉴스 | 메이플스토리,,,,medium
5a6c5d487b6caa101708,업데이트 | 뉴스 | 메이플스토리,,,,medium
2117a3a1294abde5f5f1,업데이트 | 뉴스 | 메이플스토리,,,,medium
0d3c60e23c5ac16b80f9,업데이트 | 뉴스 | 메이플스토리,,,,medium
d9e8ec9aea145a8e4fd6,업데이트 | 뉴스 | 메이플스토리,,,,medium
6d763897648144d82592,업데이트 | 뉴스 | 메이플스토리,,,,medium
1d3f987cd3301fc77f7f,업데이트 | 뉴스 | 메이플스토리,,,,medium
c07a1458f932e45008ea,업데이트 | 뉴스 | 메이플스토리,,,,medium
18c997be0849aaee8cc3,업데이트 | 뉴스 | 메이플스토리,,,,medium
0e7d31d9dfdd911f817b,업데이트 | 뉴스 | 메이플스토리,,,,medium
2be5f54fcb5b4d85c583,업데이트 | 뉴스 | 메이플스토리,,,,medium
b049fd553bf1973bcc80,업데이트 | 뉴스 | 메이플스토리,,,,medium
0bf4fa4f83676eb2f63f,업데이트 | 뉴스 | 메이플스토리,,,,medium
3181cf1aefc330c5aa68,업데이트 | 뉴스 | 메이플스토리,,,,medium
47be6e46938238a7037a,업데이트 | 뉴스 | 메이플스토리,,,,medium
1938e3e7147e7e12c828,업데이트 | 뉴스 | 메이플스토리,,,,medium
2d86a3fc0f45e73ae08b,업데이트 | 뉴스 | 메이플스토리,,,,medium
b179a16b813073ef2ef3,업데이트 | 뉴스 | 메이플스토리,,,,medium
84ce2604bf64c4a20d93,업데이트 | 뉴스 | 메이플스토리,,,,medium
8fe8c5bab00e80f2f6e1,업데이트 | 뉴스 | 메이플스토리,,,,medium
f7cce986c7ddc0bd8226,업데이트 | 뉴스 | 메이플스토리,,,,medium
90f01cb689bb3a068b8a,업데이트 | 뉴스 | 메이플스토리,,,,medium
4a0cddbc7849e00562ed,업데이트 | 뉴스 | 메이플스토리,,,,medium
d938660f06ce6626b236,업데이트 | 뉴스 | 메이플스토리,,,,medium
d42e4a2975eea4f1182d,업데이트 | 뉴스 | 메이플스토리,,,,medium
bebe2e1ecbd99a31e1b7,업데이트 | 뉴스 | 메이플스토리,,,,medium
943c01a5b3846b504f48,업데이트 | 뉴스 | 메이플스토리,,,,medium
03bc4b3dfe276a107213,업데이트 | 뉴스 | 메이플스토리,,,,medium
c99d4affe6c41d810228,업데이트 | 뉴스 | 메이플스토리,,,,medium
36ec33bde43489740e3e,업데이트 | 뉴스 | 메이플스토리,,,,medium
b0b98854d23b3ce56305,업데이트 | 뉴스 | 메이플스토리,,,,medium
423f6fa401d098acd457,업데이트 | 뉴스 | 메이플스토리,,,,medium
7789046290fdb23d6bf7,업데이트 | 뉴스 | 메이플스토리,,,,medium
c890e088d9f3aecdbf96,업데이트 | 뉴스 | 메이플스토리,,,,medium
43bd20b63037aea13027,업데이트 | 뉴스 | 메이플스토리,,,,medium
8d3dacdfa54c9f64c95d,업데이트 | 뉴스 | 메이플스토리,,,,medium
30fbcd9ae8dbf830aaf8,업데이트 | 뉴스 | 메이플스토리,,,,medium
88ae250cfdbc81c5d417,업데이트 | 뉴스 | 메이플스토리,,,,medium
e073beb83364d9e077fa,업데이트 | 뉴스 | 메이플스토리,,,,medium
5f5a10b78d7a916871c3,업데이트 | 뉴스 | 메이플스토리,,,,medium
386c7985fe3f3077857e,업데이트 | 뉴스 | 메이플스토리,,,,medium
c0a0e211e5be200025b6,업데이트 | 뉴스 | 메이플스토리,,,,medium
85e3cbeb19e90d758581,업데이트 | 뉴스 | 메이플스토리,,,,medium
3e0a51cb91b9b710518a,업데이트 | 뉴스 | 메이플스토리,,,,medium
1925551742a8fde6274f,업데이트 | 뉴스 | 메이플스토리,,,,medium
afaa8ffd8479394fa360,업데이트 | 뉴스 | 메이플스토리,,,,medium
8c0fd8bf022a90bf81d7,업데이트 | 뉴스 | 메이플스토리,,,,medium
1b99ec9f22c43ddaa3b8,업데이트 | 뉴스 | 메이플스토리,,,,medium
022a9b1235a5b085dda4,업데이트 | 뉴스 | 메이플스토리,,,,medium
bbe4c316a933d9e0c612,업데이트 | 뉴스 | 메이플스토리,,,,medium
3c20e9f206df1e7bd73e,업데이트 | 뉴스 | 메이플스토리,,,,medium
eba3803e0fc1fda48b0b,업데이트 | 뉴스 | 메이플스토리,,,,medium
a6049decae29185f37b3,업데이트 | 뉴스 | 메이플스토리,,,,medium
3521aaa74e9c1498f4e4,업데이트 | 뉴스 | 메이플스토리,,,,medium
99d83a586def4f26b684,업데이트 | 뉴스 | 메이플스토리,,,,medium
d0df4ef6702602a20431,업데이트 | 뉴스 | 메이플스토리,,,,medium
0dcc89ccb53d3a5ecc6c,업데이트 | 뉴스 | 메이플스토리,,,,medium
381d77612ea95e2c14dc,업데이트 | 뉴스 | 메이플스토리,,,,medium
d2ae8f5751320fdfda95,업데이트 | 뉴스 | 메이플스토리,,,,medium
f0dcbc3b0ba5ce2931cc,업데이트 | 뉴스 | 메이플스토리,,,,medium
3696f381f3e2f72c8454,업데이트 | 뉴스 | 메이플스토리,,,,medium
023cdc6d5df40e59eefd,업데이트 | 뉴스 | 메이플스토리,,,,medium
522596be2674bba8a5db,업데이트 | 뉴스 | 메이플스토리,,,,medium
50c65b05fdba6912c969,업데이트 | 뉴스 | 메이플스토리,,,,medium
ea5a2d52adb11888626d,업데이트 | 뉴스 | 메이플스토리,,,,medium
ce1ad10ff51fb13fbc8f,업데이트 | 뉴스 | 메이플스토리,,,,medium
b1832092b21c2d9dcae9,업데이트 | 뉴스 | 메이플스토리,,,,medium
190c79e81aaa62a0339a,업데이트 | 뉴스 | 메이플스토리,,,,medium
d4d5ef4685a205271465,업데이트 | 뉴스 | 메이플스토리,,,,medium
8ae4db8f3532eed2c246,업데이트 | 뉴스 | 메이플스토리,,,,medium
80ffc68b3112df7454f7,업데이트 | 뉴스 | 메이플스토리,,,,medium
15c7ce4c09ae49dddce2,업데이트 | 뉴스 | 메이플스토리,,,,medium
86db46478cffdc052e11,업데이트 | 뉴스 | 메이플스토리,,,,medium
55581a7935df24585e1b,업데이트 | 뉴스 | 메이플스토리,,,,medium
9e41da37331bf7ef6cd3,업데이트 | 뉴스 | 메이플스토리,,,,medium
b357c3d6884a7e9dcbdf,업데이트 | 뉴스 | 메이플스토리,,,,medium
667e3fdd8da59f34ecdd,업데이트 | 뉴스 | 메이플스토리,,,,medium
c435e36d38e8724dd9fc,업데이트 | 뉴스 | 메이플스토리,,,,medium
0d3ac9241a5ba8fe8725,업데이트 | 뉴스 | 메이플스토리,,,,medium
20101aa73f84f02502e0,업데이트 | 뉴스 | 메이플스토리,,,,medium
28d3f4d6a30745da396e,업데이트 | 뉴스 | 메이플스토리,,,,medium
6e0d9dd3bc353902f6a1,업데이트 | 뉴스 | 메이플스토리,,,,medium
443e3466176be67dda08,업데이트 | 뉴스 | 메이플스토리,,,,medium
8574cc615318961a6469,업데이트 | 뉴스 | 메이플스토리,,,,medium
dc451aaf8ba2f5080f07,업데이트 | 뉴스 | 메이플스토리,,,,medium
7434850c65c2869121fe,업데이트 | 뉴스 | 메이플스토리,,,,medium
c21bfb299575d236020c,업데이트 | 뉴스 | 메이플스토리,,,,medium
a6e209a07ddda8fd4a5e,업데이트 | 뉴스 | 메이플스토리,,,,medium
5ea2b29468c6e26591c7,업데이트 | 뉴스 | 메이플스토리,,,,medium
c07d954eca1adfc2c205,업데이트 | 뉴스 | 메이플스토리,,,,medium
796c15f3b2f9752f4469,업데이트 | 뉴스 | 메이플스토리,,,,medium
e8366faa2a14ecd96684,업데이트 | 뉴스 | 메이플스토리,,,,medium
e53d2249cd03b08e239e,업데이트 | 뉴스 | 메이플스토리,,,,medium
548a6a938039d1c8dd31,업데이트 | 뉴스 | 메이플스토리,,,,medium
1e9379aec1e394596de4,업데이트 | 뉴스 | 메이플스토리,,,,medium
efa415c00c87620b1d59,업데이트 | 뉴스 | 메이플스토리,,,,medium
d55ed5a32a8a5635665c,업데이트 | 뉴스 | 메이플스토리,,,,medium
7ad66a9b91a80af903f0,업데이트 | 뉴스 | 메이플스토리,,,,medium
d5bf03fa587a26f5b03a,업데이트 | 뉴스 | 메이플스토리,,,,medium
5ebddc1395f4d8d4d914,업데이트 | 뉴스 | 메이플스토리,,,,medium
2e872d3db810b4764f29,업데이트 | 뉴스 | 메이플스토리,,,,medium
c9f8373a81fc3aa6d9df,업데이트 | 뉴스 | 메이플스토리,,,,medium
282c9f4169c7776fa4ba,업데이트 | 뉴스 | 메이플스토리,,,,medium
9218b10421e529435a07,업데이트 | 뉴스 | 메이플스토리,,,,medium
9d5978927ee79b6ffcba,업데이트 | 뉴스 | 메이플스토리,,,,medium
be1afe8fe2c10ec73c7b,업데이트 | 뉴스 | 메이플스토리,,,,medium
8d4325f03938cec06021,업데이트 | 뉴스 | 메이플스토리,,,,medium
0eedf5352ecb3ddcdad4,업데이트 | 뉴스 | 메이플스토리,,,,medium
2e673b83f07a3391744f,업데이트 | 뉴스 | 메이플스토리,,,,medium
ee01be6b7e254801fdf7,업데이트 | 뉴스 | 메이플스토리,,,,medium
de9b70c2bf1769b81dc3,업데이트 | 뉴스 | 메이플스토리,,,,medium
b6cfe32c6ee3015cc509,업데이트 | 뉴스 | 메이플스토리,,,,medium
22d871242e1585fb2c9f,업데이트 | 뉴스 | 메이플스토리,,,,medium
a23b10a6a45e092dabdd,업데이트 | 뉴스 | 메이플스토리,,,,medium
dd8878894c1009288d02,업데이트 | 뉴스 | 메이플스토리,,,,medium
510d5a593fb479ce2630,업데이트 | 뉴스 | 메이플스토리,,,,medium
20f2278631ebfbc2f846,업데이트 | 뉴스 | 메이플스토리,,,,medium
80c2887ef8979bd0e666,업데이트 | 뉴스 | 메이플스토리,,,,medium
c9776ba38a4c6bc44109,업데이트 | 뉴스 | 메이플스토리,,,,medium
f1952aaededbdf82bf97,업데이트 | 뉴스 | 메이플스토리,,,,medium
015dea0c3c37a89307bf,업데이트 | 뉴스 | 메이플스토리,,,,medium
06ba705eb24118185fc3,업데이트 | 뉴스 | 메이플스토리,,,,medium
390e1a6f3d24482de99f,업데이트 | 뉴스 | 메이플스토리,,,,medium
614a9a8d9f6eac543899,업데이트 | 뉴스 | 메이플스토리,,,,medium
63755e22820fc634ea3e,업데이트 | 뉴스 | 메이플스토리,,,,medium
1ae967c203cb4bd72718,업데이트 | 뉴스 | 메이플스토리,,,,medium
a36d72507d05d6f7bb78,업데이트 | 뉴스 | 메이플스토리,,,,medium
971d8ce922b9acb1f949,업데이트 | 뉴스 | 메이플스토리,,,,medium
8351b3e3cdbc998c8ab3,업데이트 | 뉴스 | 메이플스토리,,,,medium
2e07a47d36a8fd148333,업데이트 | 뉴스 | 메이플스토리,,,,medium
6c1c5934e1b8536a9b81,업데이트 | 뉴스 | 메이플스토리,,,,medium
9639a2c7efc069a287e3,업데이트 | 뉴스 | 메이플스토리,,,,medium
d88ecdd050d176de1048,업데이트 | 뉴스 | 메이플스토리,,,,medium
a7c75f678e1afd8c14cd,업데이트 | 뉴스 | 메이플스토리,,,,medium
350fbbb5e09510d8e65f,업데이트 | 뉴스 | 메이플스토리,,,,medium
7aa53c5367ec00312073,업데이트 | 뉴스 | 메이플스토리,,,,medium
f0d12f8617e6589c8d48,업데이트 | 뉴스 | 메이플스토리,,,,medium
017de657127007edf9db,업데이트 | 뉴스 | 메이플스토리,,,,medium
ee04db0121777c7f3c81,업데이트 | 뉴스 | 메이플스토리,,,,medium
a944c33620a60f67cd0c,업데이트 | 뉴스 | 메이플스토리,,,,medium
54694c48c9970d026857,업데이트 | 뉴스 | 메이플스토리,,,,medium
77ec3d552e4fb326e93d,업데이트 | 뉴스 | 메이플스토리,,,,medium
be90b03acfb2890084a7,업데이트 | 뉴스 | 메이플스토리,,,,medium
05a43f040a8c193fe1db,업데이트 | 뉴스 | 메이플스토리,,,,medium
262a6a58b6f13e07ddbb,업데이트 | 뉴스 | 메이플스토리,,,,medium
f448f0ef814e242d083c,업데이트 | 뉴스 | 메이플스토리,,,,medium
9643b1de7b043a01fba5,업데이트 | 뉴스 | 메이플스토리,,,,medium
4ae993120053f856904f,업데이트 | 뉴스 | 메이플스토리,,,,medium
46bda8ecbb513dc05a5d,업데이트 | 뉴스 | 메이플스토리,,,,medium
e5a2062e804e6475ee49,업데이트 | 뉴스 | 메이플스토리,,,,medium
df810c5cfd206c32dee7,업데이트 | 뉴스 | 메이플스토리,,,,medium
a16d580609b410861f5a,업데이트 | 뉴스 | 메이플스토리,,,,medium
de2d83b1fbf37b23fd6e,업데이트 | 뉴스 | 메이플스토리,,,,medium
1f9de2b2cf95d2ff2f2a,업데이트 | 뉴스 | 메이플스토리,,,,medium
825c188379a6a6d768c2,업데이트 | 뉴스 | 메이플스토리,,,,medium
f6c5142d629f0bec7c71,업데이트 | 뉴스 | 메이플스토리,,,,medium
67dca48f6be374748987,업데이트 | 뉴스 | 메이플스토리,,,,medium
d1825fc0f39583699f25,업데이트 | 뉴스 | 메이플스토리,,,,medium
66d94aac504c6612a8f1,업데이트 | 뉴스 | 메이플스토리,,,,medium
a20e78f7c736f8ecd097,업데이트 | 뉴스 | 메이플스토리,,,,medium
b05d188126fed2927d27,업데이트 | 뉴스 | 메이플스토리,,,,medium
c7f0119af3633879dc8d,업데이트 | 뉴스 | 메이플스토리,,,,medium
b54e93471d894fe03f8c,업데이트 | 뉴스 | 메이플스토리,,,,medium
9e7ea11b0f90ee804b39,업데이트 | 뉴스 | 메이플스토리,,,,medium
4abdf7a8fd3744f05e1d,업데이트 | 뉴스 | 메이플스토리,,,,medium
f547c991955caeea1cdb,업데이트 | 뉴스 | 메이플스토리,,,,medium
3114f49a3dea4ad32256,업데이트 | 뉴스 | 메이플스토리,,,,medium
9cab6d3f2c6941977434,업데이트 | 뉴스 | 메이플스토리,,,,medium
4d9f481c261fb14a8aa6,업데이트 | 뉴스 | 메이플스토리,,,,medium
10f1261e1e7ca8796d69,업데이트 | 뉴스 | 메이플스토리,,,,medium
d7d1b0659c83534f32b1,업데이트 | 뉴스 | 메이플스토리,,,,medium
9d18c9e03978e6bea095,업데이트 | 뉴스 | 메이플스토리,,,,medium
73c5008871b833e907f2,업데이트 | 뉴스 | 메이플스토리,,,,medium
2920af83690a30eacb59,업데이트 | 뉴스 | 메이플스토리,,,,medium
91188d00839f7cfff6a3,업데이트 | 뉴스 | 메이플스토리,,,,medium
5a29e82cf890f8281920,업데이트 | 뉴스 | 메이플스토리,,,,medium
44de6c5b9c740a795827,업데이트 | 뉴스 | 메이플스토리,,,,medium
ccabe870705ced5855b3,업데이트 | 뉴스 | 메이플스토리,,,,medium
4e9ef24dd4bf301de15a,업데이트 | 뉴스 | 메이플스토리,,,,medium
d2aefe738fc04be21b71,업데이트 | 뉴스 | 메이플스토리,,,,medium
cfb123cddb5458e9d36c,업데이트 | 뉴스 | 메이플스토리,,,,medium
0a479e4bccd17df050c8,업데이트 | 뉴스 | 메이플스토리,,,,medium
7575badc047579752dd1,업데이트 | 뉴스 | 메이플스토리,,,,medium
e5da2089312d998b4346,업데이트 | 뉴스 | 메이플스토리,,,,medium
0597e65a758236278516,업데이트 | 뉴스 | 메이플스토리,,,,medium
b73341f795348f2301a8,업데이트 | 뉴스 | 메이플스토리,,,,medium
7101ad3488811f9ac007,업데이트 | 뉴스 | 메이플스토리,,,,medium
3a9b264dc2a4df1ba609,업데이트 | 뉴스 | 메이플스토리,,,,medium
5e792bb19aa52e00754e,업데이트 | 뉴스 | 메이플스토리,,,,medium
a3bb18b34203ff17a326,업데이트 | 뉴스 | 메이플스토리,,,,medium
1623f4cd182456de6e7e,업데이트 | 뉴스 | 메이플스토리,,,,medium
4a4d011bfb79e66695e5,업데이트 | 뉴스 | 메이플스토리,,,,medium
17e4d64d56e8d0ba715e,업데이트 | 뉴스 | 메이플스토리,,,,medium
603d08a8f0ad9fce85f0,업데이트 | 뉴스 | 메이플스토리,,,,medium
79f13b3c3b2fe5e8eef6,업데이트 | 뉴스 | 메이플스토리,,,,medium
f7a46efbbe89b83fe81c,업데이트 | 뉴스 | 메이플스토리,,,,medium
c5bd07a6521a23b15b54,업데이트 | 뉴스 | 메이플스토리,,,,medium
557a29c5a61553c8b740,업데이트 | 뉴스 | 메이플스토리,,,,medium
8d0d17eca1152b710a78,업데이트 | 뉴스 | 메이플스토리,,,,medium
3323aeb817d0bf8607ac,업데이트 | 뉴스 | 메이플스토리,,,,medium
441cace931baa79279b4,업데이트 | 뉴스 | 메이플스토리,,,,medium
f800b4409b6650b8ae9e,업데이트 | 뉴스 | 메이플스토리,,,,medium
93b5ad7973fdd7c995e0,업데이트 | 뉴스 | 메이플스토리,,,,medium
616bd17e50eb8267dd7e,업데이트 | 뉴스 | 메이플스토리,,,,medium
0afd5ecb254e6015e2a6,업데이트 | 뉴스 | 메이플스토리,,,,medium
a434982ec78cb7a4fbac,업데이트 | 뉴스 | 메이플스토리,,,,medium
f14e6085e625a4ec3aaa,업데이트 | 뉴스 | 메이플스토리,,,,medium
4be723312b6b926b813c,업데이트 | 뉴스 | 메이플스토리,,,,medium
37f65d5a3e7a74a3c646,업데이트 | 뉴스 | 메이플스토리,,,,medium
c1c533f506fe27c76ee8,업데이트 | 뉴스 | 메이플스토리,,,,medium
6ddded13a1a98ed9a0cd,업데이트 | 뉴스 | 메이플스토리,,,,medium
199d132911bfcd65a551,업데이트 | 뉴스 | 메이플스토리,,,,medium
2f91bceb493925121853,업데이트 | 뉴스 | 메이플스토리,,,,medium
00d71610094a81ff913e,업데이트 | 뉴스 | 메이플스토리,,,,medium
8d30e02eb32e99858609,업데이트 | 뉴스 | 메이플스토리,,,,medium
c549acdda07fdda3cd5e,업데이트 | 뉴스 | 메이플스토리,,,,medium
2db1cf78e86e7f150742,업데이트 | 뉴스 | 메이플스토리,,,,medium
5920c1c0e25fcbba07cd,업데이트 | 뉴스 | 메이플스토리,,,,medium
21151052c00ca7b737b1,업데이트 | 뉴스 | 메이플스토리,,,,medium
4fafd2236bf2b7c24bdc,업데이트 | 뉴스 | 메이플스토리,,,,medium
0a5de812d966e128d8c1,업데이트 | 뉴스 | 메이플스토리,,,,medium
2e0129c5328b5066ad35,업데이트 | 뉴스 | 메이플스토리,,,,medium
af55858577f1762f2bbc,업데이트 | 뉴스 | 메이플스토리,,,,medium
befceb85167d550bb6eb,업데이트 | 뉴스 | 메이플스토리,,,,medium
cd4fe120e3a8d3eb0405,업데이트 | 뉴스 | 메이플스토리,,,,medium
a5def1d4771bad0d2f43,업데이트 | 뉴스 | 메이플스토리,,,,medium
a817c5851cbcb69f98a6,업데이트 | 뉴스 | 메이플스토리,,,,medium
dc771affe9f61987d473,업데이트 | 뉴스 | 메이플스토리,,,,medium
621e5b7437255906f0b7,업데이트 | 뉴스 | 메이플스토리,,,,medium
62605f091878b42ca4a6,업데이트 | 뉴스 | 메이플스토리,,,,medium
ad3345c358d7af649967,업데이트 | 뉴스 | 메이플스토리,,,,medium
2ec7decace72b2c6ac38,업데이트 | 뉴스 | 메이플스토리,,,,medium
0a661b6b637f098dc437,업데이트 | 뉴스 | 메이플스토리,,,,medium
3ea5ffb044728d4d4f0c,업데이트 | 뉴스 | 메이플스토리,,,,medium
9ad9e54c11bc61b2079d,업데이트 | 뉴스 | 메이플스토리,,,,medium
974fba1533ebf73ef601,업데이트 | 뉴스 | 메이플스토리,,,,medium
6ea8245a05915220228c,업데이트 | 뉴스 | 메이플스토리,,,,medium
359ceda49343564172de,업데이트 | 뉴스 | 메이플스토리,,,,medium
307e827e9af75026e88d,업데이트 | 뉴스 | 메이플스토리,,,,medium
d1cedce4efaac4fe2411,업데이트 | 뉴스 | 메이플스토리,,,,medium
d4a48944a828eee991f5,업데이트 | 뉴스 | 메이플스토리,,,,medium
0016f1790ade77ab1552,업데이트 | 뉴스 | 메이플스토리,,,,medium
1742eaa54d94f38fb466,업데이트 | 뉴스 | 메이플스토리,,,,medium
dae89f90d384fcb076de,업데이트 | 뉴스 | 메이플스토리,,,,medium
a181e64535e37556678e,업데이트 | 뉴스 | 메이플스토리,,,,medium
11f3b2b717c2835013d5,업데이트 | 뉴스 | 메이플스토리,,,,medium
5ab000c24b73268d6b8d,업데이트 | 뉴스 | 메이플스토리,,,,medium
d79b741afee4f834d82b,업데이트 | 뉴스 | 메이플스토리,,,,medium
4191a803cc9fc8a5cf10,업데이트 | 뉴스 | 메이플스토리,,,,medium
df6654cda7c63d75bfed,업데이트 | 뉴스 | 메이플스토리,,,,medium
61746690c6250bdf4df9,업데이트 | 뉴스 | 메이플스토리,,,,medium
2a079d658997c76d5632,업데이트 | 뉴스 | 메이플스토리,,,,medium
b074521ee7939b072d71,업데이트 | 뉴스 | 메이플스토리,,,,medium
b650aa96adae9d73209b,업데이트 | 뉴스 | 메이플스토리,,,,medium
c09db0244b0ca8b205c7,업데이트 | 뉴스 | 메이플스토리,,,,medium
f793c712ad6810ab8b54,업데이트 | 뉴스 | 메이플스토리,,,,medium
6a0d40ec3f36e112f01a,업데이트 | 뉴스 | 메이플스토리,,,,medium
002e4005deaa8f10916c,업데이트 | 뉴스 | 메이플스토리,,,,medium
45a72f80ff722fcb0684,업데이트 | 뉴스 | 메이플스토리,,,,medium
adca9bc184ba068110be,업데이트 | 뉴스 | 메이플스토리,,,,medium
098a9b6bfbd0e61ee32d,업데이트 | 뉴스 | 메이플스토리,,,,medium
a0b34e7785d8b00f6278,업데이트 | 뉴스 | 메이플스토리,,,,medium
9a7af2d5e11e731d58eb,업데이트 | 뉴스 | 메이플스토리,,,,medium
548f4a6a3e9ffef648c4,업데이트 | 뉴스 | 메이플스토리,,,,medium
e89d3dfd0aae9df275b6,업데이트 | 뉴스 | 메이플스토리,,,,medium
68a9b905fe65c1d07171,업데이트 | 뉴스 | 메이플스토리,,,,medium
d47c05d685d3bb424c8f,업데이트 | 뉴스 | 메이플스토리,,,,medium
c94fa705410ef46d21b3,업데이트 | 뉴스 | 메이플스토리,,,,medium
5decebb3d407a67cc94e,업데이트 | 뉴스 | 메이플스토리,,,,medium
83909ca4c5b7c2de2425,업데이트 | 뉴스 | 메이플스토리,,,,medium
f2ecbe9bcf1451f504a6,업데이트 | 뉴스 | 메이플스토리,,,,medium
8f1a4673fc0eb8b4193d,업데이트 | 뉴스 | 메이플스토리,,,,medium
da1d2fef4fd94e9a9337,업데이트 | 뉴스 | 메이플스토리,,,,medium
52274d148932eb5ab4b7,업데이트 | 뉴스 | 메이플스토리,,,,medium
a3e5720d0606fef87059,업데이트 | 뉴스 | 메이플스토리,,,,medium
65efae33b7fed26cb55f,업데이트 | 뉴스 | 메이플스토리,,,,medium
aa69f6069a6c5a0e68e3,업데이트 | 뉴스 | 메이플스토리,,,,medium
dea89158e22cf5ee5dcb,업데이트 | 뉴스 | 메이플스토리,,,,medium
c6f997c539d2904e9ba1,업데이트 | 뉴스 | 메이플스토리,,,,medium
ed00693d0376cca143a0,업데이트 | 뉴스 | 메이플스토리,,,,medium
e49fbbc036ad23d6548b,업데이트 | 뉴스 | 메이플스토리,,,,medium
4e1228c962b52c894a07,업데이트 | 뉴스 | 메이플스토리,,,,medium
3c9c77385a859544505a,업데이트 | 뉴스 | 메이플스토리,,,,medium
ec70300413806bf660d1,업데이트 | 뉴스 | 메이플스토리,,,,medium
59aa816bbb33c383c816,업데이트 | 뉴스 | 메이플스토리,,,,medium
cd2fdf4120089eafed01,업데이트 | 뉴스 | 메이플스토리,,,,medium
68c78f1355cd5b6b0159,업데이트 | 뉴스 | 메이플스토리,,,,medium
1781d48b54e980cd74c0,업데이트 | 뉴스 | 메이플스토리,,,,medium
6175ee5f0f3f8041da10,업데이트 | 뉴스 | 메이플스토리,,,,medium
12805acc1b922743cf5d,업데이트 | 뉴스 | 메이플스토리,,,,medium
c29e6b54d5350dbfa1fb,업데이트 | 뉴스 | 메이플스토리,,,,medium
533a0564bb7c4b6b5836,업데이트 | 뉴스 | 메이플스토리,,,,medium
a476c8e3b0e53b4728cd,업데이트 | 뉴스 | 메이플스토리,,,,medium
c2da21a8dc531f8fc703,업데이트 | 뉴스 | 메이플스토리,,,,medium
0165bd450d82ab7f4dc3,업데이트 | 뉴스 | 메이플스토리,,,,medium
c2c412c46e10de7c97e1,업데이트 | 뉴스 | 메이플스토리,,,,medium
79578ca47f4966a785cd,업데이트 | 뉴스 | 메이플스토리,,,,medium
be4b04a806507a88165c,업데이트 | 뉴스 | 메이플스토리,,,,medium
16beb2dc42d9b7ef6468,업데이트 | 뉴스 | 메이플스토리,,,,medium
440592400fb3e30c3d53,업데이트 | 뉴스 | 메이플스토리,,,,medium
06a6213dc14586ec82b8,업데이트 | 뉴스 | 메이플스토리,,,,medium
1d6d410fded7bc9a28e6,업데이트 | 뉴스 | 메이플스토리,,,,medium
ce37b1e4db8e911065e7,업데이트 | 뉴스 | 메이플스토리,,,,medium
251c68fe10090a7b0857,업데이트 | 뉴스 | 메이플스토리,,,,medium
c9317f6c2021de7b2f49,업데이트 | 뉴스 | 메이플스토리,,,,medium
b6cf6a9cc9fb1b8934f5,업데이트 | 뉴스 | 메이플스토리,,,,medium
5a764b68aea98eff4590,업데이트 | 뉴스 | 메이플스토리,,,,medium
8fd9263da8e1d9a0bd89,업데이트 | 뉴스 | 메이플스토리,,,,medium
0382e73c07accc8c509e,업데이트 | 뉴스 | 메이플스토리,,,,medium
b0273d5b4ade14b208fc,업데이트 | 뉴스 | 메이플스토리,,,,medium
77283869f540c193dc4a,업데이트 | 뉴스 | 메이플스토리,,,,medium
7a91a280c7fd28f68e69,업데이트 | 뉴스 | 메이플스토리,,,,medium
18995c177a071751dab3,업데이트 | 뉴스 | 메이플스토리,,,,medium
42d6608c7e9ef95d0c48,업데이트 | 뉴스 | 메이플스토리,,,,medium
90521a8214dce5bcbb64,업데이트 | 뉴스 | 메이플스토리,,,,medium
825629941c877c512494,업데이트 | 뉴스 | 메이플스토리,,,,medium
6e9bd3d9c634f7574275,업데이트 | 뉴스 | 메이플스토리,,,,medium
37e794e8954dacca787b,업데이트 | 뉴스 | 메이플스토리,,,,medium
ae5fab4ec09a217ad565,업데이트 | 뉴스 | 메이플스토리,,,,medium
9de81f2d725889aa4f86,업데이트 | 뉴스 | 메이플스토리,,,,medium
b179455f464b1eb4150e,업데이트 | 뉴스 | 메이플스토리,,,,medium
80816b0a7953de38d045,업데이트 | 뉴스 | 메이플스토리,,,,medium
e269aaf3d0a67e4ced45,업데이트 | 뉴스 | 메이플스토리,,,,medium
512b9cc6b5a9ad4b108b,업데이트 | 뉴스 | 메이플스토리,,,,medium
0f4c3f8602f2dbdc5333,업데이트 | 뉴스 | 메이플스토리,,,,medium
9029c11d4814fb758f02,업데이트 | 뉴스 | 메이플스토리,,,,medium
a1fede1e5e1d9ed3ac2b,업데이트 | 뉴스 | 메이플스토리,,,,medium
39336d3024d99ad9b86c,업데이트 | 뉴스 | 메이플스토리,,,,medium
a34df58a77bf83d28aba,업데이트 | 뉴스 | 메이플스토리,,,,medium
e57bf9c38c8a9e60c40f,업데이트 | 뉴스 | 메이플스토리,,,,medium
25e153628879fc5cd05d,업데이트 | 뉴스 | 메이플스토리,,,,medium
78fa9202bbf3debec538,업데이트 | 뉴스 | 메이플스토리,,,,medium
d2e31869a2fd5f4551a9,업데이트 | 뉴스 | 메이플스토리,,,,medium
59ee9817b2f71fef024d,업데이트 | 뉴스 | 메이플스토리,,,,medium
c29d746a8f655d2e8fd7,업데이트 | 뉴스 | 메이플스토리,,,,medium
f2e7860c16402f74cf92,업데이트 | 뉴스 | 메이플스토리,,,,medium
986a39c80af68e87e9ae,업데이트 | 뉴스 | 메이플스토리,,,,medium
a60663187514912330fa,업데이트 | 뉴스 | 메이플스토리,,,,medium
1d59b6a03d7d75335d65,업데이트 | 뉴스 | 메이플스토리,,,,medium
25318c1795c99eb4f1dd,업데이트 | 뉴스 | 메이플스토리,,,,medium
724556f715f8e001f030,업데이트 | 뉴스 | 메이플스토리,,,,medium
3f4bb24c18f91b6171e6,업데이트 | 뉴스 | 메이플스토리,,,,medium
394a6fba5c038bbddda8,업데이트 | 뉴스 | 메이플스토리,,,,medium
8a6ef58c24faa8bbd2bb,업데이트 | 뉴스 | 메이플스토리,,,,medium
d988932ee5e596466bac,업데이트 | 뉴스 | 메이플스토리,,,,medium
1b79885a3a843cc82811,업데이트 | 뉴스 | 메이플스토리,,,,medium
943a268b04cdf8938792,업데이트 | 뉴스 | 메이플스토리,,,,medium
416b237029447d7bb2e9,업데이트 | 뉴스 | 메이플스토리,,,,medium
507e2e3a980e81067035,업데이트 | 뉴스 | 메이플스토리,,,,medium
cdea01d16764e64930b2,업데이트 | 뉴스 | 메이플스토리,,,,medium
236f7544797074f05d5a,업데이트 | 뉴스 | 메이플스토리,,,,medium
dfa46a1925ad37c7ed5a,업데이트 | 뉴스 | 메이플스토리,,,,medium
7239d309b4b199fbe6d1,업데이트 | 뉴스 | 메이플스토리,,,,medium
429f97070b0d8564ad1a,업데이트 | 뉴스 | 메이플스토리,,,,medium
6e2f5405f5601291ecaa,업데이트 | 뉴스 | 메이플스토리,,,,medium
71072bd06099ded077eb,업데이트 | 뉴스 | 메이플스토리,,,,medium
1b56b7720649877fc37f,업데이트 | 뉴스 | 메이플스토리,,,,medium
0f3dd86ce1fbc247bded,업데이트 | 뉴스 | 메이플스토리,,,,medium
3d527966245b203cfc78,업데이트 | 뉴스 | 메이플스토리,,,,medium
544004b2fee1ea784ac5,업데이트 | 뉴스 | 메이플스토리,,,,medium
7bd5fb6f28b67bbdecce,업데이트 | 뉴스 | 메이플스토리,,,,medium
0a1574471ac9614b5b15,업데이트 | 뉴스 | 메이플스토리,,,,medium
46c69e466c3414f0ddc0,업데이트 | 뉴스 | 메이플스토리,,,,medium
e2e6b2a5319ed829ede3,업데이트 | 뉴스 | 메이플스토리,,,,medium
31d1d78ee509d4937c99,업데이트 | 뉴스 | 메이플스토리,,,,medium
0df830b9efd9124ec4ff,업데이트 | 뉴스 | 메이플스토리,,,,medium
cf37a77bbdd5e3c04ae2,업데이트 | 뉴스 | 메이플스토리,,,,medium
6e3035d7db7c97dcf74a,업데이트 | 뉴스 | 메이플스토리,,,,medium
405329e4f988a4f51451,업데이트 | 뉴스 | 메이플스토리,,,,medium
d5e12534388f6a25ce47,업데이트 | 뉴스 | 메이플스토리,,,,medium
03ac36b6adacc8b22532,업데이트 | 뉴스 | 메이플스토리,,,,medium
7b4f523482d320b9f0dd,업데이트 | 뉴스 | 메이플스토리,,,,medium
ac80740a56cbd6f92e53,업데이트 | 뉴스 | 메이플스토리,,,,medium
e0ea19653d3285c3eb97,업데이트 | 뉴스 | 메이플스토리,,,,medium
0e2ebd8a1b0a126c1240,업데이트 | 뉴스 | 메이플스토리,,,,medium
f7999521056cb34cfd11,업데이트 | 뉴스 | 메이플스토리,,,,medium
4cda4d9e70be2c6f0519,업데이트 | 뉴스 | 메이플스토리,,,,medium
ab62d2de40000b54b1ce,업데이트 | 뉴스 | 메이플스토리,,,,medium
66d5dc6a2fdce7e2e336,업데이트 | 뉴스 | 메이플스토리,,,,medium
b4015173d943f0864b45,업데이트 | 뉴스 | 메이플스토리,,,,medium
6883fa1cbc43ff5ce553,업데이트 | 뉴스 | 메이플스토리,,,,medium
5998de17f1d1fd0d82df,업데이트 | 뉴스 | 메이플스토리,,,,medium
4509de7446a6c083a1f4,업데이트 | 뉴스 | 메이플스토리,,,,medium
4c8b69a4b37067758905,업데이트 | 뉴스 | 메이플스토리,,,,medium
66f0ac4d8c8d4c81c4d3,업데이트 | 뉴스 | 메이플스토리,,,,medium
b0866094e07f146812bb,업데이트 | 뉴스 | 메이플스토리,,,,medium
1dd43efb7f12f627c558,업데이트 | 뉴스 | 메이플스토리,,,,medium
2f8c8345f3681179510c,업데이트 | 뉴스 | 메이플스토리,,,,medium
207f4cf140022973b934,업데이트 | 뉴스 | 메이플스토리,,,,medium
e30518e1c0714723b7cb,업데이트 | 뉴스 | 메이플스토리,,,,medium
242de29fbea19b763133,업데이트 | 뉴스 | 메이플스토리,,,,medium
8481b69a96ebd3653be5,업데이트 | 뉴스 | 메이플스토리,,,,medium
ecfdc6222f446d2148b3,업데이트 | 뉴스 | 메이플스토리,,,,medium
865de4104a5a14f6d5d1,업데이트 | 뉴스 | 메이플스토리,,,,medium
db565536fdfc8005cebd,업데이트 | 뉴스 | 메이플스토리,,,,medium
de1970399f217b85a0d8,업데이트 | 뉴스 | 메이플스토리,,,,medium
17dc36f2aeafee9350f7,업데이트 | 뉴스 | 메이플스토리,,,,medium
42d14cab9a914e6cc60e,업데이트 | 뉴스 | 메이플스토리,,,,medium
617b8a6534d447af6e79,업데이트 | 뉴스 | 메이플스토리,,,,medium
83c2847c64e7be39dfdb,업데이트 | 뉴스 | 메이플스토리,,,,medium
17f2773aea14a9db7314,업데이트 | 뉴스 | 메이플스토리,,,,medium
031d439e92dc174888e7,업데이트 | 뉴스 | 메이플스토리,,,,medium
ff30625417bc9e369836,업데이트 | 뉴스 | 메이플스토리,,,,medium
487d426929578397736d,업데이트 | 뉴스 | 메이플스토리,,,,medium
08fe1cb11e8e5fd0d008,업데이트 | 뉴스 | 메이플스토리,,,,medium
1d91d920d8bc59475f2f,업데이트 | 뉴스 | 메이플스토리,,,,medium
9d422bdb5c5409a9c1cc,업데이트 | 뉴스 | 메이플스토리,,,,medium
8950134009d99eaa2316,업데이트 | 뉴스 | 메이플스토리,,,,medium
4b640d303f7d0f9bfd32,업데이트 | 뉴스 | 메이플스토리,,,,medium
a2f7270a0f28639a3cac,업데이트 | 뉴스 | 메이플스토리,,,,medium
684822070b3585b54197,업데이트 | 뉴스 | 메이플스토리,,,,medium
885e1ae7cc5ba5017f04,업데이트 | 뉴스 | 메이플스토리,,,,medium
39a255542025eb829d13,업데이트 | 뉴스 | 메이플스토리,,,,medium
21cba13c810a278456c4,업데이트 | 뉴스 | 메이플스토리,,,,medium
c1a745c9e43fda90a895,업데이트 | 뉴스 | 메이플스토리,,,,medium
d399ae05340323404ecd,업데이트 | 뉴스 | 메이플스토리,,,,medium
9510b4876ebeadf0eb56,업데이트 | 뉴스 | 메이플스토리,,,,medium
0e1a8aeefe4eb3dcead4,업데이트 | 뉴스 | 메이플스토리,,,,medium
248eeb1698c30037b2e6,업데이트 | 뉴스 | 메이플스토리,,,,medium
f1a9d251ce3a422fc3ed,업데이트 | 뉴스 | 메이플스토리,,,,medium
9cff4cb7e5ec4a84ea00,업데이트 | 뉴스 | 메이플스토리,,,,medium
04ff2d3f4cd6fb0c7b53,업데이트 | 뉴스 | 메이플스토리,,,,medium
95f189f49470d83a63aa,업데이트 | 뉴스 | 메이플스토리,,,,medium
327cf069f65725206376,업데이트 | 뉴스 | 메이플스토리,,,,medium
fe5a716f39c00961d698,업데이트 | 뉴스 | 메이플스토리,,,,medium
5d29f96ebfa277728956,업데이트 | 뉴스 | 메이플스토리,,,,medium
323dfd7b0fd53a61a78a,업데이트 | 뉴스 | 메이플스토리,,,,medium
b9c8716fe299b81bd7bc,업데이트 | 뉴스 | 메이플스토리,,,,medium
068767854be67062a008,업데이트 | 뉴스 | 메이플스토리,,,,medium
9ab2e53e74279020fbc9,업데이트 | 뉴스 | 메이플스토리,,,,medium
2fbb671dc70575a3d3b2,업데이트 | 뉴스 | 메이플스토리,,,,medium
64890fd793434b144a2d,업데이트 | 뉴스 | 메이플스토리,,,,medium
112b710a9c4b09fedff7,업데이트 | 뉴스 | 메이플스토리,,,,medium
e0528867472e64c8c3d3,업데이트 | 뉴스 | 메이플스토리,,,,medium
8324af5f43e2de2b8b37,업데이트 | 뉴스 | 메이플스토리,,,,medium
2b11320051c384e13ef0,업데이트 | 뉴스 | 메이플스토리,,,,medium
7843e2daea86926eb976,업데이트 | 뉴스 | 메이플스토리,,,,medium
4895e33b13c5bff99cf3,업데이트 | 뉴스 | 메이플스토리,,,,medium
19a3745f5099437a7f06,업데이트 | 뉴스 | 메이플스토리,,,,medium
6a84113088ac9c329c25,업데이트 | 뉴스 | 메이플스토리,,,,medium
68a8ada68713362b3238,업데이트 | 뉴스 | 메이플스토리,,,,medium
85b01fdd63aebd6b2789,업데이트 | 뉴스 | 메이플스토리,,,,medium
a2722acadaf4a7f57a39,업데이트 | 뉴스 | 메이플스토리,,,,medium
daa7449d999c527a59a4,업데이트 | 뉴스 | 메이플스토리,,,,medium
6293c52139c9ad339b5a,업데이트 | 뉴스 | 메이플스토리,,,,medium
a738dad30f7b39a83df0,업데이트 | 뉴스 | 메이플스토리,,,,medium
25aff598af2f92039085,업데이트 | 뉴스 | 메이플스토리,,,,medium
ff9a80468189d5e00fd7,업데이트 | 뉴스 | 메이플스토리,,,,medium
247dff383184093c07d0,업데이트 | 뉴스 | 메이플스토리,,,,medium
27ca626d0e96d230ec77,업데이트 | 뉴스 | 메이플스토리,,,,medium
1b86754172b2132d1a6a,업데이트 | 뉴스 | 메이플스토리,,,,medium
e1f8fab07fc41da7148c,업데이트 | 뉴스 | 메이플스토리,,,,medium
1b5ecc4333daed49f96a,업데이트 | 뉴스 | 메이플스토리,,,,medium
56509971864867cd9ff5,업데이트 | 뉴스 | 메이플스토리,,,,medium
df434f5c9f33f355bf3f,업데이트 | 뉴스 | 메이플스토리,,,,medium
07cb189549aa6cc09d86,업데이트 | 뉴스 | 메이플스토리,,,,medium
634caab087784a3d6812,업데이트 | 뉴스 | 메이플스토리,,,,medium
d28b27cde77185394ab0,업데이트 | 뉴스 | 메이플스토리,,,,medium
efca1bb7fde78bd9fd7d,업데이트 | 뉴스 | 메이플스토리,,,,medium
1e876dd9edc720a67501,업데이트 | 뉴스 | 메이플스토리,,,,medium
bf8e3776d42f16fa3751,업데이트 | 뉴스 | 메이플스토리,,,,medium
28e0ec98372bb6511a45,업데이트 | 뉴스 | 메이플스토리,,,,medium
77dcf5e5d63696a6f212,업데이트 | 뉴스 | 메이플스토리,,,,medium
a8f10ccd668b830fc9c8,업데이트 | 뉴스 | 메이플스토리,,,,medium
fe113de8d00905996e45,업데이트 | 뉴스 | 메이플스토리,,,,medium
7f73e8590bf6185adf3b,업데이트 | 뉴스 | 메이플스토리,,,,medium
cff2f5483c671a347e90,업데이트 | 뉴스 | 메이플스토리,,,,medium
a5048ddffa258469fdb2,업데이트 | 뉴스 | 메이플스토리,,,,medium
4f8141d69aa8e1cc9589,업데이트 | 뉴스 | 메이플스토리,,,,medium
91cd0f3c40c6a22dd1b7,업데이트 | 뉴스 | 메이플스토리,,,,medium
2ea3a5e5582b15436bca,업데이트 | 뉴스 | 메이플스토리,,,,medium
acab6221c236bd9c3027,업데이트 | 뉴스 | 메이플스토리,,,,medium
4ac8414649f42b60aabb,업데이트 | 뉴스 | 메이플스토리,,,,medium
6190ddea444733c5ab99,업데이트 | 뉴스 | 메이플스토리,,,,medium
550d55c579459c6a1375,업데이트 | 뉴스 | 메이플스토리,,,,medium
36c58c5f17cc65817e6b,업데이트 | 뉴스 | 메이플스토리,,,,medium
0b67473da1c171781db5,업데이트 | 뉴스 | 메이플스토리,,,,medium
936cb84f02fa46766e6b,업데이트 | 뉴스 | 메이플스토리,,,,medium
891545fc22e6ed1b13ac,업데이트 | 뉴스 | 메이플스토리,,,,medium
9165211c1c0eb89b258a,업데이트 | 뉴스 | 메이플스토리,,,,medium
85d1d50fbeb6ad48e3d8,업데이트 | 뉴스 | 메이플스토리,,,,medium
c0a811e71559db714515,업데이트 | 뉴스 | 메이플스토리,,,,medium
355875bb69206c413ad2,업데이트 | 뉴스 | 메이플스토리,,,,medium
b5d9525fe935b0193f9f,업데이트 | 뉴스 | 메이플스토리,,,,medium
0bf07330635f1ae8888f,업데이트 | 뉴스 | 메이플스토리,,,,medium
286e17fa1c4d42ab64be,업데이트 | 뉴스 | 메이플스토리,,,,medium
930361794a006ff86d1e,업데이트 | 뉴스 | 메이플스토리,,,,medium
991a8663798d7b9bf604,업데이트 | 뉴스 | 메이플스토리,,,,medium
7b379605bbd7a02fc531,업데이트 | 뉴스 | 메이플스토리,,,,medium
0c6c301d084e3a0bb65e,업데이트 | 뉴스 | 메이플스토리,,,,medium
e66f57d0eca92fa21fe9,업데이트 | 뉴스 | 메이플스토리,,,,medium
d2b442acc70e410b5ecd,업데이트 | 뉴스 | 메이플스토리,,,,medium
57a7dbaba107095360c0,업데이트 | 뉴스 | 메이플스토리,,,,medium
f1a0042d8957cab3a6ad,업데이트 | 뉴스 | 메이플스토리,,,,medium
6f2c53891f43031c9811,업데이트 | 뉴스 | 메이플스토리,,,,medium
68d86a4419740e2f88b7,업데이트 | 뉴스 | 메이플스토리,,,,medium
04a6c94a1f7cd6d1f382,업데이트 | 뉴스 | 메이플스토리,,,,medium
2fb72f8fd61a39e516fb,업데이트 | 뉴스 | 메이플스토리,,,,medium
337aa2fb02e88fa25356,업데이트 | 뉴스 | 메이플스토리,,,,medium
8f472a385ab59a9ff7fd,업데이트 | 뉴스 | 메이플스토리,,,,medium
4213c53222f05c7bb11b,업데이트 | 뉴스 | 메이플스토리,,,,medium
225c68d4b592a3376a99,업데이트 | 뉴스 | 메이플스토리,,,,medium
d278cf72f0340c57822f,업데이트 | 뉴스 | 메이플스토리,,,,medium
da97dcc49f11da0275d0,업데이트 | 뉴스 | 메이플스토리,,,,medium
f2263e1a034d533527fb,업데이트 | 뉴스 | 메이플스토리,,,,medium
cd6e4ceb45f6c22ce90c,업데이트 | 뉴스 | 메이플스토리,,,,medium
efdbc31ff5c41229d10c,업데이트 | 뉴스 | 메이플스토리,,,,medium
170061cd991505c93f5f,업데이트 | 뉴스 | 메이플스토리,,,,medium
1110d8cc269b64c5522a,업데이트 | 뉴스 | 메이플스토리,,,,medium
304aa55a8b9b3f6d9daf,업데이트 | 뉴스 | 메이플스토리,,,,medium
d908b0fea9c3b7e25021,업데이트 | 뉴스 | 메이플스토리,,,,medium
2494c1dbf2ff89ed7382,업데이트 | 뉴스 | 메이플스토리,,,,medium
248d5965630915be55cb,업데이트 | 뉴스 | 메이플스토리,,,,medium
9897199f3307941010df,업데이트 | 뉴스 | 메이플스토리,,,,medium
426c08618908698af924,업데이트 | 뉴스 | 메이플스토리,,,,medium
6174f6a5a396ab0025f0,업데이트 | 뉴스 | 메이플스토리,,,,medium
a51a9234db93faa3777b,업데이트 | 뉴스 | 메이플스토리,,,,medium
85ea9bb2d9f2007fe9bc,업데이트 | 뉴스 | 메이플스토리,,,,medium
3f817d9bc02639193e14,업데이트 | 뉴스 | 메이플스토리,,,,medium
797dbfe8529aca89217f,업데이트 | 뉴스 | 메이플스토리,,,,medium
3a76a4344308487d3681,업데이트 | 뉴스 | 메이플스토리,,,,medium
bf6aaeea54548360ebc4,업데이트 | 뉴스 | 메이플스토리,,,,medium
b4cd181f97f1c49ad920,업데이트 | 뉴스 | 메이플스토리,,,,medium
685b7e4b47097d97764e,업데이트 | 뉴스 | 메이플스토리,,,,medium
8c95320e360e52bc9319,업데이트 | 뉴스 | 메이플스토리,,,,medium
b2b5372ada22242b081c,업데이트 | 뉴스 | 메이플스토리,,,,medium
5f8cd4221939c6de516b,업데이트 | 뉴스 | 메이플스토리,,,,medium
ec9265578f8c95cee59d,업데이트 | 뉴스 | 메이플스토리,,,,medium
f21388eb712d48abd93a,업데이트 | 뉴스 | 메이플스토리,,,,medium
aa3d09a55cdcfcb42c6e,업데이트 | 뉴스 | 메이플스토리,,,,medium
df49c35abb10c4b73f7b,업데이트 | 뉴스 | 메이플스토리,,,,medium
33c6e8cf35d5a456d91d,업데이트 | 뉴스 | 메이플스토리,,,,medium
99420ce65318e313cb94,업데이트 | 뉴스 | 메이플스토리,,,,medium
8947df2b007b67da213a,업데이트 | 뉴스 | 메이플스토리,,,,medium
203460643ee7f66acb80,업데이트 | 뉴스 | 메이플스토리,,,,medium
1e2bb9bfced7b4745029,업데이트 | 뉴스 | 메이플스토리,,,,medium
724f7bbcce654409d18c,업데이트 | 뉴스 | 메이플스토리,,,,medium
7d25cbe14e572cefc05e,업데이트 | 뉴스 | 메이플스토리,,,,medium
3b0ef394b941b44ebab5,업데이트 | 뉴스 | 메이플스토리,,,,medium
7ef1d08ec4aca3417bb2,업데이트 | 뉴스 | 메이플스토리,,,,medium
226a06a6dcea0cb79e12,업데이트 | 뉴스 | 메이플스토리,,,,medium
2bf96bcf8e79a987cfb4,업데이트 | 뉴스 | 메이플스토리,,,,medium
2bdd3f59a393ae430574,업데이트 | 뉴스 | 메이플스토리,,,,medium
7b22bfae32efe4cf12ef,업데이트 | 뉴스 | 메이플스토리,,,,medium
a75692dcd93fa3a52b1b,업데이트 | 뉴스 | 메이플스토리,,,,medium
d064d5ed12dd850f97c2,업데이트 | 뉴스 | 메이플스토리,,,,medium
8971db8d7c91698e380a,업데이트 | 뉴스 | 메이플스토리,,,,medium
d5e6ce2588d001940a9d,업데이트 | 뉴스 | 메이플스토리,,,,medium
f4798ba077bbc472757b,업데이트 | 뉴스 | 메이플스토리,,,,medium
c3c77917e2e9cf1fbd2c,업데이트 | 뉴스 | 메이플스토리,,,,medium
d456d374660f26e8f862,업데이트 | 뉴스 | 메이플스토리,,,,medium
f5b485c67968b6b2b520,업데이트 | 뉴스 | 메이플스토리,,,,medium
444c4e8cd570eb0e4d03,업데이트 | 뉴스 | 메이플스토리,,,,medium
e416cfe461e6e2e618f3,업데이트 | 뉴스 | 메이플스토리,,,,medium
609ee01bfff3860e7b84,업데이트 | 뉴스 | 메이플스토리,,,,medium
63d47f73648fabbd8e95,업데이트 | 뉴스 | 메이플스토리,,,,medium
d1403556ba627e52bbc2,업데이트 | 뉴스 | 메이플스토리,,,,medium
6f2353c8b4c5aea2fe51,업데이트 | 뉴스 | 메이플스토리,,,,medium
2417d8a3f35b838d1e47,업데이트 | 뉴스 | 메이플스토리,,,,medium
a57f1988fa60129ec96b,업데이트 | 뉴스 | 메이플스토리,,,,medium
cac8d8aebd00a4f1cb24,업데이트 | 뉴스 | 메이플스토리,,,,medium
bd7b2fd9ad7ccae0cb19,업데이트 | 뉴스 | 메이플스토리,,,,medium
07eb5bd212264c833b54,업데이트 | 뉴스 | 메이플스토리,,,,medium
dc8a3866282284d035f5,업데이트 | 뉴스 | 메이플스토리,,,,medium
19bfe86d6a5a5d0d5c7e,업데이트 | 뉴스 | 메이플스토리,,,,medium
2ff784c32c426fe57457,업데이트 | 뉴스 | 메이플스토리,,,,medium
e3450a8fec4c5ff97921,업데이트 | 뉴스 | 메이플스토리,,,,medium
9f58ab7ad7968cacfd9a,업데이트 | 뉴스 | 메이플스토리,,,,medium
bc67592b13194f1af712,업데이트 | 뉴스 | 메이플스토리,,,,medium
4fc06cb2d6f91b743e8c,업데이트 | 뉴스 | 메이플스토리,,,,medium
a21fb0a59330d59c611f,업데이트 | 뉴스 | 메이플스토리,,,,medium
49a8e2e986d80353b9b3,업데이트 | 뉴스 | 메이플스토리,,,,medium
7725573bb8a02563adc1,업데이트 | 뉴스 | 메이플스토리,,,,medium
3829095dd77a055f80a8,업데이트 | 뉴스 | 메이플스토리,,,,medium
98e0e50b28085e46a5e4,업데이트 | 뉴스 | 메이플스토리,,,,medium
b273faec0a93eda26d5e,업데이트 | 뉴스 | 메이플스토리,,,,medium
69c0630fdf5243a06118,업데이트 | 뉴스 | 메이플스토리,,,,medium
d90fe2e03a6cccb6b58f,업데이트 | 뉴스 | 메이플스토리,,,,medium
886952e333fbac14c434,업데이트 | 뉴스 | 메이플스토리,,,,medium
6af90ab63522bfbbd2ec,업데이트 | 뉴스 | 메이플스토리,,,,medium
5b6487d1231bdb37b4e2,업데이트 | 뉴스 | 메이플스토리,,,,medium
936322f2cc35b90eb957,업데이트 | 뉴스 | 메이플스토리,,,,medium
34d754e5626c6b5fa13b,업데이트 | 뉴스 | 메이플스토리,,,,medium
da8cf6c1d6989ee5d26a,업데이트 | 뉴스 | 메이플스토리,,,,medium
dc782b2d4e6051f65edc,업데이트 | 뉴스 | 메이플스토리,,,,medium
7392f031cfb832f5dc2b,업데이트 | 뉴스 | 메이플스토리,,,,medium
a6cec70f9494982c0ef0,업데이트 | 뉴스 | 메이플스토리,,,,medium
65ce4034adfbfd7ec8b2,업데이트 | 뉴스 | 메이플스토리,,,,medium
0cc56393d8309a917f70,업데이트 | 뉴스 | 메이플스토리,,,,medium
73cbe16b41d1e4ec09cf,업데이트 | 뉴스 | 메이플스토리,,,,medium
5b4812e66bc2c1920067,업데이트 | 뉴스 | 메이플스토리,,,,medium
c21580bea97890ddbfd9,업데이트 | 뉴스 | 메이플스토리,,,,medium
2525a4c616e25dc74df9,업데이트 | 뉴스 | 메이플스토리,,,,medium
ced4449a12dd004b2089,업데이트 | 뉴스 | 메이플스토리,,,,medium
70974fcec5cf6f9f186d,업데이트 | 뉴스 | 메이플스토리,,,,medium
f0924d9e280092ba377f,업데이트 | 뉴스 | 메이플스토리,,,,medium
a12cc8096a1730fdf356,업데이트 | 뉴스 | 메이플스토리,,,,medium
8371cb2a3261819a4de0,업데이트 | 뉴스 | 메이플스토리,,,,medium
5e7a9f11f3abe8f52e79,업데이트 | 뉴스 | 메이플스토리,,,,medium
99bb4fd47bbbcbe471cb,업데이트 | 뉴스 | 메이플스토리,,,,medium
5b27bb4c7f5aca10d257,업데이트 | 뉴스 | 메이플스토리,,,,medium
6a6980cd78206d7339ef,업데이트 | 뉴스 | 메이플스토리,,,,medium
4e4b4e88954fdf2f8cc0,업데이트 | 뉴스 | 메이플스토리,,,,medium
2881d71819a813cf781a,업데이트 | 뉴스 | 메이플스토리,,,,medium
68f39aef8716936ef32d,업데이트 | 뉴스 | 메이플스토리,,,,medium
9cb22d9bd5d66235b945,업데이트 | 뉴스 | 메이플스토리,,,,medium
a34c84337d2ed2d88479,업데이트 | 뉴스 | 메이플스토리,,,,medium
f91a758639c4200aa5f6,업데이트 | 뉴스 | 메이플스토리,,,,medium
794bc7346b48200f98c2,업데이트 | 뉴스 | 메이플스토리,,,,medium
8f0863502b982451ad0d,업데이트 | 뉴스 | 메이플스토리,,,,medium
332f97b3824e8ab623bb,업데이트 | 뉴스 | 메이플스토리,,,,medium
337027157b537dea6881,업데이트 | 뉴스 | 메이플스토리,,,,medium
7b05cbb146ad293ede74,업데이트 | 뉴스 | 메이플스토리,,,,medium
ca76ecfa263fe6d4fe7e,업데이트 | 뉴스 | 메이플스토리,,,,medium
86201b8607900b50a88c,업데이트 | 뉴스 | 메이플스토리,,,,medium
b4e793446ec7e6dd253f,업데이트 | 뉴스 | 메이플스토리,,,,medium
d7a84b52b57b9d4648d5,업데이트 | 뉴스 | 메이플스토리,,,,medium
a1d691062f1573e3551b,업데이트 | 뉴스 | 메이플스토리,,,,medium
7849c2bff601ad90e3e9,업데이트 | 뉴스 | 메이플스토리,,,,medium
3ccc0483036d99f23904,업데이트 | 뉴스 | 메이플스토리,,,,medium
f37e113f8dbb0fd8010c,업데이트 | 뉴스 | 메이플스토리,,,,medium
cc8364c523c8e86b0b08,업데이트 | 뉴스 | 메이플스토리,,,,medium
5f3122bc5cc1c5a154a7,업데이트 | 뉴스 | 메이플스토리,,,,medium
c0151cdf58c48a733e96,업데이트 | 뉴스 | 메이플스토리,,,,medium
1406a2b3e869c3db7c3c,업데이트 | 뉴스 | 메이플스토리,,,,medium
3aeac513382bceaab59b,업데이트 | 뉴스 | 메이플스토리,,,,medium
f50bddb875b2acc31f5c,업데이트 | 뉴스 | 메이플스토리,,,,medium
10cbb732f140d6602d51,업데이트 | 뉴스 | 메이플스토리,,,,medium
0073121194b0f5ff74ce,업데이트 | 뉴스 | 메이플스토리,,,,medium
5f5f99bed1e3962a046c,업데이트 | 뉴스 | 메이플스토리,,,,medium
db3fd0d23fb09dc394d4,업데이트 | 뉴스 | 메이플스토리,,,,medium
4000487f39a38e8b84d3,업데이트 | 뉴스 | 메이플스토리,,,,medium
5d152d79570badb60a2d,업데이트 | 뉴스 | 메이플스토리,,,,medium
7d6d58eb8f89d5ff8ed4,업데이트 | 뉴스 | 메이플스토리,,,,medium
eb054647cdc3cd1a7506,업데이트 | 뉴스 | 메이플스토리,,,,medium
2b0eed626d37126166fa,업데이트 | 뉴스 | 메이플스토리,,,,medium
9740f1bcc5a19da0957b,업데이트 | 뉴스 | 메이플스토리,,,,medium
35ec6a94f107c29a1097,업데이트 | 뉴스 | 메이플스토리,,,,medium
887ce1c58a348c229e86,업데이트 | 뉴스 | 메이플스토리,,,,medium
2cf5c94f483b7dfd3947,업데이트 | 뉴스 | 메이플스토리,,,,medium
a812de743006e5065b62,업데이트 | 뉴스 | 메이플스토리,,,,medium
1071659d5d17f288bf72,업데이트 | 뉴스 | 메이플스토리,,,,medium
9aeed107335f1b2dda8c,업데이트 | 뉴스 | 메이플스토리,,,,medium
b94c9e1932cff0a76767,업데이트 | 뉴스 | 메이플스토리,,,,medium
4db130973e660b7d1d5e,업데이트 | 뉴스 | 메이플스토리,,,,medium
63a6abbbe28bc6ee2788,업데이트 | 뉴스 | 메이플스토리,,,,medium
6204b3866905ce2c0da9,업데이트 | 뉴스 | 메이플스토리,,,,medium
08d86669c6b902dc224a,업데이트 | 뉴스 | 메이플스토리,,,,medium
6cbcc63b908c11d773c8,업데이트 | 뉴스 | 메이플스토리,,,,medium
fea942d6c7344b05fcf9,업데이트 | 뉴스 | 메이플스토리,,,,medium
2c6772fc992863b29bca,업데이트 | 뉴스 | 메이플스토리,,,,medium
02389b7ee16739f4e314,업데이트 | 뉴스 | 메이플스토리,,,,medium
1ccf62ba8089831b5a2f,업데이트 | 뉴스 | 메이플스토리,,,,medium
629f0339a067bfa21775,업데이트 | 뉴스 | 메이플스토리,,,,medium
fa95b1e408d26fce01cc,업데이트 | 뉴스 | 메이플스토리,,,,medium
ad2bf7f4ce0bbbfe70a7,업데이트 | 뉴스 | 메이플스토리,,,,medium
e87c1c7c853b6ca6b4ff,업데이트 | 뉴스 | 메이플스토리,,,,medium
8ee2eb4536c22763c973,업데이트 | 뉴스 | 메이플스토리,,,,medium
b3f78695f2f81aebc2fb,업데이트 | 뉴스 | 메이플스토리,,,,medium
9641e1633c05a55bafd8,업데이트 | 뉴스 | 메이플스토리,,,,medium
86c53052e7e6010b6ae9,업데이트 | 뉴스 | 메이플스토리,,,,medium
43cad44ac309b6df7a53,업데이트 | 뉴스 | 메이플스토리,,,,medium
8035d11329bb968a4095,업데이트 | 뉴스 | 메이플스토리,,,,medium
a0bdcf7920448d71ce46,업데이트 | 뉴스 | 메이플스토리,,,,medium
cbcb065146457dafc53f,업데이트 | 뉴스 | 메이플스토리,,,,medium
9b82b6df62ccd4677e5f,업데이트 | 뉴스 | 메이플스토리,,,,medium
4fc6e353473ef2d0c9ff,업데이트 | 뉴스 | 메이플스토리,,,,medium
acb61da253ee7fed13d3,업데이트 | 뉴스 | 메이플스토리,,,,medium
1aa3ea7e89d0b1bdf721,업데이트 | 뉴스 | 메이플스토리,,,,medium
c35c24ddc344a918e116,업데이트 | 뉴스 | 메이플스토리,,,,medium
507c4f48834168757ad8,업데이트 | 뉴스 | 메이플스토리,,,,medium
e65fa83a35219a43bee9,업데이트 | 뉴스 | 메이플스토리,,,,medium
21ac5924faa9c8ab4ab8,업데이트 | 뉴스 | 메이플스토리,,,,medium
76d5de830e94b2b23a67,업데이트 | 뉴스 | 메이플스토리,,,,medium
6b9ac552bdb75b68e72a,업데이트 | 뉴스 | 메이플스토리,,,,medium
4ca89b3dda34bf5ab56f,업데이트 | 뉴스 | 메이플스토리,,,,medium
fbf09c487e3cece09cfb,업데이트 | 뉴스 | 메이플스토리,,,,medium
3ef04d2988fa34c8eafa,업데이트 | 뉴스 | 메이플스토리,,,,medium
57fb62331c9091b8929c,업데이트 | 뉴스 | 메이플스토리,,,,medium
3a9a0420eb5d36682f72,업데이트 | 뉴스 | 메이플스토리,,,,medium
ef326b130e926e0061c9,업데이트 | 뉴스 | 메이플스토리,,,,medium
6fb9a313b943d9e86112,업데이트 | 뉴스 | 메이플스토리,,,,medium
8e69d62f835bb8a8b1f4,업데이트 | 뉴스 | 메이플스토리,,,,medium
8e561f19b2920957898b,업데이트 | 뉴스 | 메이플스토리,,,,medium
7ea0b60d358e7510306f,업데이트 | 뉴스 | 메이플스토리,,,,medium
1805199db0c7252c2a8b,업데이트 | 뉴스 | 메이플스토리,,,,medium
baa4c13fc9adb5b2a146,업데이트 | 뉴스 | 메이플스토리,,,,medium
3413621856ef19d15f55,업데이트 | 뉴스 | 메이플스토리,,,,medium
9c36128e59f88e941b48,업데이트 | 뉴스 | 메이플스토리,,,,medium
0c229a4f1fb92316ea3d,업데이트 | 뉴스 | 메이플스토리,,,,medium
0bc379ff7936bce5a005,업데이트 | 뉴스 | 메이플스토리,,,,medium
4e68d2991474b1ef0f16,업데이트 | 뉴스 | 메이플스토리,,,,medium
761305e24de5429499d1,업데이트 | 뉴스 | 메이플스토리,,,,medium
02014b81c9bc9e1e7737,업데이트 | 뉴스 | 메이플스토리,,,,medium
fb028288dc98a4aa0f1e,업데이트 | 뉴스 | 메이플스토리,,,,medium
1886294d3860cf9b0488,업데이트 | 뉴스 | 메이플스토리,,,,medium
71ee1b405031eb39a0b2,업데이트 | 뉴스 | 메이플스토리,,,,medium
45aca0e204f385b8c146,업데이트 | 뉴스 | 메이플스토리,,,,medium
450c6be91e5c80437d80,업데이트 | 뉴스 | 메이플스토리,,,,medium
c269bbf9404ea505f2d8,업데이트 | 뉴스 | 메이플스토리,,,,medium
1132568b53b04f73080c,업데이트 | 뉴스 | 메이플스토리,,,,medium
ed6cb2eb731c6918e6db,업데이트 | 뉴스 | 메이플스토리,,,,medium
377168fa603329357661,업데이트 | 뉴스 | 메이플스토리,,,,medium
4cf43b916d298813fab9,업데이트 | 뉴스 | 메이플스토리,,,,medium
2452a3db38fe0ea57940,업데이트 | 뉴스 | 메이플스토리,,,,medium
3401743596e56ecbc5cc,업데이트 | 뉴스 | 메이플스토리,,,,medium
159249a049d8bdf709d9,업데이트 | 뉴스 | 메이플스토리,,,,medium
f4250a1786723cace51c,업데이트 | 뉴스 | 메이플스토리,,,,medium
09e811fe69250717d0e3,업데이트 | 뉴스 | 메이플스토리,,,,medium
95f9e381ad5e4e19afa5,업데이트 | 뉴스 | 메이플스토리,,,,medium
84dd9bfbd1e68f0318ea,업데이트 | 뉴스 | 메이플스토리,,,,medium
ef6d6951577902708821,업데이트 | 뉴스 | 메이플스토리,,,,medium
1c17938e3a12473a694b,업데이트 | 뉴스 | 메이플스토리,,,,medium
5f3e08f3e222679a8c44,업데이트 | 뉴스 | 메이플스토리,,,,medium
88a2b530c458c03daa91,업데이트 | 뉴스 | 메이플스토리,,,,medium
a2f28d23087db243e425,업데이트 | 뉴스 | 메이플스토리,,,,medium
3edea34e8ace79c5dee6,업데이트 | 뉴스 | 메이플스토리,,,,medium
1d115afb42149803269e,업데이트 | 뉴스 | 메이플스토리,,,,medium
7bc0cffe5e24f51c8a07,업데이트 | 뉴스 | 메이플스토리,,,,medium
97ef3d25feacc212460e,업데이트 | 뉴스 | 메이플스토리,,,,medium
7990e954b0df8d595f3e,업데이트 | 뉴스 | 메이플스토리,,,,medium
25f6e295ef3cb68ca381,업데이트 | 뉴스 | 메이플스토리,,,,medium
76461ca1c84e113235c0,업데이트 | 뉴스 | 메이플스토리,,,,medium
003b0e9d37aaadfd403f,업데이트 | 뉴스 | 메이플스토리,,,,medium
fe06ef7956d2fb168e08,업데이트 | 뉴스 | 메이플스토리,,,,medium
672fcb1017290a4926a4,업데이트 | 뉴스 | 메이플스토리,,,,medium
d8a090f095d474841be5,업데이트 | 뉴스 | 메이플스토리,,,,medium
7b1babc9b95f549a29a4,업데이트 | 뉴스 | 메이플스토리,,,,medium
da3fd30dd2648975b9bc,업데이트 | 뉴스 | 메이플스토리,,,,medium
f35473a71a24cec16d7c,업데이트 | 뉴스 | 메이플스토리,,,,medium
f1d0c62d639f8b868534,업데이트 | 뉴스 | 메이플스토리,,,,medium
d7ea0814e18962cdaff1,업데이트 | 뉴스 | 메이플스토리,,,,medium
332a97ee82d0ab8c4ed8,업데이트 | 뉴스 | 메이플스토리,,,,medium
ec7871090eb83c87126e,업데이트 | 뉴스 | 메이플스토리,,,,medium
9ffbcf6c9f4135cc9ade,업데이트 | 뉴스 | 메이플스토리,,,,medium
fd69153447253f8d517b,업데이트 | 뉴스 | 메이플스토리,,,,medium
2060fb9738fc796f826d,업데이트 | 뉴스 | 메이플스토리,,,,medium
7fa03ebc42069843c46a,업데이트 | 뉴스 | 메이플스토리,,,,medium
e9af0bba18b99020d3b2,업데이트 | 뉴스 | 메이플스토리,,,,medium
bf711cc71d107b70fb1b,업데이트 | 뉴스 | 메이플스토리,,,,medium
19c4b133be8af3940717,업데이트 | 뉴스 | 메이플스토리,,,,medium
a44489f9d3a4fb78b1ac,업데이트 | 뉴스 | 메이플스토리,,,,medium
3a46c559f7098225713c,업데이트 | 뉴스 | 메이플스토리,,,,medium
396b6c6be8e0b6f93fb2,업데이트 | 뉴스 | 메이플스토리,,,,medium
3c99d23ac5fde81ae5d1,업데이트 | 뉴스 | 메이플스토리,,,,medium
6fed6f02334d85a85a5f,업데이트 | 뉴스 | 메이플스토리,,,,medium
03830e75964c19a2fbd7,업데이트 | 뉴스 | 메이플스토리,,,,medium
e782b775be7c75f8e302,업데이트 | 뉴스 | 메이플스토리,,,,medium
ffdcb47e6382a2fbd336,업데이트 | 뉴스 | 메이플스토리,,,,medium
862ac96fc319999c78c6,업데이트 | 뉴스 | 메이플스토리,,,,medium
2d4dfeed82a77234327c,업데이트 | 뉴스 | 메이플스토리,,,,medium
bc0c8d3a05dd41977d94,업데이트 | 뉴스 | 메이플스토리,,,,medium
12f1992c11d9812a37dc,업데이트 | 뉴스 | 메이플스토리,,,,medium
027d68a903b621055468,업데이트 | 뉴스 | 메이플스토리,,,,medium
7716e86cc55c17c724cc,업데이트 | 뉴스 | 메이플스토리,,,,medium
ab5e6a2ca97323e2591e,업데이트 | 뉴스 | 메이플스토리,,,,medium
9c931383f6c9a204e897,업데이트 | 뉴스 | 메이플스토리,,,,medium
4ef483690e5c76a40f3b,업데이트 | 뉴스 | 메이플스토리,,,,medium
b75929f3a05c37e3e9a5,업데이트 | 뉴스 | 메이플스토리,,,,medium
569b16f607a560f6f8ec,업데이트 | 뉴스 | 메이플스토리,,,,medium
11b58b564115ff3e52f1,업데이트 | 뉴스 | 메이플스토리,,,,medium
6932ff353fc6cd0f6de9,업데이트 | 뉴스 | 메이플스토리,,,,medium
d7fe840c603f6572203b,업데이트 | 뉴스 | 메이플스토리,,,,medium
a5187563092a3e57e5b3,업데이트 | 뉴스 | 메이플스토리,,,,medium
6fdadf185c6803fa0bef,업데이트 | 뉴스 | 메이플스토리,,,,medium
b76773f3c4697e971fee,업데이트 | 뉴스 | 메이플스토리,,,,medium
860468f70f0cc9599873,업데이트 | 뉴스 | 메이플스토리,,,,medium
0deda118f8a277a34c12,업데이트 | 뉴스 | 메이플스토리,,,,medium
c26a8ebd826a0f4cef68,업데이트 | 뉴스 | 메이플스토리,,,,medium
9c0ddee6059f6aa1685a,업데이트 | 뉴스 | 메이플스토리,,,,medium
4bde388c2ad7e42900ca,업데이트 | 뉴스 | 메이플스토리,,,,medium
2afb518dbce4e0174dcf,업데이트 | 뉴스 | 메이플스토리,,,,medium
0307579aa7b659c81683,업데이트 | 뉴스 | 메이플스토리,,,,medium
446d516e2c78c072b5bd,업데이트 | 뉴스 | 메이플스토리,,,,medium
827b2525ceebeb1c6d1e,업데이트 | 뉴스 | 메이플스토리,,,,medium
c3419f24feeee00c5795,업데이트 | 뉴스 | 메이플스토리,,,,medium
a8ab8b95da2129a4af2c,업데이트 | 뉴스 | 메이플스토리,,,,medium
cc17ae42a3d9762a630a,업데이트 | 뉴스 | 메이플스토리,,,,medium
f2644832e2710ec95b9a,업데이트 | 뉴스 | 메이플스토리,,,,medium
bd43ed8d2c2e86aef334,업데이트 | 뉴스 | 메이플스토리,,,,medium
3684d2785f94fa3fbd14,업데이트 | 뉴스 | 메이플스토리,,,,medium
32104f6274daac12f459,업데이트 | 뉴스 | 메이플스토리,,,,medium
babc6f1ff3afaf7f5c87,업데이트 | 뉴스 | 메이플스토리,,,,medium
b48c178836dc15893c8e,업데이트 | 뉴스 | 메이플스토리,,,,medium
c160d2a82a54bada6f34,업데이트 | 뉴스 | 메이플스토리,,,,medium
429e71c38b20940e4e9c,업데이트 | 뉴스 | 메이플스토리,,,,medium
0af556e82ad55fa5242d,업데이트 | 뉴스 | 메이플스토리,,,,medium
59a047bec080c70dfd3c,업데이트 | 뉴스 | 메이플스토리,,,,medium
91df32c5b6f59ba281a6,업데이트 | 뉴스 | 메이플스토리,,,,medium
ff4dff07c375a87de39f,업데이트 | 뉴스 | 메이플스토리,,,,medium
5a786121ad65b64c39af,업데이트 | 뉴스 | 메이플스토리,,,,medium
a81ca70071ed6d127590,업데이트 | 뉴스 | 메이플스토리,,,,medium
a7bbcf7e99d406aa302c,업데이트 | 뉴스 | 메이플스토리,,,,medium
cedfd99bf3d52b46d5bb,업데이트 | 뉴스 | 메이플스토리,,,,medium
be0d87f7f93561aee498,업데이트 | 뉴스 | 메이플스토리,,,,medium
1f977ae2057819f8d57e,업데이트 | 뉴스 | 메이플스토리,,,,medium
e736992cbd52d2be42ee,업데이트 | 뉴스 | 메이플스토리,,,,medium
4a74d22bb6de47bff6f5,업데이트 | 뉴스 | 메이플스토리,,,,medium
26c5cff0c2ea08f2a37e,업데이트 | 뉴스 | 메이플스토리,,,,medium
b5eb6ce95c953b16975b,업데이트 | 뉴스 | 메이플스토리,,,,medium
baf6124c916970a2d167,업데이트 | 뉴스 | 메이플스토리,,,,medium
65a3df654ebc645b0282,업데이트 | 뉴스 | 메이플스토리,,,,medium
42f23b34c858e4f4d52b,업데이트 | 뉴스 | 메이플스토리,,,,medium
6fc2832b192c25b712f9,업데이트 | 뉴스 | 메이플스토리,,,,medium
0520264bbf0fdadc134c,업데이트 | 뉴스 | 메이플스토리,,,,medium
6a7afbedaa1fbab2495a,업데이트 | 뉴스 | 메이플스토리,,,,medium
83d6a317df03c39e0c46,업데이트 | 뉴스 | 메이플스토리,,,,medium
ff696362c1d61b0eacc9,업데이트 | 뉴스 | 메이플스토리,,,,medium
1eaf1ca72d126f517fdf,업데이트 | 뉴스 | 메이플스토리,,,,medium
6579f610dd33edd964fa,업데이트 | 뉴스 | 메이플스토리,,,,medium
7909fde70e3382102529,업데이트 | 뉴스 | 메이플스토리,,,,medium
5e39cd122f501260b22e,업데이트 | 뉴스 | 메이플스토리,,,,medium
9db5fdb6d61a98a82797,업데이트 | 뉴스 | 메이플스토리,,,,medium
0e71014f08c035854465,업데이트 | 뉴스 | 메이플스토리,,,,medium
9701a9726e7b34d0df41,업데이트 | 뉴스 | 메이플스토리,,,,medium
355160f7f0abb91d2d33,업데이트 | 뉴스 | 메이플스토리,,,,medium
7aca7f32e9939e48b0ee,업데이트 | 뉴스 | 메이플스토리,,,,medium
128e062923afc1678097,업데이트 | 뉴스 | 메이플스토리,,,,medium
be82df77b430d42c5809,업데이트 | 뉴스 | 메이플스토리,,,,medium
1491e7c7e152a2fd0816,업데이트 | 뉴스 | 메이플스토리,,,,medium
d8f0c13df5dafc18b4da,업데이트 | 뉴스 | 메이플스토리,,,,medium
0b07c08b2d1f22e1250f,업데이트 | 뉴스 | 메이플스토리,,,,medium
876af3eda3d3569ba972,업데이트 | 뉴스 | 메이플스토리,,,,medium
d7000d50c67a68c66c22,업데이트 | 뉴스 | 메이플스토리,,,,medium
4e7a18bb0398aa3dca55,업데이트 | 뉴스 | 메이플스토리,,,,medium
ebafdbd217aba950950d,업데이트 | 뉴스 | 메이플스토리,,,,medium
42f5d7e74ac1ca4b4db3,업데이트 | 뉴스 | 메이플스토리,,,,medium
0d4dc0b6d2e704a836a1,업데이트 | 뉴스 | 메이플스토리,,,,medium
bc07c942bc42103bedb8,업데이트 | 뉴스 | 메이플스토리,,,,medium
942bfee5bae7a7091724,업데이트 | 뉴스 | 메이플스토리,,,,medium
08d896c5dd099f861f01,업데이트 | 뉴스 | 메이플스토리,,,,medium
bd7b16fc13928c82a4b4,업데이트 | 뉴스 | 메이플스토리,,,,medium
bf4449c3ba4625c7320b,업데이트 | 뉴스 | 메이플스토리,,,,medium
03c67dead517a8b97f12,업데이트 | 뉴스 | 메이플스토리,,,,medium
c81e4e9800b75efe78c5,업데이트 | 뉴스 | 메이플스토리,,,,medium
d164d28181947468e618,업데이트 | 뉴스 | 메이플스토리,,,,medium
66c56281fbc1755b7303,업데이트 | 뉴스 | 메이플스토리,,,,medium
39af2245017900f11ef6,업데이트 | 뉴스 | 메이플스토리,,,,medium
b599d8dff98908d07413,업데이트 | 뉴스 | 메이플스토리,,,,medium
dc176b157d20fe8b3e82,업데이트 | 뉴스 | 메이플스토리,,,,medium
a12f6386f2030a2c6bfc,업데이트 | 뉴스 | 메이플스토리,,,,medium
0be5a21bd7569e41b3ef,업데이트 | 뉴스 | 메이플스토리,,,,medium
3471ef6cc9a2c36c14e0,업데이트 | 뉴스 | 메이플스토리,,,,medium
c5997ae0b0bbc150a349,업데이트 | 뉴스 | 메이플스토리,,,,medium
bbfa475e28ee90913748,업데이트 | 뉴스 | 메이플스토리,,,,medium
34efdf4c173d344e4bd4,업데이트 | 뉴스 | 메이플스토리,,,,medium
11deb9c91806f1dfde76,업데이트 | 뉴스 | 메이플스토리,,,,medium
c26bee9a5701f3107add,업데이트 | 뉴스 | 메이플스토리,,,,medium
434829eef54d1bde6bbc,업데이트 | 뉴스 | 메이플스토리,,,,medium
3c68a2075580724f4b9b,업데이트 | 뉴스 | 메이플스토리,,,,medium
6134e41feab5b943959e,업데이트 | 뉴스 | 메이플스토리,,,,medium
4687007cdb7348c35098,업데이트 | 뉴스 | 메이플스토리,,,,medium
0285fdd81e8e0a7ca6b9,업데이트 | 뉴스 | 메이플스토리,,,,medium
8dc25eabca0eb0e47ce1,업데이트 | 뉴스 | 메이플스토리,,,,medium
1d7511a9f7393a66dbbd,업데이트 | 뉴스 | 메이플스토리,,,,medium
533dcd7d305d408a5a7c,업데이트 | 뉴스 | 메이플스토리,,,,medium
2447aa4def23eaa72237,업데이트 | 뉴스 | 메이플스토리,,,,medium
77bfb8b28a1c3bd14bb3,업데이트 | 뉴스 | 메이플스토리,,,,medium
fb9d9c30292975015bf2,업데이트 | 뉴스 | 메이플스토리,,,,medium
c9e5923f18735a6d2641,업데이트 | 뉴스 | 메이플스토리,,,,medium
08ba11f05f5074e34aea,업데이트 | 뉴스 | 메이플스토리,,,,medium
97fee70ad936a8492244,업데이트 | 뉴스 | 메이플스토리,,,,medium
3828cc3210c48bf88526,업데이트 | 뉴스 | 메이플스토리,,,,medium
1141a393533fae3d3a8f,업데이트 | 뉴스 | 메이플스토리,,,,medium
05d751adf05d49bfbccd,업데이트 | 뉴스 | 메이플스토리,,,,medium
82927f26165ec00fcb08,업데이트 | 뉴스 | 메이플스토리,,,,medium
3adac7509aa001a1fac4,업데이트 | 뉴스 | 메이플스토리,,,,medium
dfdf2133eea49d747813,업데이트 | 뉴스 | 메이플스토리,,,,medium
412395ceabf48a8cbce4,업데이트 | 뉴스 | 메이플스토리,,,,medium
a0013da4abc856f8644c,업데이트 | 뉴스 | 메이플스토리,,,,medium
77bc368a0e16c10fc24d,업데이트 | 뉴스 | 메이플스토리,,,,medium
9bf05f6645d56cd48667,업데이트 | 뉴스 | 메이플스토리,,,,medium
371304129fabcf8ccda0,업데이트 | 뉴스 | 메이플스토리,,,,medium
0c4ad347d29623153c35,업데이트 | 뉴스 | 메이플스토리,,,,medium
ac795690e87ffe85433f,업데이트 | 뉴스 | 메이플스토리,,,,medium
5fb616e880eb101eb485,업데이트 | 뉴스 | 메이플스토리,,,,medium
408ea47430db6c47549d,업데이트 | 뉴스 | 메이플스토리,,,,medium
9225552981e1dc388730,업데이트 | 뉴스 | 메이플스토리,,,,medium
c7d3a64be5e5aa2299cc,업데이트 | 뉴스 | 메이플스토리,,,,medium
343feb2a491929d299b4,업데이트 | 뉴스 | 메이플스토리,,,,medium
b149c4e49879d5a84970,업데이트 | 뉴스 | 메이플스토리,,,,medium
99615cd08503e5094973,업데이트 | 뉴스 | 메이플스토리,,,,medium
85200945de3c62cd77c2,업데이트 | 뉴스 | 메이플스토리,,,,medium
b748698e4d9742abdaa6,업데이트 | 뉴스 | 메이플스토리,,,,medium
41c5bf717af7cd43ef7c,업데이트 | 뉴스 | 메이플스토리,,,,medium
f8b2ccc8d986e1c70ddd,업데이트 | 뉴스 | 메이플스토리,,,,medium
b04803ee17a7f626451a,업데이트 | 뉴스 | 메이플스토리,,,,medium
f4f9f8f86207a8646938,업데이트 | 뉴스 | 메이플스토리,,,,medium
263b18ce8133da311319,업데이트 | 뉴스 | 메이플스토리,,,,medium
c2b70c25f2e85146a229,업데이트 | 뉴스 | 메이플스토리,,,,medium
086cceada76d60b35396,업데이트 | 뉴스 | 메이플스토리,,,,medium
0d3151ad6e7036dfe2bf,업데이트 | 뉴스 | 메이플스토리,,,,medium
e0c220e0b8db238a35ad,업데이트 | 뉴스 | 메이플스토리,,,,medium
1b57a0d0f5c4b35f89dd,업데이트 | 뉴스 | 메이플스토리,,,,medium
b2949fd5f7dda3461d48,업데이트 | 뉴스 | 메이플스토리,,,,medium
25efb03effd9b151ba5a,업데이트 | 뉴스 | 메이플스토리,,,,medium
94b118cea2c6b6c1622a,업데이트 | 뉴스 | 메이플스토리,,,,medium
3c7ddeafed63f786a205,업데이트 | 뉴스 | 메이플스토리,,,,medium
e30a1dfa57c0f3d64bd2,업데이트 | 뉴스 | 메이플스토리,,,,medium
8265409e803252ec16f2,업데이트 | 뉴스 | 메이플스토리,,,,medium
e99fce4e84aeb60a8abe,업데이트 | 뉴스 | 메이플스토리,,,,medium
8ad8775d517c0d948abc,업데이트 | 뉴스 | 메이플스토리,,,,medium
9de62502f2e9e688adb4,업데이트 | 뉴스 | 메이플스토리,,,,medium
736dfe199364b83a8228,업데이트 | 뉴스 | 메이플스토리,,,,medium
57e8de787a1e2b41fc22,업데이트 | 뉴스 | 메이플스토리,,,,medium
192da56a882c571f50d8,업데이트 | 뉴스 | 메이플스토리,,,,medium
fa4ed291bcc5aaeb279d,업데이트 | 뉴스 | 메이플스토리,,,,medium
a512a3ba479a3d1c9edf,업데이트 | 뉴스 | 메이플스토리,,,,medium
f4ceca96227eaaba34d9,업데이트 | 뉴스 | 메이플스토리,,,,medium
ce55c462315925f3e3ca,업데이트 | 뉴스 | 메이플스토리,,,,medium
9eb598818b05c3c14a13,업데이트 | 뉴스 | 메이플스토리,,,,medium
744d1befec783f277b50,업데이트 | 뉴스 | 메이플스토리,,,,medium
f65763dfdf0519292564,업데이트 | 뉴스 | 메이플스토리,,,,medium
fd295b7ddc43ea84ef33,업데이트 | 뉴스 | 메이플스토리,,,,medium
45754771ba6709af6d9a,업데이트 | 뉴스 | 메이플스토리,,,,medium
d32f117dddbe5110c8e6,업데이트 | 뉴스 | 메이플스토리,,,,medium
65f1c8a59253c25e7aa4,업데이트 | 뉴스 | 메이플스토리,,,,medium
acce3c97c8bccfe2bb16,업데이트 | 뉴스 | 메이플스토리,,,,medium
a209b96c9586bdf7f1b5,업데이트 | 뉴스 | 메이플스토리,,,,medium
7a76e9938a2d58b5b8b7,업데이트 | 뉴스 | 메이플스토리,,,,medium
951b680cbb684161fc6a,업데이트 | 뉴스 | 메이플스토리,,,,medium
2e5025c09dde8d8d09c7,업데이트 | 뉴스 | 메이플스토리,,,,medium
828a6cfa1a271a24dddf,업데이트 | 뉴스 | 메이플스토리,,,,medium
1552270d6dae81a7c740,업데이트 | 뉴스 | 메이플스토리,,,,medium
7c82e834e743e64ed9d8,업데이트 | 뉴스 | 메이플스토리,,,,medium
0d645988778a0dd15a80,업데이트 | 뉴스 | 메이플스토리,,,,medium
a9cc76f60cdf94d6fc00,업데이트 | 뉴스 | 메이플스토리,,,,medium
547a9c98d0c02b0ce87d,업데이트 | 뉴스 | 메이플스토리,,,,medium
1d5e70e849b4c1beebd5,업데이트 | 뉴스 | 메이플스토리,,,,medium
025305352fc7d5b1c104,업데이트 | 뉴스 | 메이플스토리,,,,medium
5cc51456c40a34e3d81f,업데이트 | 뉴스 | 메이플스토리,,,,medium
9c70179053f20975e538,업데이트 | 뉴스 | 메이플스토리,,,,medium
d74e4e9a4f89d4bf282c,업데이트 | 뉴스 | 메이플스토리,,,,medium
41869e4b3886c6b2c1f3,업데이트 | 뉴스 | 메이플스토리,,,,medium
4637ba924e044e959534,업데이트 | 뉴스 | 메이플스토리,,,,medium
6d5f25bfa5c88e41fa53,업데이트 | 뉴스 | 메이플스토리,,,,medium
fa5b5934cea25b73e98a,업데이트 | 뉴스 | 메이플스토리,,,,medium
e41a91e7008219776a1e,업데이트 | 뉴스 | 메이플스토리,,,,medium
30d4bb0f048635e61567,업데이트 | 뉴스 | 메이플스토리,,,,medium
7d79b3730c2c901d3a77,업데이트 | 뉴스 | 메이플스토리,,,,medium
c072b9f13ae96bc96544,업데이트 | 뉴스 | 메이플스토리,,,,medium
c887f7be44089ea7d5b5,업데이트 | 뉴스 | 메이플스토리,,,,medium
3092e096b07cd8ef7392,업데이트 | 뉴스 | 메이플스토리,,,,medium
1f531f15d896972d2f42,업데이트 | 뉴스 | 메이플스토리,,,,medium
9c1a3c99d6ce532936d7,업데이트 | 뉴스 | 메이플스토리,,,,medium
0c51376c1bb6a9e13981,업데이트 | 뉴스 | 메이플스토리,,,,medium
af686458b49245092175,업데이트 | 뉴스 | 메이플스토리,,,,medium
14185b987de7d6a9a2fc,업데이트 | 뉴스 | 메이플스토리,,,,medium
98a707ddb33be57992fe,업데이트 | 뉴스 | 메이플스토리,,,,medium
d04c81cd71ae35f920c4,업데이트 | 뉴스 | 메이플스토리,,,,medium
46479ded6c21ca185bde,업데이트 | 뉴스 | 메이플스토리,,,,medium
c3ff9d2df48bdf46585b,업데이트 | 뉴스 | 메이플스토리,,,,medium
4e4308177919c158dd8a,업데이트 | 뉴스 | 메이플스토리,,,,medium
aa34cf3ebf3c9849e556,업데이트 | 뉴스 | 메이플스토리,,,,medium
b67b52dddb5052b30bb3,업데이트 | 뉴스 | 메이플스토리,,,,medium
dedae044dc216c28f5c6,업데이트 | 뉴스 | 메이플스토리,,,,medium
7d089dacf184e17628be,업데이트 | 뉴스 | 메이플스토리,,,,medium
4c4bc45249ba056cfb12,업데이트 | 뉴스 | 메이플스토리,,,,medium
6ebf6e196b780162ebcf,업데이트 | 뉴스 | 메이플스토리,,,,medium
e0cf2ef7118edbebc934,업데이트 | 뉴스 | 메이플스토리,,,,medium
82389c52f8f49016c45f,업데이트 | 뉴스 | 메이플스토리,,,,medium
ee4de8ff492fc0ca284f,업데이트 | 뉴스 | 메이플스토리,,,,medium
3f0e7d46f68aaaad5434,업데이트 | 뉴스 | 메이플스토리,,,,medium
e25dd591c5cc23cd4315,업데이트 | 뉴스 | 메이플스토리,,,,medium
126b94c830b7416b8f60,업데이트 | 뉴스 | 메이플스토리,,,,medium
4a889ef44925271c7178,업데이트 | 뉴스 | 메이플스토리,,,,medium
fcfaa666e865bd3ac5ae,업데이트 | 뉴스 | 메이플스토리,,,,medium
7374ac7ee99e69a8da15,업데이트 | 뉴스 | 메이플스토리,,,,medium
5632fc355d55d40e70d3,업데이트 | 뉴스 | 메이플스토리,,,,medium
43a121d2ff2b74e324c0,업데이트 | 뉴스 | 메이플스토리,,,,medium
ff9de66aafdd56725ffd,업데이트 | 뉴스 | 메이플스토리,,,,medium
eba1202c5fd7e2fc653d,업데이트 | 뉴스 | 메이플스토리,,,,medium
c0127e531d8c6e8ffaab,업데이트 | 뉴스 | 메이플스토리,,,,medium
260ccc97050da7092447,업데이트 | 뉴스 | 메이플스토리,,,,medium
8de86f4e12e46185a563,업데이트 | 뉴스 | 메이플스토리,,,,medium
33fa0551dc1b6a8af0c9,업데이트 | 뉴스 | 메이플스토리,,,,medium
96b0a6e518ef8c8d60a1,업데이트 | 뉴스 | 메이플스토리,,,,medium
ab48fce71d1abc4b48f4,업데이트 | 뉴스 | 메이플스토리,,,,medium
3729f99efdb928d38af0,업데이트 | 뉴스 | 메이플스토리,,,,medium
341203c7efcb33a51c3c,업데이트 | 뉴스 | 메이플스토리,,,,medium
328dbc71573a7169b8f1,업데이트 | 뉴스 | 메이플스토리,,,,medium
63586def94a3b734c673,업데이트 | 뉴스 | 메이플스토리,,,,medium
26f51248f67377f2694d,업데이트 | 뉴스 | 메이플스토리,,,,medium
e95c0dd796c9332777ec,업데이트 | 뉴스 | 메이플스토리,,,,medium
8d1c9d7564344ff345b5,업데이트 | 뉴스 | 메이플스토리,,,,medium
3dee9d72d98e7d1f264a,업데이트 | 뉴스 | 메이플스토리,,,,medium
327d0b8e168bfe2d90d2,업데이트 | 뉴스 | 메이플스토리,,,,medium
021069d9c8b160fc534f,업데이트 | 뉴스 | 메이플스토리,,,,medium
0866b61ac2368eb82d52,업데이트 | 뉴스 | 메이플스토리,,,,medium
48a781e040b01cb0645c,업데이트 | 뉴스 | 메이플스토리,,,,medium
033628ecb6fa513e2ecc,업데이트 | 뉴스 | 메이플스토리,,,,medium
c0103417118779435cac,업데이트 | 뉴스 | 메이플스토리,,,,medium
fe7c2263abaf79a35bfa,업데이트 | 뉴스 | 메이플스토리,,,,medium
b973e6da7d4849a9a018,업데이트 | 뉴스 | 메이플스토리,,,,medium
f0b6f63f272b8556afb3,업데이트 | 뉴스 | 메이플스토리,,,,medium
10ef8c82bdef7be19f01,업데이트 | 뉴스 | 메이플스토리,,,,medium
590f737abc742634771e,업데이트 | 뉴스 | 메이플스토리,,,,medium
afbdc19b75b6bdbae014,업데이트 | 뉴스 | 메이플스토리,,,,medium
265a87044fecf28e38a3,업데이트 | 뉴스 | 메이플스토리,,,,medium
27c2350ca3bcaebdeced,업데이트 | 뉴스 | 메이플스토리,,,,medium
d7439c9ec9ed2473afd8,업데이트 | 뉴스 | 메이플스토리,,,,medium
2b0a4e2687a6ae89e19e,업데이트 | 뉴스 | 메이플스토리,,,,medium
6c065667be60abfade16,업데이트 | 뉴스 | 메이플스토리,,,,medium
ca3247fe57077708d327,업데이트 | 뉴스 | 메이플스토리,,,,medium
e0f22b5b29f7315eaaf0,업데이트 | 뉴스 | 메이플스토리,,,,medium
c6cf2f4fd1532b29ad03,업데이트 | 뉴스 | 메이플스토리,,,,medium
a9d8a59710530c253907,업데이트 | 뉴스 | 메이플스토리,,,,medium
038f4301e3b400cd9857,업데이트 | 뉴스 | 메이플스토리,,,,medium
6fa59721508e0748d675,업데이트 | 뉴스 | 메이플스토리,,,,medium
29acb292dd848f7fd5d9,업데이트 | 뉴스 | 메이플스토리,,,,medium
5830183af3f8411355fa,업데이트 | 뉴스 | 메이플스토리,,,,medium
6a0e99f08f5221a2da2b,업데이트 | 뉴스 | 메이플스토리,,,,medium
d652408cf852cd28b969,업데이트 | 뉴스 | 메이플스토리,,,,medium
9ef8417dd2d1b15060ba,업데이트 | 뉴스 | 메이플스토리,,,,medium
de51b2edc449addb03fb,업데이트 | 뉴스 | 메이플스토리,,,,medium
86a2a33cc68ca7924999,업데이트 | 뉴스 | 메이플스토리,,,,medium
7d22d748d5b7bb83a784,업데이트 | 뉴스 | 메이플스토리,,,,medium
fa4ae9a5e4fd3f6942ef,업데이트 | 뉴스 | 메이플스토리,,,,medium
995c8ba4010234bd6a15,업데이트 | 뉴스 | 메이플스토리,,,,medium
b3783f586bb28550127e,업데이트 | 뉴스 | 메이플스토리,,,,medium
e970772ebd65129c2909,업데이트 | 뉴스 | 메이플스토리,,,,medium
51c4f69b9854725d9a8a,업데이트 | 뉴스 | 메이플스토리,,,,medium
2c326b33e942055e40c3,업데이트 | 뉴스 | 메이플스토리,,,,medium
5ffda23a28fead626365,업데이트 | 뉴스 | 메이플스토리,,,,medium
21f21bb7a085cac1d0df,업데이트 | 뉴스 | 메이플스토리,,,,medium
4db29257e306eadbd6b0,업데이트 | 뉴스 | 메이플스토리,,,,medium
9c1725b9f3452b9ca82e,업데이트 | 뉴스 | 메이플스토리,,,,medium
6835bd14240e62ad8aa5,업데이트 | 뉴스 | 메이플스토리,,,,medium
325d3e422e889198706f,업데이트 | 뉴스 | 메이플스토리,,,,medium
f2bcffc0f00dfbdc252c,업데이트 | 뉴스 | 메이플스토리,,,,medium
dbf44d38befadbf49e2c,업데이트 | 뉴스 | 메이플스토리,,,,medium
fdda59edd047526cb4c2,업데이트 | 뉴스 | 메이플스토리,,,,medium
b14a4a993597f54b6754,업데이트 | 뉴스 | 메이플스토리,,,,medium
d4fac5f54550087963c0,업데이트 | 뉴스 | 메이플스토리,,,,medium
06c515cc5538f1933788,업데이트 | 뉴스 | 메이플스토리,,,,medium
4204733735b573361a11,업데이트 | 뉴스 | 메이플스토리,,,,medium
a80962be480485ec098a,업데이트 | 뉴스 | 메이플스토리,,,,medium
1c56ea7fd1c4eb5f2215,업데이트 | 뉴스 | 메이플스토리,,,,medium
52c7bd7c8fd18297be3a,업데이트 | 뉴스 | 메이플스토리,,,,medium
3cc274d489df1ce204a8,업데이트 | 뉴스 | 메이플스토리,,,,medium
a32929f114e484302b13,업데이트 | 뉴스 | 메이플스토리,,,,medium
807709440818185d7297,업데이트 | 뉴스 | 메이플스토리,,,,medium
6f9cb6e538a531e96504,업데이트 | 뉴스 | 메이플스토리,,,,medium
d75a49f1f7fdbef144a4,업데이트 | 뉴스 | 메이플스토리,,,,medium
85fa82aa2a20e15a1660,업데이트 | 뉴스 | 메이플스토리,,,,medium
da136d0b8e02444e043d,업데이트 | 뉴스 | 메이플스토리,,,,medium
6fd37d6f6eba3a139df2,업데이트 | 뉴스 | 메이플스토리,,,,medium
51b6ca214f6cdff55620,업데이트 | 뉴스 | 메이플스토리,,,,medium
73e6673411db54950aab,업데이트 | 뉴스 | 메이플스토리,,,,medium
684d2be06d49022aad96,업데이트 | 뉴스 | 메이플스토리,,,,medium
4c1523121dbeebfd236b,업데이트 | 뉴스 | 메이플스토리,,,,medium
83d7b7a14899ab9b40ec,업데이트 | 뉴스 | 메이플스토리,,,,medium
26a9c2a07229fb4358c1,업데이트 | 뉴스 | 메이플스토리,,,,medium
d5965f1adfb391451773,업데이트 | 뉴스 | 메이플스토리,,,,medium
4c46eee18d33afec1a6a,업데이트 | 뉴스 | 메이플스토리,,,,medium
e96338485e7b80ba594f,업데이트 | 뉴스 | 메이플스토리,,,,medium
33702b198e30a9713a9a,업데이트 | 뉴스 | 메이플스토리,,,,medium
0b32f9c7afc9f1aedeb1,업데이트 | 뉴스 | 메이플스토리,,,,medium
5a726d250cc9c69aee3b,업데이트 | 뉴스 | 메이플스토리,,,,medium
66a453bacfa5090b5a35,업데이트 | 뉴스 | 메이플스토리,,,,medium
86b61697280787043cf6,업데이트 | 뉴스 | 메이플스토리,,,,medium
1898e489426de0d7b20f,업데이트 | 뉴스 | 메이플스토리,,,,medium
99de40173e3a91fcc60f,업데이트 | 뉴스 | 메이플스토리,,,,medium
6bc3e68f16d0ddb220c4,업데이트 | 뉴스 | 메이플스토리,,,,medium
a29f1c32706396394493,업데이트 | 뉴스 | 메이플스토리,,,,medium
95337e6f9d2a5e821e19,업데이트 | 뉴스 | 메이플스토리,,,,medium
83665a12f678b577fae7,업데이트 | 뉴스 | 메이플스토리,,,,medium
8c4d5181e674a33ed38f,업데이트 | 뉴스 | 메이플스토리,,,,medium
c41aa2399203ea3a3dc6,업데이트 | 뉴스 | 메이플스토리,,,,medium
612a75f20c0d0c647c3e,업데이트 | 뉴스 | 메이플스토리,,,,medium
9fb2e2441d68031553c0,업데이트 | 뉴스 | 메이플스토리,,,,medium
56ffe9f8288fc1b02616,업데이트 | 뉴스 | 메이플스토리,,,,medium
34fb4a36af5daea9e6ef,업데이트 | 뉴스 | 메이플스토리,,,,medium
77f9e9f452c254ece5a7,업데이트 | 뉴스 | 메이플스토리,,,,medium
1bb79ede7730856d04f1,업데이트 | 뉴스 | 메이플스토리,,,,medium
b8c6b07a89a539d7e6a0,업데이트 | 뉴스 | 메이플스토리,,,,medium
63887378a81147c2e37b,업데이트 | 뉴스 | 메이플스토리,,,,medium
7d2b788f3d92e58ca7b7,업데이트 | 뉴스 | 메이플스토리,,,,medium
81b424072c581a74292f,업데이트 | 뉴스 | 메이플스토리,,,,medium
111d5523d912fb315b20,업데이트 | 뉴스 | 메이플스토리,,,,medium
12531690a244afc08734,업데이트 | 뉴스 | 메이플스토리,,,,medium
b21c43a73a97558aeef4,업데이트 | 뉴스 | 메이플스토리,,,,medium
402ec151be6cdd7f5183,업데이트 | 뉴스 | 메이플스토리,,,,medium
99956ee0159142063802,업데이트 | 뉴스 | 메이플스토리,,,,medium
4db8f947de3bd2a1af99,업데이트 | 뉴스 | 메이플스토리,,,,medium
03e38b0ad94f923532c5,업데이트 | 뉴스 | 메이플스토리,,,,medium
5249ee99ce8d4c3a485f,업데이트 | 뉴스 | 메이플스토리,,,,medium
e623ee792b9f38378f81,업데이트 | 뉴스 | 메이플스토리,,,,medium
90d4287ab1dae2928870,업데이트 | 뉴스 | 메이플스토리,,,,medium
28b63f4d4063366aac62,업데이트 | 뉴스 | 메이플스토리,,,,medium
41dfb8ed4ed28db34b1e,업데이트 | 뉴스 | 메이플스토리,,,,medium
c16f04473ef3269265c6,업데이트 | 뉴스 | 메이플스토리,,,,medium
3ea5dcc734cbcd8be721,업데이트 | 뉴스 | 메이플스토리,,,,medium
7ff6f59c493019923b4e,업데이트 | 뉴스 | 메이플스토리,,,,medium
2dbaddb8b52e6e54982a,업데이트 | 뉴스 | 메이플스토리,,,,medium
605dd6cea6c30afd64c5,업데이트 | 뉴스 | 메이플스토리,,,,medium
f7b09dfd73473e30bbbb,업데이트 | 뉴스 | 메이플스토리,,,,medium
5445b20aa18b42aac337,업데이트 | 뉴스 | 메이플스토리,,,,medium
59c70316f5cbee908fa8,업데이트 | 뉴스 | 메이플스토리,,,,medium
29b212db25922ff018ae,업데이트 | 뉴스 | 메이플스토리,,,,medium
d36ef3e1a00a8902e69b,업데이트 | 뉴스 | 메이플스토리,,,,medium
cff81e14f66db3c087c0,업데이트 | 뉴스 | 메이플스토리,,,,medium
c1755cbbbcd63b529b87,업데이트 | 뉴스 | 메이플스토리,,,,medium
f139af03e37071af9631,업데이트 | 뉴스 | 메이플스토리,,,,medium
827e1d7bfe809e145905,업데이트 | 뉴스 | 메이플스토리,,,,medium
120313cb8da5a5c92819,업데이트 | 뉴스 | 메이플스토리,,,,medium
1135a48bc4a84af74dac,업데이트 | 뉴스 | 메이플스토리,,,,medium
7842d1ece0cce070c97a,업데이트 | 뉴스 | 메이플스토리,,,,medium
97a2a9b63fb728620694,업데이트 | 뉴스 | 메이플스토리,,,,medium
48f165440a67d7024386,업데이트 | 뉴스 | 메이플스토리,,,,medium
ecefb4df26e6ed12192f,업데이트 | 뉴스 | 메이플스토리,,,,medium
cdc5d5a61d69e9998736,업데이트 | 뉴스 | 메이플스토리,,,,medium
ddd7964bfa36941e8c99,업데이트 | 뉴스 | 메이플스토리,,,,medium
1f15ab09b23dee2463dd,업데이트 | 뉴스 | 메이플스토리,,,,medium
f3dfae5e2c642324ecd5,업데이트 | 뉴스 | 메이플스토리,,,,medium
83aa6ce70f31aa556ab4,업데이트 | 뉴스 | 메이플스토리,,,,medium
639ee396f10925aa7914,업데이트 | 뉴스 | 메이플스토리,,,,medium
23933676bae83dcdf88b,업데이트 | 뉴스 | 메이플스토리,,,,medium
9ae349cb716f35a3e895,업데이트 | 뉴스 | 메이플스토리,,,,medium
ce9f3426e8328b69bbaa,업데이트 | 뉴스 | 메이플스토리,,,,medium
34430f9754197db8c9c9,업데이트 | 뉴스 | 메이플스토리,,,,medium
cb0f7ae8e15ff02084ae,업데이트 | 뉴스 | 메이플스토리,,,,medium
ba9faca7c516dfcdff61,업데이트 | 뉴스 | 메이플스토리,,,,medium
9f7295eccb5c2fcdf9fd,업데이트 | 뉴스 | 메이플스토리,,,,medium
d6b2fe9ebcf69ef2220b,업데이트 | 뉴스 | 메이플스토리,,,,medium
1d4b8911c7ab97331c34,업데이트 | 뉴스 | 메이플스토리,,,,medium
a69a74ff402208e85d89,업데이트 | 뉴스 | 메이플스토리,,,,medium
65828b545ce4e8ca9c05,업데이트 | 뉴스 | 메이플스토리,,,,medium
ae9db5caadda0ad87a89,업데이트 | 뉴스 | 메이플스토리,,,,medium
89286a059ad960a59eb4,업데이트 | 뉴스 | 메이플스토리,,,,medium
95e5e1db9cdcc9b4c7ef,업데이트 | 뉴스 | 메이플스토리,,,,medium
e03f18fd2ee2403c162e,업데이트 | 뉴스 | 메이플스토리,,,,medium
bc0a037f15cc6404d930,업데이트 | 뉴스 | 메이플스토리,,,,medium
b117797e53124c97bcd2,업데이트 | 뉴스 | 메이플스토리,,,,medium
8745e9453675e9a6cfaf,업데이트 | 뉴스 | 메이플스토리,,,,medium
19c83ec8e2bd0252b0aa,업데이트 | 뉴스 | 메이플스토리,,,,medium
1fc3f18ed6efb35af2a7,업데이트 | 뉴스 | 메이플스토리,,,,medium
44a417dfe5d2f080dfe0,업데이트 | 뉴스 | 메이플스토리,,,,medium
9ba77b6e0dfe9430059b,업데이트 | 뉴스 | 메이플스토리,,,,medium
c2e53e59d0dcb6f59d48,업데이트 | 뉴스 | 메이플스토리,,,,medium
d590bd79c8c5be6f1b08,업데이트 | 뉴스 | 메이플스토리,,,,medium
5268b401303aecbfbdcd,업데이트 | 뉴스 | 메이플스토리,,,,medium
7836882d5398c2bea3e8,업데이트 | 뉴스 | 메이플스토리,,,,medium
a557d4ecdccfd16d0bf7,업데이트 | 뉴스 | 메이플스토리,,,,medium
111cc05c1676554e9837,업데이트 | 뉴스 | 메이플스토리,,,,medium
37cd146cbe4ad7efd2e9,업데이트 | 뉴스 | 메이플스토리,,,,medium
ba94a59a9ddae0cbffac,업데이트 | 뉴스 | 메이플스토리,,,,medium
665368e9263320db4087,업데이트 | 뉴스 | 메이플스토리,,,,medium
3de91e44382ee1207ae2,업데이트 | 뉴스 | 메이플스토리,,,,medium
f4196239a29bf530d313,업데이트 | 뉴스 | 메이플스토리,,,,medium
5c512b89e797eb2a2baa,업데이트 | 뉴스 | 메이플스토리,,,,medium
9de8372b7d06e3882152,업데이트 | 뉴스 | 메이플스토리,,,,medium
faed11d3b6fb60eb7e6e,업데이트 | 뉴스 | 메이플스토리,,,,medium
edb35a324902a064a6ab,업데이트 | 뉴스 | 메이플스토리,,,,medium
597af6e768a9de1f8465,업데이트 | 뉴스 | 메이플스토리,,,,medium
d7161376a89e393e7a9d,업데이트 | 뉴스 | 메이플스토리,,,,medium
9bd1f8cbf9c07350647b,업데이트 | 뉴스 | 메이플스토리,,,,medium
4252244792fd2cde3786,업데이트 | 뉴스 | 메이플스토리,,,,medium
0dd195ef55b9b4a9da20,업데이트 | 뉴스 | 메이플스토리,,,,medium
9034adc10f98059a8c67,업데이트 | 뉴스 | 메이플스토리,,,,medium
3ec5010148536392f8e9,업데이트 | 뉴스 | 메이플스토리,,,,medium
238a97c80decf66f9f29,업데이트 | 뉴스 | 메이플스토리,,,,medium
52de23772f4b3932687e,업데이트 | 뉴스 | 메이플스토리,,,,medium
e448923872704598f01c,업데이트 | 뉴스 | 메이플스토리,,,,medium
3dc201af8c791716ac8c,업데이트 | 뉴스 | 메이플스토리,,,,medium
4e990eb722e86e062e57,업데이트 | 뉴스 | 메이플스토리,,,,medium
72d35665e303a5f7b912,업데이트 | 뉴스 | 메이플스토리,,,,medium
44294b205ec317570456,업데이트 | 뉴스 | 메이플스토리,,,,medium
a10a9eb84212ad65d9a1,업데이트 | 뉴스 | 메이플스토리,,,,medium
9d3eb10986ab9002ef69,업데이트 | 뉴스 | 메이플스토리,,,,medium
98dfa4e32fcf393f226f,업데이트 | 뉴스 | 메이플스토리,,,,medium
0127435ed6103e1f5983,업데이트 | 뉴스 | 메이플스토리,,,,medium
63bd1e93e0a8dc652637,업데이트 | 뉴스 | 메이플스토리,,,,medium
c947fb2c6f35418b21e5,업데이트 | 뉴스 | 메이플스토리,,,,medium
81125b9d8cc7b276d364,업데이트 | 뉴스 | 메이플스토리,,,,medium
9c2c2231855048320066,업데이트 | 뉴스 | 메이플스토리,,,,medium
46d54c7845f01dfe2aad,업데이트 | 뉴스 | 메이플스토리,,,,medium
126ac5dc36e43005566f,업데이트 | 뉴스 | 메이플스토리,,,,medium
9dac4346b7096a8bc6c5,업데이트 | 뉴스 | 메이플스토리,,,,medium
c74a5d916ae56c83f9e0,업데이트 | 뉴스 | 메이플스토리,,,,medium
9cfccbb80c39f2354e22,업데이트 | 뉴스 | 메이플스토리,,,,medium
5932f993e7c61b61df91,업데이트 | 뉴스 | 메이플스토리,,,,medium
52d63195c02e599c4e19,업데이트 | 뉴스 | 메이플스토리,,,,medium
8770a1b34ce2ab516c0a,업데이트 | 뉴스 | 메이플스토리,,,,medium
df6fb185b30ab6b5268d,업데이트 | 뉴스 | 메이플스토리,,,,medium
52594ee7050f60148afd,업데이트 | 뉴스 | 메이플스토리,,,,medium
72da37e59c20d666c831,업데이트 | 뉴스 | 메이플스토리,,,,medium
c9ebe2df1cc6a840da4a,업데이트 | 뉴스 | 메이플스토리,,,,medium
eaec79d200c2c936747f,업데이트 | 뉴스 | 메이플스토리,,,,medium
db15d6da3c88b65c0f1e,업데이트 | 뉴스 | 메이플스토리,,,,medium
1fc496246e986dd7bb73,업데이트 | 뉴스 | 메이플스토리,,,,medium
eaec88d77c41037d9d85,업데이트 | 뉴스 | 메이플스토리,,,,medium
9442ca8171ba7a6d809e,업데이트 | 뉴스 | 메이플스토리,,,,medium
ab1efe469e3df7251e62,업데이트 | 뉴스 | 메이플스토리,,,,medium
5e36cece66e42987e717,업데이트 | 뉴스 | 메이플스토리,,,,medium
d4ec267b965dd79af628,업데이트 | 뉴스 | 메이플스토리,,,,medium
3a08421f8ba463c447d1,업데이트 | 뉴스 | 메이플스토리,,,,medium
df2131772a4cb389e934,업데이트 | 뉴스 | 메이플스토리,,,,medium
3024be0c75f871f1b201,업데이트 | 뉴스 | 메이플스토리,,,,medium
6f41aa109063d02eeb29,업데이트 | 뉴스 | 메이플스토리,,,,medium
aed9ca9135cffdba4665,업데이트 | 뉴스 | 메이플스토리,,,,medium
66fe6da3af86f290b9f9,업데이트 | 뉴스 | 메이플스토리,,,,medium
043ff37f3e46de6e516e,업데이트 | 뉴스 | 메이플스토리,,,,medium
2516a04f9552f6b4082a,업데이트 | 뉴스 | 메이플스토리,,,,medium
9e820cb6daa0455585af,업데이트 | 뉴스 | 메이플스토리,,,,medium
2d8a18a6c5226fbbf7df,업데이트 | 뉴스 | 메이플스토리,,,,medium
05f6ffd23f23a48a18d6,업데이트 | 뉴스 | 메이플스토리,,,,medium
4104353dc9464b012a07,업데이트 | 뉴스 | 메이플스토리,,,,medium
16f0e775ccfe0acd36e8,업데이트 | 뉴스 | 메이플스토리,,,,medium
cc7ccccf7bddcb09141c,업데이트 | 뉴스 | 메이플스토리,,,,medium
0d3b2e0bb3a363a06abf,업데이트 | 뉴스 | 메이플스토리,,,,medium
f0579dbd8519df226701,업데이트 | 뉴스 | 메이플스토리,,,,medium
d3ff0bc330c9c5f61fa9,업데이트 | 뉴스 | 메이플스토리,,,,medium
af45ff4f9fcb33d9766d,업데이트 | 뉴스 | 메이플스토리,,,,medium
29d7cae512ed3f219bd7,업데이트 | 뉴스 | 메이플스토리,,,,medium
a2cdb3d663aecf59323d,업데이트 | 뉴스 | 메이플스토리,,,,medium
4aadcf2f01965792b42e,업데이트 | 뉴스 | 메이플스토리,,,,medium
0b7d64b27736645daf5e,업데이트 | 뉴스 | 메이플스토리,,,,medium
9390eec1bc1a61fde01d,업데이트 | 뉴스 | 메이플스토리,,,,medium
7838f9fd6cb3109bec1a,업데이트 | 뉴스 | 메이플스토리,,,,medium
f7a8d3b551f08c611a93,업데이트 | 뉴스 | 메이플스토리,,,,medium
993d31a4b87d3e1e28d5,업데이트 | 뉴스 | 메이플스토리,,,,medium
364af46b350e5fca21af,업데이트 | 뉴스 | 메이플스토리,,,,medium
f9cd64a2dd005ac25021,업데이트 | 뉴스 | 메이플스토리,,,,medium
8df928d02dd57597f6b3,업데이트 | 뉴스 | 메이플스토리,,,,medium
cda00ff12dcb2ecabed1,업데이트 | 뉴스 | 메이플스토리,,,,medium
ae748313913ec1e41e01,업데이트 | 뉴스 | 메이플스토리,,,,medium
17caa0a929aad94bab31,업데이트 | 뉴스 | 메이플스토리,,,,medium
b28db354e7016f97b79d,업데이트 | 뉴스 | 메이플스토리,,,,medium
5bd64f78cf22fcdbcf13,업데이트 | 뉴스 | 메이플스토리,,,,medium
ec00df6f72101348b88f,업데이트 | 뉴스 | 메이플스토리,,,,medium
a86ab00d975912d7d96e,업데이트 | 뉴스 | 메이플스토리,,,,medium
47314b4bed41192c0a0b,업데이트 | 뉴스 | 메이플스토리,,,,medium
5515d3062d267138e712,업데이트 | 뉴스 | 메이플스토리,,,,medium
562a98fa22d34137d566,업데이트 | 뉴스 | 메이플스토리,,,,medium
4bef73c11a275730ae36,업데이트 | 뉴스 | 메이플스토리,,,,medium
554573a48c8737ffb2be,업데이트 | 뉴스 | 메이플스토리,,,,medium
785915d192d76f339d35,업데이트 | 뉴스 | 메이플스토리,,,,medium
c36c0a9f1d0fd5970884,업데이트 | 뉴스 | 메이플스토리,,,,medium
b94a0391dabfbee627d8,업데이트 | 뉴스 | 메이플스토리,,,,medium
7d5ee07db76a773daeca,업데이트 | 뉴스 | 메이플스토리,,,,medium
47b25f8222cd6b29b068,업데이트 | 뉴스 | 메이플스토리,,,,medium
07b5b28970fe0d57c6a4,업데이트 | 뉴스 | 메이플스토리,,,,medium
74a187b230e2ecc3193d,업데이트 | 뉴스 | 메이플스토리,,,,medium
03652b002eb450d4839c,업데이트 | 뉴스 | 메이플스토리,,,,medium
37573796b1b8e29594e4,업데이트 | 뉴스 | 메이플스토리,,,,medium
2f4c7996adde9125bf3c,업데이트 | 뉴스 | 메이플스토리,,,,medium
026f61d6d35f24d7bcca,업데이트 | 뉴스 | 메이플스토리,,,,medium
a3f40befc7b1bc3c6314,업데이트 | 뉴스 | 메이플스토리,,,,medium
0706768b94b01fdf9515,업데이트 | 뉴스 | 메이플스토리,,,,medium
ce2ae0d80dd38b51b739,업데이트 | 뉴스 | 메이플스토리,,,,medium
f4a1c456751106028752,업데이트 | 뉴스 | 메이플스토리,,,,medium
0e300ec2ac2f8561fe16,업데이트 | 뉴스 | 메이플스토리,,,,medium
65c6b93f8c278530a7e5,업데이트 | 뉴스 | 메이플스토리,,,,medium
b10fa5fc016452b02bb0,업데이트 | 뉴스 | 메이플스토리,,,,medium
f6e16390ae5dfc4203bb,업데이트 | 뉴스 | 메이플스토리,,,,medium
fb5e6f8320084e9bceb3,업데이트 | 뉴스 | 메이플스토리,,,,medium
4bb5dc160e86f2ea3a96,업데이트 | 뉴스 | 메이플스토리,,,,medium
85cbccfbaa8519d5f7f6,업데이트 | 뉴스 | 메이플스토리,,,,medium
1cdb8f20def26e6d437f,업데이트 | 뉴스 | 메이플스토리,,,,medium
02b0f2567a7f09cacc05,업데이트 | 뉴스 | 메이플스토리,,,,medium
a2c7005975e58747129b,업데이트 | 뉴스 | 메이플스토리,,,,medium
f7654cde0a85233bc3d7,업데이트 | 뉴스 | 메이플스토리,,,,medium
777d6b6363a4cf57a584,업데이트 | 뉴스 | 메이플스토리,,,,medium
31392dafb362ff2f7cf5,업데이트 | 뉴스 | 메이플스토리,,,,medium
a24df75dd3fb84f5e5ed,업데이트 | 뉴스 | 메이플스토리,,,,medium
7b9ce2b2c1a46ad535a5,업데이트 | 뉴스 | 메이플스토리,,,,medium
95a318043c3231c9e380,업데이트 | 뉴스 | 메이플스토리,,,,medium
0ac2e03eed7aa4dd1636,업데이트 | 뉴스 | 메이플스토리,,,,medium
571224880949c752b78a,업데이트 | 뉴스 | 메이플스토리,,,,medium
fc31fdab17bb68bff878,업데이트 | 뉴스 | 메이플스토리,,,,medium
3cf1f09406efcc1aa9a9,업데이트 | 뉴스 | 메이플스토리,,,,medium
f5b784b2d7a4e7f322f6,업데이트 | 뉴스 | 메이플스토리,,,,medium
f082b87e45cfe034dfdc,업데이트 | 뉴스 | 메이플스토리,,,,medium
001f99aeec1bd401c6d6,업데이트 | 뉴스 | 메이플스토리,,,,medium
611fdf5925b240750dd4,업데이트 | 뉴스 | 메이플스토리,,,,medium
069e0a1ef3d71c4324dd,업데이트 | 뉴스 | 메이플스토리,,,,medium
82775c9584ca2bf81b8d,업데이트 | 뉴스 | 메이플스토리,,,,medium
006a698a16e45d8b95f0,업데이트 | 뉴스 | 메이플스토리,,,,medium
45ef772f159297cb2c53,업데이트 | 뉴스 | 메이플스토리,,,,medium
edf2d356bad0d2fdd72f,업데이트 | 뉴스 | 메이플스토리,,,,medium
2076a52668b32ad593ef,업데이트 | 뉴스 | 메이플스토리,,,,medium
98e551d417a19d823995,업데이트 | 뉴스 | 메이플스토리,,,,medium
0e99104ceff41d08bf45,업데이트 | 뉴스 | 메이플스토리,,,,medium
8e28d2c6faf161167fee,업데이트 | 뉴스 | 메이플스토리,,,,medium
b586a4854d2911b6a951,업데이트 | 뉴스 | 메이플스토리,,,,medium
3f0e58c58b1bc670afb9,업데이트 | 뉴스 | 메이플스토리,,,,medium
e2fdc92b8bfc72ca1bfd,업데이트 | 뉴스 | 메이플스토리,,,,medium
51d4c833beacf86ae7d9,업데이트 | 뉴스 | 메이플스토리,,,,medium
7aeb819929add2336693,업데이트 | 뉴스 | 메이플스토리,,,,medium
3130b61450706ed33efd,업데이트 | 뉴스 | 메이플스토리,,,,medium
979d6af4fe30697bc14e,업데이트 | 뉴스 | 메이플스토리,,,,medium
b10231dc6bf057675a2f,업데이트 | 뉴스 | 메이플스토리,,,,medium
8727836d7b1648a961e2,업데이트 | 뉴스 | 메이플스토리,,,,medium
1cc6214d7f1b54535675,업데이트 | 뉴스 | 메이플스토리,,,,medium
9a3c008ca89608bac994,업데이트 | 뉴스 | 메이플스토리,,,,medium
946e6f946a033f3fa5e3,업데이트 | 뉴스 | 메이플스토리,,,,medium
da2347b79d879c60d85e,업데이트 | 뉴스 | 메이플스토리,,,,medium
29837ac5200a91e88534,업데이트 | 뉴스 | 메이플스토리,,,,medium
faf8e6656d553999a385,업데이트 | 뉴스 | 메이플스토리,,,,medium
553c757fd070d0fbd0ed,업데이트 | 뉴스 | 메이플스토리,,,,medium
9363a8ebd62cd1b1c8c1,업데이트 | 뉴스 | 메이플스토리,,,,medium
4b9a2f44c4a3b25c31d5,업데이트 | 뉴스 | 메이플스토리,,,,medium
fb1a069ee3471f658597,업데이트 | 뉴스 | 메이플스토리,,,,medium
7098d8c397e1f528225a,업데이트 | 뉴스 | 메이플스토리,,,,medium
81ea365a3cf059d881e1,업데이트 | 뉴스 | 메이플스토리,,,,medium
5fba7f194b6eb70612ea,업데이트 | 뉴스 | 메이플스토리,,,,medium
9a9e8cfeebdf1555ea5f,업데이트 | 뉴스 | 메이플스토리,,,,medium
b25825344b9b658d821d,업데이트 | 뉴스 | 메이플스토리,,,,medium
585fd2214f8941d8d5c4,업데이트 | 뉴스 | 메이플스토리,,,,medium
031e6003bf3feb2c6459,업데이트 | 뉴스 | 메이플스토리,,,,medium
26432489a738da8df20c,업데이트 | 뉴스 | 메이플스토리,,,,medium
6779941f134185bdbc23,업데이트 | 뉴스 | 메이플스토리,,,,medium
02f00d61a6e5629d67b9,업데이트 | 뉴스 | 메이플스토리,,,,medium
580fde8daa7cf923732e,업데이트 | 뉴스 | 메이플스토리,,,,medium
f65313cc3d7c3d3a39cb,업데이트 | 뉴스 | 메이플스토리,,,,medium
ed0d7f9e12aa22329f0c,업데이트 | 뉴스 | 메이플스토리,,,,medium
6e0d12e23689e5b8e1a7,업데이트 | 뉴스 | 메이플스토리,,,,medium
9fd9f82843d580d8ac5a,업데이트 | 뉴스 | 메이플스토리,,,,medium
71ea07173244033e8627,업데이트 | 뉴스 | 메이플스토리,,,,medium
e1ffb50557ea17525d78,업데이트 | 뉴스 | 메이플스토리,,,,medium
c4565885d1d83eb598f4,업데이트 | 뉴스 | 메이플스토리,,,,medium
049bcd0af22a435ceacd,업데이트 | 뉴스 | 메이플스토리,,,,medium
9435373babd8b31dcb64,업데이트 | 뉴스 | 메이플스토리,,,,medium
c9ecaafd92a40cbe6813,업데이트 | 뉴스 | 메이플스토리,,,,medium
23c77fddae68ee0bda44,업데이트 | 뉴스 | 메이플스토리,,,,medium
2d473ca2d6a15423551d,업데이트 | 뉴스 | 메이플스토리,,,,medium
26ae26f9b67683ccc37c,업데이트 | 뉴스 | 메이플스토리,,,,medium
852643a7b74bddbc0062,업데이트 | 뉴스 | 메이플스토리,,,,medium
90c726ebc05405a87e2f,업데이트 | 뉴스 | 메이플스토리,,,,medium
6f2301b053425ebe6dea,업데이트 | 뉴스 | 메이플스토리,,,,medium
817c1152567341288354,업데이트 | 뉴스 | 메이플스토리,,,,medium
71cc75beb45ed67ce92c,업데이트 | 뉴스 | 메이플스토리,,,,medium
6d152c5c761d3da1963a,업데이트 | 뉴스 | 메이플스토리,,,,medium
40155fa58b716fb0db99,업데이트 | 뉴스 | 메이플스토리,,,,medium
027011fb4aa5e7ba30ce,업데이트 | 뉴스 | 메이플스토리,,,,medium
388efb142c8fc9ce6cbd,업데이트 | 뉴스 | 메이플스토리,,,,medium
93e1aa95b8e765f14493,업데이트 | 뉴스 | 메이플스토리,,,,medium
8ed2f1dab43ad8fe7cc3,업데이트 | 뉴스 | 메이플스토리,,,,medium
71fb222d92946ab04ea7,업데이트 | 뉴스 | 메이플스토리,,,,medium
e4791734b6081c69eb22,업데이트 | 뉴스 | 메이플스토리,,,,medium
8062e7c1e1f0ecdbd359,업데이트 | 뉴스 | 메이플스토리,,,,medium
582da59fae9085e0d00e,업데이트 | 뉴스 | 메이플스토리,,,,medium
63d516486f6bdbd1813f,업데이트 | 뉴스 | 메이플스토리,,,,medium
792f0fb39f607294109e,업데이트 | 뉴스 | 메이플스토리,,,,medium
f439d977beaae72a2676,업데이트 | 뉴스 | 메이플스토리,,,,medium
24d7c71eddb872e51e27,업데이트 | 뉴스 | 메이플스토리,,,,medium
712d4e40b66d9a2ffed1,업데이트 | 뉴스 | 메이플스토리,,,,medium
dfbb3c6e115e74530f3f,업데이트 | 뉴스 | 메이플스토리,,,,medium
c06e7c9a05dfe701de78,업데이트 | 뉴스 | 메이플스토리,,,,medium
1018145a40eaed7cf380,업데이트 | 뉴스 | 메이플스토리,,,,medium
c9bc348074058b8c57af,업데이트 | 뉴스 | 메이플스토리,,,,medium
f5be1a15e97b635409f7,업데이트 | 뉴스 | 메이플스토리,,,,medium
3e6f2c65471653408f13,업데이트 | 뉴스 | 메이플스토리,,,,medium
8d1a61d8bb0323aee5d3,업데이트 | 뉴스 | 메이플스토리,,,,medium
2cc0d68ef9cc077cf137,업데이트 | 뉴스 | 메이플스토리,,,,medium
83c7c8c12f9ce691547d,업데이트 | 뉴스 | 메이플스토리,,,,medium
4b2c2d100b8417261473,업데이트 | 뉴스 | 메이플스토리,,,,medium
b4967aed14d8b6960cab,업데이트 | 뉴스 | 메이플스토리,,,,medium
e827b63be06443a898f7,업데이트 | 뉴스 | 메이플스토리,,,,medium
b4d5b9852ecd0107d1d9,업데이트 | 뉴스 | 메이플스토리,,,,medium
aed766b2c89653b1d4aa,업데이트 | 뉴스 | 메이플스토리,,,,medium
b95605cfa3315ff24f0a,업데이트 | 뉴스 | 메이플스토리,,,,medium
3a9cff962da9915cb0d2,업데이트 | 뉴스 | 메이플스토리,,,,medium
8bf478648fe1a9e25556,업데이트 | 뉴스 | 메이플스토리,,,,medium
2c9d85b549a0f071f084,업데이트 | 뉴스 | 메이플스토리,,,,medium
7291bc09f69f5636b1a5,업데이트 | 뉴스 | 메이플스토리,,,,medium
07c397f142505022ffc9,업데이트 | 뉴스 | 메이플스토리,,,,medium
0417333a175b6214ea8b,업데이트 | 뉴스 | 메이플스토리,,,,medium
76eef76f13f5d64c6981,업데이트 | 뉴스 | 메이플스토리,,,,medium
81cd358ac43337cacc95,업데이트 | 뉴스 | 메이플스토리,,,,medium
5619e51fa10a5d1680ff,업데이트 | 뉴스 | 메이플스토리,,,,medium
f6be8768255f7925606c,업데이트 | 뉴스 | 메이플스토리,,,,medium
e1d0895433c0b23e0141,업데이트 | 뉴스 | 메이플스토리,,,,medium
062d8bbb6ce152d56f4a,업데이트 | 뉴스 | 메이플스토리,,,,medium
275ed9d8fbb31cc07566,업데이트 | 뉴스 | 메이플스토리,,,,medium
b8c47e28b769262b707b,업데이트 | 뉴스 | 메이플스토리,,,,medium
c8be69c5ababa7d4708d,업데이트 | 뉴스 | 메이플스토리,,,,medium
7982dbaa2d34d038aec0,업데이트 | 뉴스 | 메이플스토리,,,,medium
0fa60ea38d40ea667b0f,업데이트 | 뉴스 | 메이플스토리,,,,medium
d0441a216b436593d592,업데이트 | 뉴스 | 메이플스토리,,,,medium
d4f03dba4fefa4ed89b1,업데이트 | 뉴스 | 메이플스토리,,,,medium
980b9f4c36a8cd7e54c5,업데이트 | 뉴스 | 메이플스토리,,,,medium
7f2a912c9fa0455f89b1,업데이트 | 뉴스 | 메이플스토리,,,,medium
94546e852f16e404644a,업데이트 | 뉴스 | 메이플스토리,,,,medium
8313058f1afefc9fe686,업데이트 | 뉴스 | 메이플스토리,,,,medium
5f404d67c929f937f726,업데이트 | 뉴스 | 메이플스토리,,,,medium
36ea9c8f34cba1862cb0,업데이트 | 뉴스 | 메이플스토리,,,,medium
0082efd5ba1cbf696242,업데이트 | 뉴스 | 메이플스토리,,,,medium
9d8b1a77a6d54067d6c0,업데이트 | 뉴스 | 메이플스토리,,,,medium
d91fcb3c4ca013e394d6,업데이트 | 뉴스 | 메이플스토리,,,,medium
fd58cd20bd152499412b,업데이트 | 뉴스 | 메이플스토리,,,,medium
94d77d67cf06ed61717f,업데이트 | 뉴스 | 메이플스토리,,,,medium
6a0aeb13cc4199ad520d,업데이트 | 뉴스 | 메이플스토리,,,,medium
8f4e3909e8159cea0bc6,업데이트 | 뉴스 | 메이플스토리,,,,medium
8cd7230a51394d0e0adf,업데이트 | 뉴스 | 메이플스토리,,,,medium
78720dbffbfff7d82507,업데이트 | 뉴스 | 메이플스토리,,,,medium
ec2db082dcba6ccfb6ee,업데이트 | 뉴스 | 메이플스토리,,,,medium
cc07714034a890de6ef9,업데이트 | 뉴스 | 메이플스토리,,,,medium
fa41fb6bd30d5f8b8f92,업데이트 | 뉴스 | 메이플스토리,,,,medium
1b1a3528899f5ce3420e,업데이트 | 뉴스 | 메이플스토리,,,,medium
e6a18e481b286739aeac,업데이트 | 뉴스 | 메이플스토리,,,,medium
15a5704c7a634e638ed5,업데이트 | 뉴스 | 메이플스토리,,,,medium
10e034cb2f20125a43d0,업데이트 | 뉴스 | 메이플스토리,,,,medium
216883871ebf6f523bf9,업데이트 | 뉴스 | 메이플스토리,,,,medium
75ccd141b76fdcc5763a,업데이트 | 뉴스 | 메이플스토리,,,,medium
55c8e86fc7c8541ee1ee,업데이트 | 뉴스 | 메이플스토리,,,,medium
6e7d29172a91fdb735a6,업데이트 | 뉴스 | 메이플스토리,,,,medium
6662b3804a1c78aa04fd,업데이트 | 뉴스 | 메이플스토리,,,,medium
ab4f4373f8a7ed8e4384,업데이트 | 뉴스 | 메이플스토리,,,,medium
ae6a66f88fd8a9810177,업데이트 | 뉴스 | 메이플스토리,,,,medium
3833e631f7afb2dd02a4,업데이트 | 뉴스 | 메이플스토리,,,,medium
2d37d52222ed76ef0b6c,업데이트 | 뉴스 | 메이플스토리,,,,medium
8a29e8acaa6a3a92fc36,업데이트 | 뉴스 | 메이플스토리,,,,medium
d9c772032433a55843ea,업데이트 | 뉴스 | 메이플스토리,,,,medium
df1d69f01f8e6e31253d,업데이트 | 뉴스 | 메이플스토리,,,,medium
eb0b92dfcbd2cee09910,업데이트 | 뉴스 | 메이플스토리,,,,medium
c7ab542b50cef051be2c,업데이트 | 뉴스 | 메이플스토리,,,,medium
eedf3ab127e67b3413be,업데이트 | 뉴스 | 메이플스토리,,,,medium
441ac0ca90c225078d7f,업데이트 | 뉴스 | 메이플스토리,,,,medium
69b5c69c1b503a4a1692,업데이트 | 뉴스 | 메이플스토리,,,,medium
74c642d078db0418b44b,업데이트 | 뉴스 | 메이플스토리,,,,medium
4ee6b6311546c10b52b0,업데이트 | 뉴스 | 메이플스토리,,,,medium
022ecadaa277d5f30d6e,업데이트 | 뉴스 | 메이플스토리,,,,medium
c3e0d4397dbe57eb57c6,업데이트 | 뉴스 | 메이플스토리,,,,medium
5e91179b7bfb7ac65c90,업데이트 | 뉴스 | 메이플스토리,,,,medium
51334e666da7f51baa90,업데이트 | 뉴스 | 메이플스토리,,,,medium
25829750789cd5b1b045,업데이트 | 뉴스 | 메이플스토리,,,,medium
fd5e21315d9b1cc92143,업데이트 | 뉴스 | 메이플스토리,,,,medium
795bcd01bde5d7add9e6,업데이트 | 뉴스 | 메이플스토리,,,,medium
101216ab19b7b05370c4,업데이트 | 뉴스 | 메이플스토리,,,,medium
5363ce1bc3d86ee2ddff,업데이트 | 뉴스 | 메이플스토리,,,,medium
46d6cae2a47e17284621,업데이트 | 뉴스 | 메이플스토리,,,,medium
999319eb0e70bc94f3b3,업데이트 | 뉴스 | 메이플스토리,,,,medium
66e5c2b82b6ea01fd6bf,업데이트 | 뉴스 | 메이플스토리,,,,medium
41c74a0d27e962f59649,업데이트 | 뉴스 | 메이플스토리,,,,medium
bb326cf2b84fb63f3f86,업데이트 | 뉴스 | 메이플스토리,,,,medium
93424e2f7e6f57462a25,업데이트 | 뉴스 | 메이플스토리,,,,medium
a0bf54904ed6b7caabd1,업데이트 | 뉴스 | 메이플스토리,,,,medium
9680550f63b6ab6d5e4e,업데이트 | 뉴스 | 메이플스토리,,,,medium
207c49a911a67c81bd5f,업데이트 | 뉴스 | 메이플스토리,,,,medium
59078953960c30a18263,업데이트 | 뉴스 | 메이플스토리,,,,medium
64b98f81ea106c3ed833,업데이트 | 뉴스 | 메이플스토리,,,,medium
55fcf90f52ab106fd429,업데이트 | 뉴스 | 메이플스토리,,,,medium
aeb87616d7891df1e333,업데이트 | 뉴스 | 메이플스토리,,,,medium
6c1abff600cbdcdc9303,업데이트 | 뉴스 | 메이플스토리,,,,medium
0dabcf9e63a3e07e8d1a,업데이트 | 뉴스 | 메이플스토리,,,,medium
6a5e3fb558370c34fb60,업데이트 | 뉴스 | 메이플스토리,,,,medium
097bdb6f3a4119e7c8a5,업데이트 | 뉴스 | 메이플스토리,,,,medium
62a14eace0f48ef0cb58,업데이트 | 뉴스 | 메이플스토리,,,,medium
6432e8b44bd63b4a0e45,업데이트 | 뉴스 | 메이플스토리,,,,medium
d247083ad00ba9ed180b,업데이트 | 뉴스 | 메이플스토리,,,,medium
080918128481b7f50749,업데이트 | 뉴스 | 메이플스토리,,,,medium
62cd330d7275584e17c8,업데이트 | 뉴스 | 메이플스토리,,,,medium
8be790e1acfa9f7f3723,업데이트 | 뉴스 | 메이플스토리,,,,medium
4c6bb3bb00b2358c09ab,업데이트 | 뉴스 | 메이플스토리,,,,medium
005d2471186169e1c803,업데이트 | 뉴스 | 메이플스토리,,,,medium
fed2ce49f755ced17ed1,업데이트 | 뉴스 | 메이플스토리,,,,medium
a23f997ec02ed9b450e6,업데이트 | 뉴스 | 메이플스토리,,,,medium
2f846f86ccb681af43b9,업데이트 | 뉴스 | 메이플스토리,,,,medium
cf8d3f3b7151043bad0f,업데이트 | 뉴스 | 메이플스토리,,,,medium
ef4e1d438278c8096bab,업데이트 | 뉴스 | 메이플스토리,,,,medium
02cb1aa056327ba143a3,업데이트 | 뉴스 | 메이플스토리,,,,medium
c5c1f0ada41d185499d5,업데이트 | 뉴스 | 메이플스토리,,,,medium
acc2dee8f00ed43c09ff,업데이트 | 뉴스 | 메이플스토리,,,,medium
7e48bdfd7f8895f5f8eb,업데이트 | 뉴스 | 메이플스토리,,,,medium
263163853423f18d4ada,업데이트 | 뉴스 | 메이플스토리,,,,medium
5cb2db6395c10476a949,업데이트 | 뉴스 | 메이플스토리,,,,medium
38f5bff442312b998266,업데이트 | 뉴스 | 메이플스토리,,,,medium
a25c371600b01de52ee3,업데이트 | 뉴스 | 메이플스토리,,,,medium
a18a4f379a9032e62353,업데이트 | 뉴스 | 메이플스토리,,,,medium
032c3c5faf451ff87440,업데이트 | 뉴스 | 메이플스토리,,,,medium
2e1543bece144e94a831,업데이트 | 뉴스 | 메이플스토리,,,,medium
4bce7474075aff407f57,업데이트 | 뉴스 | 메이플스토리,,,,medium
6770837fe25deba6b6d1,업데이트 | 뉴스 | 메이플스토리,,,,medium
a3e649827ad35e0d0a93,업데이트 | 뉴스 | 메이플스토리,,,,medium
6a2cec6ef0e6e38197e8,업데이트 | 뉴스 | 메이플스토리,,,,medium
fcb8a57a1c95172e565e,업데이트 | 뉴스 | 메이플스토리,,,,medium
f2adf2d23f277bb426f7,업데이트 | 뉴스 | 메이플스토리,,,,medium
ea31f5fd80d8ec39c838,업데이트 | 뉴스 | 메이플스토리,,,,medium
45ed4ba3527ba8a190c8,업데이트 | 뉴스 | 메이플스토리,,,,medium
ca6e99f9b46b1fe20d30,업데이트 | 뉴스 | 메이플스토리,,,,medium
f5763ef2d179bdd5e722,업데이트 | 뉴스 | 메이플스토리,,,,medium
3f6a306560d0abc60da0,업데이트 | 뉴스 | 메이플스토리,,,,medium
8fba75c299e26a1f8f09,업데이트 | 뉴스 | 메이플스토리,,,,medium
1501ca2ceb000bbf694c,업데이트 | 뉴스 | 메이플스토리,,,,medium
e30d804196a96f2515a4,업데이트 | 뉴스 | 메이플스토리,,,,medium
f9778ff309391f2e50be,업데이트 | 뉴스 | 메이플스토리,,,,medium
5c085ccdcea4d7773e54,업데이트 | 뉴스 | 메이플스토리,,,,medium
91fac998dbf096830ced,업데이트 | 뉴스 | 메이플스토리,,,,medium
b57dce2a5e3cdc05036a,업데이트 | 뉴스 | 메이플스토리,,,,medium
82750cf48800a1d40336,업데이트 | 뉴스 | 메이플스토리,,,,medium
05c6cd5cc8d0f010cc09,업데이트 | 뉴스 | 메이플스토리,,,,medium
183299e590bcd40779b9,업데이트 | 뉴스 | 메이플스토리,,,,medium
deb811bff43c018dc11c,업데이트 | 뉴스 | 메이플스토리,,,,medium
f1d93fa8c61026d7f914,업데이트 | 뉴스 | 메이플스토리,,,,medium
01481985a60e65678cdf,업데이트 | 뉴스 | 메이플스토리,,,,medium
2cfb9c257a9d29ecda12,업데이트 | 뉴스 | 메이플스토리,,,,medium
4bd83e908f28450b6d19,업데이트 | 뉴스 | 메이플스토리,,,,medium
707d3ca51d5753c42e76,업데이트 | 뉴스 | 메이플스토리,,,,medium
305363b0d47abd337e50,업데이트 | 뉴스 | 메이플스토리,,,,medium
302561e7d737bba9d448,업데이트 | 뉴스 | 메이플스토리,,,,medium
7bba8a2fcd5424f89f67,업데이트 | 뉴스 | 메이플스토리,,,,medium
41c13b49227f6e50406f,업데이트 | 뉴스 | 메이플스토리,,,,medium
8e4cfc1b8a5eae12e502,업데이트 | 뉴스 | 메이플스토리,,,,medium
74245b814836e37f05cb,업데이트 | 뉴스 | 메이플스토리,,,,medium
ee5e8d01a43f14911758,업데이트 | 뉴스 | 메이플스토리,,,,medium
22461406f24071e4d697,업데이트 | 뉴스 | 메이플스토리,,,,medium
932eb61b62ff5d5005c2,업데이트 | 뉴스 | 메이플스토리,,,,medium
08a16892c43ed1cc5157,업데이트 | 뉴스 | 메이플스토리,,,,medium
b671b10325e2a548344b,업데이트 | 뉴스 | 메이플스토리,,,,medium
80f981afb67eeb6c744c,업데이트 | 뉴스 | 메이플스토리,,,,medium
609bb99457614e45db16,업데이트 | 뉴스 | 메이플스토리,,,,medium
394bfc98077a518f3f1f,업데이트 | 뉴스 | 메이플스토리,,,,medium
5fba1b86c90dc96d1f7a,업데이트 | 뉴스 | 메이플스토리,,,,medium
f2a773f14d10ef233f0c,업데이트 | 뉴스 | 메이플스토리,,,,medium
34e989307dad1ba462da,업데이트 | 뉴스 | 메이플스토리,,,,medium
7105635b08e5238fa9c1,업데이트 | 뉴스 | 메이플스토리,,,,medium
0cb21252d46906591b3c,업데이트 | 뉴스 | 메이플스토리,,,,medium
d25b1e7f6648b2e7f531,업데이트 | 뉴스 | 메이플스토리,,,,medium
1195c386ad26a461b3d8,업데이트 | 뉴스 | 메이플스토리,,,,medium
46adce6b18de95013d65,업데이트 | 뉴스 | 메이플스토리,,,,medium
7e9545e4bc8c61d25a7f,업데이트 | 뉴스 | 메이플스토리,,,,medium
f508ff90a1c0ed8bf977,업데이트 | 뉴스 | 메이플스토리,,,,medium
c1acbe03348dd087b812,업데이트 | 뉴스 | 메이플스토리,,,,medium
6e32d8ea7564bbab6ec8,업데이트 | 뉴스 | 메이플스토리,,,,medium
3a777441c7395c045c5b,업데이트 | 뉴스 | 메이플스토리,,,,medium
d63117d2a5cfc2c638dd,업데이트 | 뉴스 | 메이플스토리,,,,medium
b80bb7d7f8bdc3daa7d6,업데이트 | 뉴스 | 메이플스토리,,,,medium
7343e1c45788e2a22dc4,업데이트 | 뉴스 | 메이플스토리,,,,medium
1c3ce50c5098c2f725a7,업데이트 | 뉴스 | 메이플스토리,,,,medium
f44815e19d2c767621ee,업데이트 | 뉴스 | 메이플스토리,,,,medium
ceb47bac814f6e0aa0a6,업데이트 | 뉴스 | 메이플스토리,,,,medium
4c41fbc3769555c1156e,업데이트 | 뉴스 | 메이플스토리,,,,medium
50f6eeb7c7d0521f342b,업데이트 | 뉴스 | 메이플스토리,,,,medium
3cce49702af60f171779,업데이트 | 뉴스 | 메이플스토리,,,,medium
d4de83581df281eeca5e,업데이트 | 뉴스 | 메이플스토리,,,,medium
e8208bc19721d79ece06,업데이트 | 뉴스 | 메이플스토리,,,,medium
4b1c512d40da8dddf9fd,업데이트 | 뉴스 | 메이플스토리,,,,medium
8566b200614d0606ad4a,업데이트 | 뉴스 | 메이플스토리,,,,medium
026a9aea3dfed9c4f652,업데이트 | 뉴스 | 메이플스토리,,,,medium
9cfb057a37ab4d2c7571,업데이트 | 뉴스 | 메이플스토리,,,,medium
8f426a08edc585ff7c54,업데이트 | 뉴스 | 메이플스토리,,,,medium
35301ec09f1d18188ad8,업데이트 | 뉴스 | 메이플스토리,,,,medium
45870caf3a6ec59091d7,업데이트 | 뉴스 | 메이플스토리,,,,medium
8419cf2fb596bc577eb6,업데이트 | 뉴스 | 메이플스토리,,,,medium
d13394e5446f38e0b0ae,업데이트 | 뉴스 | 메이플스토리,,,,medium
b0c8ba7a813d28e88d2b,업데이트 | 뉴스 | 메이플스토리,,,,medium
a031e2d966fd96e9b2bf,업데이트 | 뉴스 | 메이플스토리,,,,medium
bb3b30d720bf13f6773e,업데이트 | 뉴스 | 메이플스토리,,,,medium
f2a3a21eab088af42681,업데이트 | 뉴스 | 메이플스토리,,,,medium
5ec4b5c197cbb00ca5a8,업데이트 | 뉴스 | 메이플스토리,,,,medium
68587be069304df2f1dc,업데이트 | 뉴스 | 메이플스토리,,,,medium
bffa8a635b305f62036d,업데이트 | 뉴스 | 메이플스토리,,,,medium
2eebc2c62c8b213d11bb,업데이트 | 뉴스 | 메이플스토리,,,,medium
9099d436a2d90b14a0a7,업데이트 | 뉴스 | 메이플스토리,,,,medium
01c156255ab92ec74d3e,업데이트 | 뉴스 | 메이플스토리,,,,medium
2a507665d604161c206c,업데이트 | 뉴스 | 메이플스토리,,,,medium
764d5d813ad2796f8d02,업데이트 | 뉴스 | 메이플스토리,,,,medium
3ba9a28947b5ccc88b07,업데이트 | 뉴스 | 메이플스토리,,,,medium
c3fc7c7532bd283164ec,업데이트 | 뉴스 | 메이플스토리,,,,medium
a1e538fb522fcc9b95b9,업데이트 | 뉴스 | 메이플스토리,,,,medium
7204788a47d7b7b88028,업데이트 | 뉴스 | 메이플스토리,,,,medium
42934d350d90ce244f15,업데이트 | 뉴스 | 메이플스토리,,,,medium
1c351b253500b6a6c830,업데이트 | 뉴스 | 메이플스토리,,,,medium
f3caf126234b3cf3d7a4,업데이트 | 뉴스 | 메이플스토리,,,,medium
51b93a8c410a16628c49,업데이트 | 뉴스 | 메이플스토리,,,,medium
762281fbb627d68a2eb1,업데이트 | 뉴스 | 메이플스토리,,,,medium
2743eab6088408dc58fe,업데이트 | 뉴스 | 메이플스토리,,,,medium
9c6deafadc46446f50fe,업데이트 | 뉴스 | 메이플스토리,,,,medium
06671865462583d3d1df,업데이트 | 뉴스 | 메이플스토리,,,,medium
8b377694b6e78e5047f2,업데이트 | 뉴스 | 메이플스토리,,,,medium
8f66f0d4e3668fc8879b,업데이트 | 뉴스 | 메이플스토리,,,,medium
96dc0d84d8156fc9ab29,업데이트 | 뉴스 | 메이플스토리,,,,medium
133259ed7db8b4114161,업데이트 | 뉴스 | 메이플스토리,,,,medium
579566c8a40f23c3c66c,업데이트 | 뉴스 | 메이플스토리,,,,medium
8a354096518a6bc37bc8,업데이트 | 뉴스 | 메이플스토리,,,,medium
8027b09cd670eec5f3c9,업데이트 | 뉴스 | 메이플스토리,,,,medium
06b831271d5c63126430,업데이트 | 뉴스 | 메이플스토리,,,,medium
9904309b65d94c2584a0,업데이트 | 뉴스 | 메이플스토리,,,,medium
9d61f7093fb4439f4f3c,업데이트 | 뉴스 | 메이플스토리,,,,medium
a8c67926cbef5c8516df,업데이트 | 뉴스 | 메이플스토리,,,,medium
0bde277110d22d90cdcc,업데이트 | 뉴스 | 메이플스토리,,,,medium
33b28383457e59723733,업데이트 | 뉴스 | 메이플스토리,,,,medium
5e0040d816ea138b98ba,업데이트 | 뉴스 | 메이플스토리,,,,medium
dc756962fab0b58316a1,업데이트 | 뉴스 | 메이플스토리,,,,medium
934fc7ec9624d56c9f93,업데이트 | 뉴스 | 메이플스토리,,,,medium
11c4bfab9486094ef5b7,업데이트 | 뉴스 | 메이플스토리,,,,medium
62cc7e022e56b51b8151,업데이트 | 뉴스 | 메이플스토리,,,,medium
cd4a0676608d55241bc6,업데이트 | 뉴스 | 메이플스토리,,,,medium
67916f0c8711affd4382,업데이트 | 뉴스 | 메이플스토리,,,,medium
8777618358fb610f0f9f,업데이트 | 뉴스 | 메이플스토리,,,,medium
9562f05b3e98f20e275b,업데이트 | 뉴스 | 메이플스토리,,,,medium
eb3aeac75bd98ee873dd,업데이트 | 뉴스 | 메이플스토리,,,,medium
8981f578e693abda6fdc,업데이트 | 뉴스 | 메이플스토리,,,,medium
79adcfd2f0467727af58,업데이트 | 뉴스 | 메이플스토리,,,,medium
2b1312b52cc56d156e16,업데이트 | 뉴스 | 메이플스토리,,,,medium
2209aa904fde30d00ae4,업데이트 | 뉴스 | 메이플스토리,,,,medium
fb128ece0050b932c8a8,업데이트 | 뉴스 | 메이플스토리,,,,medium
07c0b12511e9d841959d,업데이트 | 뉴스 | 메이플스토리,,,,medium
6fa00bca8822ce967357,업데이트 | 뉴스 | 메이플스토리,,,,medium
18d1268a56103391a29a,업데이트 | 뉴스 | 메이플스토리,,,,medium
2eea507949c13a4086b6,업데이트 | 뉴스 | 메이플스토리,,,,medium
46a344cdd69efd51e615,업데이트 | 뉴스 | 메이플스토리,,,,medium
954a9dcac07d9e94bfa0,업데이트 | 뉴스 | 메이플스토리,,,,medium
4cf2f298f830d42e76fe,업데이트 | 뉴스 | 메이플스토리,,,,medium
f08ef9a42bce4531be21,업데이트 | 뉴스 | 메이플스토리,,,,medium
65c2824531e47a153909,업데이트 | 뉴스 | 메이플스토리,,,,medium
575e108a7029101d5a8b,업데이트 | 뉴스 | 메이플스토리,,,,medium
55d961ec9a70ea3ca33b,업데이트 | 뉴스 | 메이플스토리,,,,medium
f3323d2b35cb4151e3ec,업데이트 | 뉴스 | 메이플스토리,,,,medium
a07d4380188c828871c5,업데이트 | 뉴스 | 메이플스토리,,,,medium
99c4ade1e8ca4d2ad9fd,업데이트 | 뉴스 | 메이플스토리,,,,medium
94167172ea9ee74b8758,업데이트 | 뉴스 | 메이플스토리,,,,medium
203caddb0f57fd0e046b,업데이트 | 뉴스 | 메이플스토리,,,,medium
bec28f20f554902efa10,업데이트 | 뉴스 | 메이플스토리,,,,medium
1ea2992912bf298d35dc,업데이트 | 뉴스 | 메이플스토리,,,,medium
03522684f5a0083191d1,업데이트 | 뉴스 | 메이플스토리,,,,medium
1ab9c2298561bda74049,업데이트 | 뉴스 | 메이플스토리,,,,medium
96af45c3efd7e56cf1d6,업데이트 | 뉴스 | 메이플스토리,,,,medium
2a67b724410dd6c5ac07,업데이트 | 뉴스 | 메이플스토리,,,,medium
e1de84c924a75b5d0488,업데이트 | 뉴스 | 메이플스토리,,,,medium
2c1d21bcf377cf627d37,업데이트 | 뉴스 | 메이플스토리,,,,medium
7b68dfa47e788a09016e,업데이트 | 뉴스 | 메이플스토리,,,,medium
a37f43634b55a6dfd0fd,업데이트 | 뉴스 | 메이플스토리,,,,medium
1e399ca8565f76142bd3,업데이트 | 뉴스 | 메이플스토리,,,,medium
1e7e2c5f33dd000801b7,업데이트 | 뉴스 | 메이플스토리,,,,medium
65b47290ee318f2801e7,업데이트 | 뉴스 | 메이플스토리,,,,medium
b725567d19d52b14d40b,업데이트 | 뉴스 | 메이플스토리,,,,medium
13becfda584e26db7b62,업데이트 | 뉴스 | 메이플스토리,,,,medium
175733ec3fd8d2976fb7,업데이트 | 뉴스 | 메이플스토리,,,,medium
1bdbd23b7bb9b88db591,업데이트 | 뉴스 | 메이플스토리,,,,medium
bc108e4005464df96631,업데이트 | 뉴스 | 메이플스토리,,,,medium
59ec3419e2d2cf0c783d,업데이트 | 뉴스 | 메이플스토리,,,,medium
e4eca196564057c653fb,업데이트 | 뉴스 | 메이플스토리,,,,medium
413008e0a61787aa07ce,업데이트 | 뉴스 | 메이플스토리,,,,medium
8f84afd00da5467a6b4e,업데이트 | 뉴스 | 메이플스토리,,,,medium
61fbc9cae491ded15b9f,업데이트 | 뉴스 | 메이플스토리,,,,medium
676d5ba0441574163ba1,업데이트 | 뉴스 | 메이플스토리,,,,medium
b87694c1b9b6706b771b,업데이트 | 뉴스 | 메이플스토리,,,,medium
1265123000dc23066016,업데이트 | 뉴스 | 메이플스토리,,,,medium
80b427c509b058105cba,업데이트 | 뉴스 | 메이플스토리,,,,medium
b9e989ada15940f31329,업데이트 | 뉴스 | 메이플스토리,,,,medium
d5aa06b09851cf8fae34,업데이트 | 뉴스 | 메이플스토리,,,,medium
c15b8932278b02c01265,업데이트 | 뉴스 | 메이플스토리,,,,medium
a0509279e89d51384393,업데이트 | 뉴스 | 메이플스토리,,,,medium
d66397acbf904b85a098,업데이트 | 뉴스 | 메이플스토리,,,,medium
fa88441a5b948a224881,업데이트 | 뉴스 | 메이플스토리,,,,medium
e10c40bdcdf70009f838,업데이트 | 뉴스 | 메이플스토리,,,,medium
23abc6642a06c059231e,업데이트 | 뉴스 | 메이플스토리,,,,medium
971f57cf0ebdf96479fa,업데이트 | 뉴스 | 메이플스토리,,,,medium
abff807a55c6049198ba,업데이트 | 뉴스 | 메이플스토리,,,,medium
119cf1d0dfb594ab03c1,업데이트 | 뉴스 | 메이플스토리,,,,medium
4c67b9c42c8039300b3d,업데이트 | 뉴스 | 메이플스토리,,,,medium
27c232caa53c95acaea5,업데이트 | 뉴스 | 메이플스토리,,,,medium
e603326b4f425d8b21b4,업데이트 | 뉴스 | 메이플스토리,,,,medium
126a9ab53835feb7db57,업데이트 | 뉴스 | 메이플스토리,,,,medium
67f083c47c93bd1f5116,업데이트 | 뉴스 | 메이플스토리,,,,medium
f52dee5144a9b7078100,업데이트 | 뉴스 | 메이플스토리,,,,medium
020622eb38ae2e0bbbd5,업데이트 | 뉴스 | 메이플스토리,,,,medium
0bd9bfaacf72a98c61ae,업데이트 | 뉴스 | 메이플스토리,,,,medium
833af18c43974e435a39,업데이트 | 뉴스 | 메이플스토리,,,,medium
98935f6efec92c022c8a,업데이트 | 뉴스 | 메이플스토리,,,,medium
4bd6d89ea859f139c18e,업데이트 | 뉴스 | 메이플스토리,,,,medium
9a33128a16167d11805d,업데이트 | 뉴스 | 메이플스토리,,,,medium
6efc6c13d093fedde457,업데이트 | 뉴스 | 메이플스토리,,,,medium
df719f2cbf06a9fbc0a2,업데이트 | 뉴스 | 메이플스토리,,,,medium
2bb6cfdf0d338131067d,업데이트 | 뉴스 | 메이플스토리,,,,medium
352a4240ef64bd117240,업데이트 | 뉴스 | 메이플스토리,,,,medium
0cadcf32a7656928a443,업데이트 | 뉴스 | 메이플스토리,,,,medium
d611e6c4d2bc2b370aca,업데이트 | 뉴스 | 메이플스토리,,,,medium
060a1f19f057ced08a82,업데이트 | 뉴스 | 메이플스토리,,,,medium
081b968921038f40d0bd,업데이트 | 뉴스 | 메이플스토리,,,,medium
5ba0c641f761c48c2a77,업데이트 | 뉴스 | 메이플스토리,,,,medium
ec921dc5253b72a10e58,업데이트 | 뉴스 | 메이플스토리,,,,medium
083796bd3701e37214e6,업데이트 | 뉴스 | 메이플스토리,,,,medium
dc6d445bdb74ce4041eb,업데이트 | 뉴스 | 메이플스토리,,,,medium
e469085871472e96105c,업데이트 | 뉴스 | 메이플스토리,,,,medium
665533831aa89b34fd65,업데이트 | 뉴스 | 메이플스토리,,,,medium
a10cba83e3cabc8b4c6a,업데이트 | 뉴스 | 메이플스토리,,,,medium
d9c6078b0db6f462d984,업데이트 | 뉴스 | 메이플스토리,,,,medium
a45a489424f05e9bdfe2,업데이트 | 뉴스 | 메이플스토리,,,,medium
23660ba0fec6a83a5d40,업데이트 | 뉴스 | 메이플스토리,,,,medium
94f59b86df6eb8c4ce50,업데이트 | 뉴스 | 메이플스토리,,,,medium
c09a73109ca2196192fa,업데이트 | 뉴스 | 메이플스토리,,,,medium
4e3e637ff3f6bf442fc9,업데이트 | 뉴스 | 메이플스토리,,,,medium
af2665a0396a6ce64de7,업데이트 | 뉴스 | 메이플스토리,,,,medium
366c86e8ba48e1f1771f,업데이트 | 뉴스 | 메이플스토리,,,,medium
f584e156d940209a6c1b,업데이트 | 뉴스 | 메이플스토리,,,,medium
6911d54c0f1da972d400,업데이트 | 뉴스 | 메이플스토리,,,,medium
8217522b32b7a9e00eb7,업데이트 | 뉴스 | 메이플스토리,,,,medium
d14baa7f4f34f91702ed,업데이트 | 뉴스 | 메이플스토리,,,,medium
03ddfcecc6ce934e77f2,업데이트 | 뉴스 | 메이플스토리,,,,medium
ff00e78bab2c29b25d5d,업데이트 | 뉴스 | 메이플스토리,,,,medium
9da0db4a5052cd18d51a,업데이트 | 뉴스 | 메이플스토리,,,,medium
05fdc7574b6196f9a729,업데이트 | 뉴스 | 메이플스토리,,,,medium
332fba9026798bf8c276,업데이트 | 뉴스 | 메이플스토리,,,,medium
301021a6c53f60e0373d,업데이트 | 뉴스 | 메이플스토리,,,,medium
8930034a0ec2bb6b776c,업데이트 | 뉴스 | 메이플스토리,,,,medium
d6fda8e8d55c26a09ce9,업데이트 | 뉴스 | 메이플스토리,,,,medium
9492f537aac73a80971e,업데이트 | 뉴스 | 메이플스토리,,,,medium
9e1a67d220bc08c35f4c,업데이트 | 뉴스 | 메이플스토리,,,,medium
375054e413a8aaf346c7,업데이트 | 뉴스 | 메이플스토리,,,,medium
3ed09407450bb960996a,업데이트 | 뉴스 | 메이플스토리,,,,medium
c3db897dd0ff3908f918,업데이트 | 뉴스 | 메이플스토리,,,,medium
efc234ef03e40670b332,업데이트 | 뉴스 | 메이플스토리,,,,medium
2ecdae0a6f4f6d121af0,업데이트 | 뉴스 | 메이플스토리,,,,medium
6fe69f2f6136ce5b0c7c,업데이트 | 뉴스 | 메이플스토리,,,,medium
eb774981138f1fe196d7,업데이트 | 뉴스 | 메이플스토리,,,,medium
8fee0e84ee770bed4f9a,업데이트 | 뉴스 | 메이플스토리,,,,medium
5ba444772b31cb45f356,업데이트 | 뉴스 | 메이플스토리,,,,medium
3da5e45c5d78b2ed416e,업데이트 | 뉴스 | 메이플스토리,,,,medium
cb7b6d23d286960d7449,업데이트 | 뉴스 | 메이플스토리,,,,medium
b89bed443dab922cae9c,업데이트 | 뉴스 | 메이플스토리,,,,medium
99aea14b9819e79baa85,업데이트 | 뉴스 | 메이플스토리,,,,medium
bedc1de5b6d34612c407,업데이트 | 뉴스 | 메이플스토리,,,,medium
95a71786e3e504c8b8d6,업데이트 | 뉴스 | 메이플스토리,,,,medium
f87f8508a93c1f85dc92,업데이트 | 뉴스 | 메이플스토리,,,,medium
ea10b1b446b59ac39eeb,업데이트 | 뉴스 | 메이플스토리,,,,medium
0f4ca8c928013c9c7d54,업데이트 | 뉴스 | 메이플스토리,,,,medium
62e25a3aff0a86e1f1a1,업데이트 | 뉴스 | 메이플스토리,,,,medium
653de52343877dea1fb0,업데이트 | 뉴스 | 메이플스토리,,,,medium
1ccab8a631bd61fdb405,업데이트 | 뉴스 | 메이플스토리,,,,medium
58df1c09d0e73b319fc8,업데이트 | 뉴스 | 메이플스토리,,,,medium
91e216897e5c9955b51d,업데이트 | 뉴스 | 메이플스토리,,,,medium
318f2ede8632224b889d,업데이트 | 뉴스 | 메이플스토리,,,,medium
c8787fe5be0d7592e4fb,업데이트 | 뉴스 | 메이플스토리,,,,medium
81e55c250af7c7625bf2,업데이트 | 뉴스 | 메이플스토리,,,,medium
f8f84de8e2068532de9c,업데이트 | 뉴스 | 메이플스토리,,,,medium
1960ca966ee3883d6933,업데이트 | 뉴스 | 메이플스토리,,,,medium
672ab5565adfceb7a810,업데이트 | 뉴스 | 메이플스토리,,,,medium
dd080d921dba8e719689,업데이트 | 뉴스 | 메이플스토리,,,,medium
f9814d033a98dae920e2,업데이트 | 뉴스 | 메이플스토리,,,,medium
58dbdcbce12ec142bdd3,업데이트 | 뉴스 | 메이플스토리,,,,medium
8920d06f4f7b81f94c3e,업데이트 | 뉴스 | 메이플스토리,,,,medium
401969d43ead837ac8d5,업데이트 | 뉴스 | 메이플스토리,,,,medium
27451de769ceeceaaaf0,업데이트 | 뉴스 | 메이플스토리,,,,medium
72f05a283720ac8d681b,업데이트 | 뉴스 | 메이플스토리,,,,medium
eac4af3f97e16bedfa75,업데이트 | 뉴스 | 메이플스토리,,,,medium
754c9ce9753451f8c5b0,업데이트 | 뉴스 | 메이플스토리,,,,medium
4c197d9a9f2bf78453d8,업데이트 | 뉴스 | 메이플스토리,,,,medium
f5f12f24c4cddc595cb7,업데이트 | 뉴스 | 메이플스토리,,,,medium
58ecabe24428e2947c3d,업데이트 | 뉴스 | 메이플스토리,,,,medium
461d3838f98d0fa7a4d7,업데이트 | 뉴스 | 메이플스토리,,,,medium
13ea4c98df4f95c931f0,업데이트 | 뉴스 | 메이플스토리,,,,medium
95a34488ae2277e1b14c,업데이트 | 뉴스 | 메이플스토리,,,,medium
1aa7bf3070edab26f401,업데이트 | 뉴스 | 메이플스토리,,,,medium
06b215a1381a0a9113e3,업데이트 | 뉴스 | 메이플스토리,,,,medium
1062077cca07209af707,업데이트 | 뉴스 | 메이플스토리,,,,medium
e6439a1af65c54d583b6,업데이트 | 뉴스 | 메이플스토리,,,,medium
c6247e5faf2eec551944,업데이트 | 뉴스 | 메이플스토리,,,,medium
bcb3a4bfc12617eb9360,업데이트 | 뉴스 | 메이플스토리,,,,medium
1161a131826025c97a88,업데이트 | 뉴스 | 메이플스토리,,,,medium
e0985207a8d8c12156bd,업데이트 | 뉴스 | 메이플스토리,,,,medium
4567cedc48e2c11ebbec,업데이트 | 뉴스 | 메이플스토리,,,,medium
6ecb7aed2387c51ec496,업데이트 | 뉴스 | 메이플스토리,,,,medium
294d3875189f51089a2e,업데이트 | 뉴스 | 메이플스토리,,,,medium
6b32c41933613939a235,업데이트 | 뉴스 | 메이플스토리,,,,medium
6e8336c9d3c445bfc34d,업데이트 | 뉴스 | 메이플스토리,,,,medium
83db4ab9d84d8336c149,업데이트 | 뉴스 | 메이플스토리,,,,medium
3eb74ee236226eefecad,업데이트 | 뉴스 | 메이플스토리,,,,medium
efb0aa6cb86903b301b5,업데이트 | 뉴스 | 메이플스토리,,,,medium
3781f548d5dd592d7d85,업데이트 | 뉴스 | 메이플스토리,,,,medium
baeff6ee5fc1dd0ac2cd,업데이트 | 뉴스 | 메이플스토리,,,,medium
5be11c9534ce69a0658a,업데이트 | 뉴스 | 메이플스토리,,,,medium
f08d1a6bf75753a5417d,업데이트 | 뉴스 | 메이플스토리,,,,medium
5ca6b39490ecf163b033,업데이트 | 뉴스 | 메이플스토리,,,,medium
0dd9c536adde02c589d9,업데이트 | 뉴스 | 메이플스토리,,,,medium
061ece29dcf727e0fa70,업데이트 | 뉴스 | 메이플스토리,,,,medium
ad4a1312224a603927e8,업데이트 | 뉴스 | 메이플스토리,,,,medium
6af534309af44acb4062,업데이트 | 뉴스 | 메이플스토리,,,,medium
f586c13a3a1b3eb205f4,업데이트 | 뉴스 | 메이플스토리,,,,medium
ebe60a6eaed6e421dfbc,업데이트 | 뉴스 | 메이플스토리,,,,medium
aae745e0534f6c63fe15,업데이트 | 뉴스 | 메이플스토리,,,,medium
a1c8fb4fb7d139138d74,업데이트 | 뉴스 | 메이플스토리,,,,medium
8d0af5ae55d96892d073,업데이트 | 뉴스 | 메이플스토리,,,,medium
e17632869e00369985a4,업데이트 | 뉴스 | 메이플스토리,,,,medium
c675c1d474c7576c5d6d,업데이트 | 뉴스 | 메이플스토리,,,,medium
877279a0f3ba6bff2798,업데이트 | 뉴스 | 메이플스토리,,,,medium
9d7b107b1d40ecc14fac,업데이트 | 뉴스 | 메이플스토리,,,,medium
51290887ef27ac419fac,업데이트 | 뉴스 | 메이플스토리,,,,medium
7b7ec087263e3aef5812,업데이트 | 뉴스 | 메이플스토리,,,,medium
a1bd1cc47f53d048139c,업데이트 | 뉴스 | 메이플스토리,,,,medium
d892a9a8b0d3b152d9a2,업데이트 | 뉴스 | 메이플스토리,,,,medium
318a10a6352e7cdb89e3,업데이트 | 뉴스 | 메이플스토리,,,,medium
c1430d8eb373bf157ade,업데이트 | 뉴스 | 메이플스토리,,,,medium
6f8da34b2356bae11f7b,업데이트 | 뉴스 | 메이플스토리,,,,medium
5a7a3d8c08c5deaf32b1,업데이트 | 뉴스 | 메이플스토리,,,,medium
b63088fdbd85230608f9,업데이트 | 뉴스 | 메이플스토리,,,,medium
0da1d1e4d3358b8a5b5e,업데이트 | 뉴스 | 메이플스토리,,,,medium
02a1ad915429d310c6b4,업데이트 | 뉴스 | 메이플스토리,,,,medium
2359ed9726e129ce12ee,업데이트 | 뉴스 | 메이플스토리,,,,medium
edefb5081dcaced388d7,업데이트 | 뉴스 | 메이플스토리,,,,medium
7a56cf079fd2130195f5,업데이트 | 뉴스 | 메이플스토리,,,,medium
f0d6821703c227c92ff8,업데이트 | 뉴스 | 메이플스토리,,,,medium
c6ecfe5fbf1843330746,업데이트 | 뉴스 | 메이플스토리,,,,medium
fb3bfb42221c8789cd7b,업데이트 | 뉴스 | 메이플스토리,,,,medium
cc6f5f8a9282e034489b,업데이트 | 뉴스 | 메이플스토리,,,,medium
8fa6694f3a27665169dc,업데이트 | 뉴스 | 메이플스토리,,,,medium
d4e637997bee278a651f,업데이트 | 뉴스 | 메이플스토리,,,,medium
50313f51fbf05a18c757,업데이트 | 뉴스 | 메이플스토리,,,,medium
96daa922ba0114829d0a,업데이트 | 뉴스 | 메이플스토리,,,,medium
78f60413eda7f158d896,업데이트 | 뉴스 | 메이플스토리,,,,medium
d1348a2250284cb318db,업데이트 | 뉴스 | 메이플스토리,,,,medium
aee9eb49f09a62458a42,업데이트 | 뉴스 | 메이플스토리,,,,medium
62ee622288f053fe91ca,업데이트 | 뉴스 | 메이플스토리,,,,medium
ffb3414eb3328ca0bd26,업데이트 | 뉴스 | 메이플스토리,,,,medium
4ec7a854a65a3f47ebe8,업데이트 | 뉴스 | 메이플스토리,,,,medium
94f325a8c553438ef180,업데이트 | 뉴스 | 메이플스토리,,,,medium
a03a2f8ba6f1c44d60c4,업데이트 | 뉴스 | 메이플스토리,,,,medium
cf8ecf3ac71b5cb06ad9,업데이트 | 뉴스 | 메이플스토리,,,,medium
3d308780e42ce9d4c280,업데이트 | 뉴스 | 메이플스토리,,,,medium
6c879a9c7f85980d6c70,업데이트 | 뉴스 | 메이플스토리,,,,medium
a178f338ea788f0c639a,업데이트 | 뉴스 | 메이플스토리,,,,medium
01b6835c09a748d79017,업데이트 | 뉴스 | 메이플스토리,,,,medium
eda515103e78248065e9,업데이트 | 뉴스 | 메이플스토리,,,,medium
a3b9f8e13a1851c4aaeb,업데이트 | 뉴스 | 메이플스토리,,,,medium
3f628302d7c61acf1013,업데이트 | 뉴스 | 메이플스토리,,,,medium
1156dcfc21c39c633890,업데이트 | 뉴스 | 메이플스토리,,,,medium
90aa198204b3f7709ee4,업데이트 | 뉴스 | 메이플스토리,,,,medium
1bbbfd934a8a4b47b2dd,업데이트 | 뉴스 | 메이플스토리,,,,medium
6f3b1de7d5fd264e5d69,업데이트 | 뉴스 | 메이플스토리,,,,medium
2690b6658c644fa4c6e0,업데이트 | 뉴스 | 메이플스토리,,,,medium
3575bea0efc20bcb3904,업데이트 | 뉴스 | 메이플스토리,,,,medium
6560f8749dd163273b3a,업데이트 | 뉴스 | 메이플스토리,,,,medium
cc7ba22a801efd7dae4e,업데이트 | 뉴스 | 메이플스토리,,,,medium
44737af7a9281dff9f52,업데이트 | 뉴스 | 메이플스토리,,,,medium
00e6c474161f9fdc8bf5,업데이트 | 뉴스 | 메이플스토리,,,,medium
428e31ed2ffa87fe0e8e,업데이트 | 뉴스 | 메이플스토리,,,,medium
811fd3cb42346589f558,업데이트 | 뉴스 | 메이플스토리,,,,medium
1a466aff6757b4ec78ec,업데이트 | 뉴스 | 메이플스토리,,,,medium
f7c6e828dbe9fd50aa3c,업데이트 | 뉴스 | 메이플스토리,,,,medium
ddcd58a1c2be3e77ae22,업데이트 | 뉴스 | 메이플스토리,,,,medium
10a5cfca47f551b1a6f0,업데이트 | 뉴스 | 메이플스토리,,,,medium
78c42b23740ac457828e,업데이트 | 뉴스 | 메이플스토리,,,,medium
ecf63d3561f1984db4b2,업데이트 | 뉴스 | 메이플스토리,,,,medium
249ef55339093f66cf74,업데이트 | 뉴스 | 메이플스토리,,,,medium
3058e9e98b7f83ca730c,업데이트 | 뉴스 | 메이플스토리,,,,medium
fbd4cd955d742b6cc46b,업데이트 | 뉴스 | 메이플스토리,,,,medium
bcb97b1c2da49b87e663,업데이트 | 뉴스 | 메이플스토리,,,,medium
78fa13adb89e2fb913d7,업데이트 | 뉴스 | 메이플스토리,,,,medium
f48b3e2022fa5df2c8cd,업데이트 | 뉴스 | 메이플스토리,,,,medium
2f085c402bf171a938e2,업데이트 | 뉴스 | 메이플스토리,,,,medium
9a25be7b2fac588af02c,업데이트 | 뉴스 | 메이플스토리,,,,medium
966615e347957196f1e0,업데이트 | 뉴스 | 메이플스토리,,,,medium
3971c1cdc458d5650682,업데이트 | 뉴스 | 메이플스토리,,,,medium
2ff5b432791c9e774766,업데이트 | 뉴스 | 메이플스토리,,,,medium
e16dc9fae887f873759c,업데이트 | 뉴스 | 메이플스토리,,,,medium
07c1617866548f611272,업데이트 | 뉴스 | 메이플스토리,,,,medium
d4837b19b6150c0e4fb6,업데이트 | 뉴스 | 메이플스토리,,,,medium
8c2b95cf602306d70d7e,업데이트 | 뉴스 | 메이플스토리,,,,medium
ec23b2647b4d7a197637,업데이트 | 뉴스 | 메이플스토리,,,,medium
22919c1a24d594fe24a3,업데이트 | 뉴스 | 메이플스토리,,,,medium
ec6b67b1d4dfc9c6507d,업데이트 | 뉴스 | 메이플스토리,,,,medium
6261b9f6b1ebdf283fef,업데이트 | 뉴스 | 메이플스토리,,,,medium
a1a10546f4de2177563a,업데이트 | 뉴스 | 메이플스토리,,,,medium
b25c7207c9615e030a44,업데이트 | 뉴스 | 메이플스토리,,,,medium
7efaf9183f190393700d,업데이트 | 뉴스 | 메이플스토리,,,,medium
1f80b2bb659a21a88ce3,업데이트 | 뉴스 | 메이플스토리,,,,medium
9e2528dc709fc3033211,업데이트 | 뉴스 | 메이플스토리,,,,medium
972130b838e3593421a2,업데이트 | 뉴스 | 메이플스토리,,,,medium
f4ae4f0f71be3fd669c1,업데이트 | 뉴스 | 메이플스토리,,,,medium
86e203e486bdcccbd6f6,업데이트 | 뉴스 | 메이플스토리,,,,medium
50e7913ff7484650d04b,업데이트 | 뉴스 | 메이플스토리,,,,medium
97161d9e613e33f2305b,업데이트 | 뉴스 | 메이플스토리,,,,medium
9568f43a45b86809c8c4,업데이트 | 뉴스 | 메이플스토리,,,,medium
a672056bebd2709e2cd4,업데이트 | 뉴스 | 메이플스토리,,,,medium
5990a1779da61b81d94e,업데이트 | 뉴스 | 메이플스토리,,,,medium
9b0192ed4b48e08dca78,업데이트 | 뉴스 | 메이플스토리,,,,medium
75cc0aa2018e0fa4b721,업데이트 | 뉴스 | 메이플스토리,,,,medium
90235233c54950334f2c,업데이트 | 뉴스 | 메이플스토리,,,,medium
221aff8f52ad38a623bf,업데이트 | 뉴스 | 메이플스토리,,,,medium
775cfc8c93aa467ea9fe,업데이트 | 뉴스 | 메이플스토리,,,,medium
3de3306b9cd913f7daa5,업데이트 | 뉴스 | 메이플스토리,,,,medium
d0b42b770c42bf5de986,업데이트 | 뉴스 | 메이플스토리,,,,medium
9737642a4919956a6c72,업데이트 | 뉴스 | 메이플스토리,,,,medium
6bc77f1c7846a2c8dcbc,업데이트 | 뉴스 | 메이플스토리,,,,medium
c99e3f8ebbc8003ba412,업데이트 | 뉴스 | 메이플스토리,,,,medium
34a450978a42f204d71f,업데이트 | 뉴스 | 메이플스토리,,,,medium
f20bbd6312df33e6fccd,업데이트 | 뉴스 | 메이플스토리,,,,medium
162a0d310e5faf828ac7,업데이트 | 뉴스 | 메이플스토리,,,,medium
f3a4400a9a0e6feeecef,업데이트 | 뉴스 | 메이플스토리,,,,medium
26e4bdff07997a7c1beb,업데이트 | 뉴스 | 메이플스토리,,,,medium
b1680ef62d2c05416426,업데이트 | 뉴스 | 메이플스토리,,,,medium
1ece6330bbc9cdc8e28b,업데이트 | 뉴스 | 메이플스토리,,,,medium
1852d48a26676a5a6c79,업데이트 | 뉴스 | 메이플스토리,,,,medium
0ce4dcd8a9818c6c131f,업데이트 | 뉴스 | 메이플스토리,,,,medium
ee93132133acea5ef4bc,업데이트 | 뉴스 | 메이플스토리,,,,medium
281a6401da03c26f929c,업데이트 | 뉴스 | 메이플스토리,,,,medium
60cfbeebbcc8409ab023,업데이트 | 뉴스 | 메이플스토리,,,,medium
937d141cb525c214018f,업데이트 | 뉴스 | 메이플스토리,,,,medium
e4e3d8f93a68378f592f,업데이트 | 뉴스 | 메이플스토리,,,,medium
979d74650aad9b2c304d,업데이트 | 뉴스 | 메이플스토리,,,,medium
29480bb7def110c62cfc,업데이트 | 뉴스 | 메이플스토리,,,,medium
7f66e094b5a920a574da,업데이트 | 뉴스 | 메이플스토리,,,,medium
71fdea0b9e9f5c78f43e,업데이트 | 뉴스 | 메이플스토리,,,,medium
6d8a2b6461f5b49bf597,업데이트 | 뉴스 | 메이플스토리,,,,medium
ab9226c267e0b53bc3f2,업데이트 | 뉴스 | 메이플스토리,,,,medium
43127e6e8f0785a9d5fd,업데이트 | 뉴스 | 메이플스토리,,,,medium
a826932117b2ba6944eb,업데이트 | 뉴스 | 메이플스토리,,,,medium
ac1992405a7dc77aca61,업데이트 | 뉴스 | 메이플스토리,,,,medium
3ba18822e66c8b1b760a,업데이트 | 뉴스 | 메이플스토리,,,,medium
15d28a3724fee6f32075,업데이트 | 뉴스 | 메이플스토리,,,,medium
1a9a2e7bb01598e2ab49,업데이트 | 뉴스 | 메이플스토리,,,,medium
244a0be6b7f602e31231,업데이트 | 뉴스 | 메이플스토리,,,,medium
8d4cf5aa173df9421656,업데이트 | 뉴스 | 메이플스토리,,,,medium
c4810bb0c8c6d42af587,업데이트 | 뉴스 | 메이플스토리,,,,medium
77eea6852a8d8f3f80a0,업데이트 | 뉴스 | 메이플스토리,,,,medium
838fec5b94fc2abbd22b,업데이트 | 뉴스 | 메이플스토리,,,,medium
be7f9a4d5eddc61aa953,업데이트 | 뉴스 | 메이플스토리,,,,medium
b6d772d6388cc251068a,업데이트 | 뉴스 | 메이플스토리,,,,medium
f7ba21a53d1e5928c983,업데이트 | 뉴스 | 메이플스토리,,,,medium
70dc57d998d62c5a5f3e,업데이트 | 뉴스 | 메이플스토리,,,,medium
4afe80df249eb840d3ea,업데이트 | 뉴스 | 메이플스토리,,,,medium
84e088226b6e3f852974,업데이트 | 뉴스 | 메이플스토리,,,,medium
dbfc185a23642df83519,업데이트 | 뉴스 | 메이플스토리,,,,medium
4441dc623cf829465e39,업데이트 | 뉴스 | 메이플스토리,,,,medium
3636504b9c4a3493c65e,업데이트 | 뉴스 | 메이플스토리,,,,medium
3a4c78581017a7b3d8bc,업데이트 | 뉴스 | 메이플스토리,,,,medium
20630ee7b66df05c7cac,업데이트 | 뉴스 | 메이플스토리,,,,medium
060e10dd29e67a66be97,업데이트 | 뉴스 | 메이플스토리,,,,medium
dcc3c2f98c3424b1d9fd,업데이트 | 뉴스 | 메이플스토리,,,,medium
fc9f20ee0e56cf5eecf2,업데이트 | 뉴스 | 메이플스토리,,,,medium
a039a4fdfc1e9af4e51e,업데이트 | 뉴스 | 메이플스토리,,,,medium
08d0473f5e7d281f37a0,업데이트 | 뉴스 | 메이플스토리,,,,medium
aa5addd8a159d113ebc5,업데이트 | 뉴스 | 메이플스토리,,,,medium
b7aa953731e9c3fdc713,업데이트 | 뉴스 | 메이플스토리,,,,medium
6d2fa395245813e769b0,업데이트 | 뉴스 | 메이플스토리,,,,medium
adeca2611743d1955b0d,업데이트 | 뉴스 | 메이플스토리,,,,medium
c301b3026e536e345720,업데이트 | 뉴스 | 메이플스토리,,,,medium
316416631d6e974037e5,업데이트 | 뉴스 | 메이플스토리,,,,medium
228672a897eb5bc44181,업데이트 | 뉴스 | 메이플스토리,,,,medium
495c3d2ecde70fa7fdad,업데이트 | 뉴스 | 메이플스토리,,,,medium
f048709fcc7b3cb214c3,업데이트 | 뉴스 | 메이플스토리,,,,medium
5a8f06881ef555f382e6,업데이트 | 뉴스 | 메이플스토리,,,,medium
f20af158060af518dc30,업데이트 | 뉴스 | 메이플스토리,,,,medium
6d15973df3a1c4fe17be,업데이트 | 뉴스 | 메이플스토리,,,,medium
ba1d13e8946c09c54732,업데이트 | 뉴스 | 메이플스토리,,,,medium
2b7246bffc9dff32c059,업데이트 | 뉴스 | 메이플스토리,,,,medium
ff62ccae6a0f676a4532,업데이트 | 뉴스 | 메이플스토리,,,,medium
82f472f5ad15ae46fe03,업데이트 | 뉴스 | 메이플스토리,,,,medium
7c8313451904525c2648,업데이트 | 뉴스 | 메이플스토리,,,,medium
d1a4a5dcfea104903e61,업데이트 | 뉴스 | 메이플스토리,,,,medium
783f77384694ee8be87e,업데이트 | 뉴스 | 메이플스토리,,,,medium
c91457331172acc3fb40,업데이트 | 뉴스 | 메이플스토리,,,,medium
cacb201558fcd71ee44a,업데이트 | 뉴스 | 메이플스토리,,,,medium
2617384328c730414399,업데이트 | 뉴스 | 메이플스토리,,,,medium
931e2fc1ac616b3fbbd1,업데이트 | 뉴스 | 메이플스토리,,,,medium
0107757138d53d707b9f,업데이트 | 뉴스 | 메이플스토리,,,,medium
2ffc41848080f2ba992e,업데이트 | 뉴스 | 메이플스토리,,,,medium
32faae41df406b2fe5a2,업데이트 | 뉴스 | 메이플스토리,,,,medium
d636275697b31b40281d,업데이트 | 뉴스 | 메이플스토리,,,,medium
c9421ecf8bfde1616687,업데이트 | 뉴스 | 메이플스토리,,,,medium
6cd940da694810e3b12e,업데이트 | 뉴스 | 메이플스토리,,,,medium
1383856ad7fe72e736fb,업데이트 | 뉴스 | 메이플스토리,,,,medium
a1887abfdd65ee50c767,업데이트 | 뉴스 | 메이플스토리,,,,medium
01bb6fdb6017559ba28e,업데이트 | 뉴스 | 메이플스토리,,,,medium
d0d19d9486ea0f093122,업데이트 | 뉴스 | 메이플스토리,,,,medium
b55efd664187cfac2fa9,업데이트 | 뉴스 | 메이플스토리,,,,medium
d47c4fc07fb294e8cce2,업데이트 | 뉴스 | 메이플스토리,,,,medium
b82ffadeba761af285ba,업데이트 | 뉴스 | 메이플스토리,,,,medium
d0e94c6532cb3545da9b,업데이트 | 뉴스 | 메이플스토리,,,,medium
f1a383e2b455f27a38a1,업데이트 | 뉴스 | 메이플스토리,,,,medium
c72ee4cad769480b4b35,업데이트 | 뉴스 | 메이플스토리,,,,medium
bbfb9ac535996dd28847,업데이트 | 뉴스 | 메이플스토리,,,,medium
5a720b5286f4236350a9,업데이트 | 뉴스 | 메이플스토리,,,,medium
9a652e825d0531d48798,업데이트 | 뉴스 | 메이플스토리,,,,medium
bad0866a881cc39c29f5,업데이트 | 뉴스 | 메이플스토리,,,,medium
1564fe28be937c97359d,업데이트 | 뉴스 | 메이플스토리,,,,medium
ab25bb86239fef3ee0d1,업데이트 | 뉴스 | 메이플스토리,,,,medium
d659fc977e4163f7cdad,업데이트 | 뉴스 | 메이플스토리,,,,medium
3fcc505aa02650623d55,업데이트 | 뉴스 | 메이플스토리,,,,medium
9e7c5395ccbb0fd8198f,업데이트 | 뉴스 | 메이플스토리,,,,medium
25334a62596b229bb904,업데이트 | 뉴스 | 메이플스토리,,,,medium
4f8efdb3b7b36c838570,업데이트 | 뉴스 | 메이플스토리,,,,medium
0b67c585aec42e35e47e,업데이트 | 뉴스 | 메이플스토리,,,,medium
dc26464be54833e9dcd3,업데이트 | 뉴스 | 메이플스토리,,,,medium
ccfd75e926e1fd3927c8,업데이트 | 뉴스 | 메이플스토리,,,,medium
e4ab16543c6234a30ea7,업데이트 | 뉴스 | 메이플스토리,,,,medium
287a31dd4dc0f794cda6,업데이트 | 뉴스 | 메이플스토리,,,,medium
f3465ce537d0c57a4c36,업데이트 | 뉴스 | 메이플스토리,,,,medium
103d408eb0dd726cd4b2,업데이트 | 뉴스 | 메이플스토리,,,,medium
e608bdd23182b31399cb,업데이트 | 뉴스 | 메이플스토리,,,,medium
1bb5f5f26da0c5215abe,업데이트 | 뉴스 | 메이플스토리,,,,medium
ee955b9db619a7f1ad50,업데이트 | 뉴스 | 메이플스토리,,,,medium
cee7640fbb7a940864a6,업데이트 | 뉴스 | 메이플스토리,,,,medium
016ee02f8ae58b914149,업데이트 | 뉴스 | 메이플스토리,,,,medium
ffe3ca8ba5f4fbe5178f,업데이트 | 뉴스 | 메이플스토리,,,,medium
a68255e176eb5d13374e,업데이트 | 뉴스 | 메이플스토리,,,,medium
c2ddf420c973fa823a40,업데이트 | 뉴스 | 메이플스토리,,,,medium
47993169d4223492f065,업데이트 | 뉴스 | 메이플스토리,,,,medium
1e2a60e4151629e96231,업데이트 | 뉴스 | 메이플스토리,,,,medium
c9a42ec8c6de1a5a8a31,업데이트 | 뉴스 | 메이플스토리,,,,medium
ed2193cc847282f23a09,업데이트 | 뉴스 | 메이플스토리,,,,medium
27c4366620b8873ed46b,업데이트 | 뉴스 | 메이플스토리,,,,medium
b5ee2fdca38ad40e1edc,업데이트 | 뉴스 | 메이플스토리,,,,medium
acd39012c8086f62bbae,업데이트 | 뉴스 | 메이플스토리,,,,medium
c00a54fb1221ed4964c6,업데이트 | 뉴스 | 메이플스토리,,,,medium
f738c3f3412fd6bc645f,업데이트 | 뉴스 | 메이플스토리,,,,medium
b6e6a56afa13eaf22614,업데이트 | 뉴스 | 메이플스토리,,,,medium
6563b4debcd0017e3ada,업데이트 | 뉴스 | 메이플스토리,,,,medium
1f2bee36e0b0f3a9b42f,업데이트 | 뉴스 | 메이플스토리,,,,medium
8a6165e87d71d7826708,업데이트 | 뉴스 | 메이플스토리,,,,medium
1923871025582e1fb7a8,업데이트 | 뉴스 | 메이플스토리,,,,medium
7c2205f42a9ceebdb53f,업데이트 | 뉴스 | 메이플스토리,,,,medium
7c52a3b0bfc766759a80,업데이트 | 뉴스 | 메이플스토리,,,,medium
876f174d26f62b9e9715,업데이트 | 뉴스 | 메이플스토리,,,,medium
6600dec07dd41a7c1dc4,업데이트 | 뉴스 | 메이플스토리,,,,medium
7ba2b4f2ea02a35580d8,업데이트 | 뉴스 | 메이플스토리,,,,medium
1b91ba71d3386b1d7fff,업데이트 | 뉴스 | 메이플스토리,,,,medium
2ac9539aa389f696d8f8,업데이트 | 뉴스 | 메이플스토리,,,,medium
3fbd96787c99ded8e15c,업데이트 | 뉴스 | 메이플스토리,,,,medium
c65db217e048e129345b,업데이트 | 뉴스 | 메이플스토리,,,,medium
6c9f9458dd2ce98601fd,업데이트 | 뉴스 | 메이플스토리,,,,medium
2c829ef819ad9972176c,업데이트 | 뉴스 | 메이플스토리,,,,medium
0f9a088913732458e04a,업데이트 | 뉴스 | 메이플스토리,,,,medium
dc3ef0d2ea3c35309dcc,업데이트 | 뉴스 | 메이플스토리,,,,medium
cb6dd05846cb7c754ab5,업데이트 | 뉴스 | 메이플스토리,,,,medium
1ba02187d186fccccc75,업데이트 | 뉴스 | 메이플스토리,,,,medium
69c42c7843562549cfcd,업데이트 | 뉴스 | 메이플스토리,,,,medium
cc15ea1226706ab70f5a,업데이트 | 뉴스 | 메이플스토리,,,,medium
0f07cacb07a2d89b8d86,업데이트 | 뉴스 | 메이플스토리,,,,medium
4607b50a4475c5211a9f,업데이트 | 뉴스 | 메이플스토리,,,,medium
0409c4bf85244474d1d9,업데이트 | 뉴스 | 메이플스토리,,,,medium
96a4d8d78c8a90de707a,업데이트 | 뉴스 | 메이플스토리,,,,medium
45902f1fbd1b4143fb46,업데이트 | 뉴스 | 메이플스토리,,,,medium
ae6104b4513b8b7e6389,업데이트 | 뉴스 | 메이플스토리,,,,medium
86d66ae7971727146f9a,업데이트 | 뉴스 | 메이플스토리,,,,medium
5ac387b2455ef349f3f7,업데이트 | 뉴스 | 메이플스토리,,,,medium
c2fb3cb899f6c0eff682,업데이트 | 뉴스 | 메이플스토리,,,,medium
5c4e53a3e985622f0c4a,업데이트 | 뉴스 | 메이플스토리,,,,medium
89ceb18e77d256e82bbb,업데이트 | 뉴스 | 메이플스토리,,,,medium
d17dcdd41b33d5facc99,업데이트 | 뉴스 | 메이플스토리,,,,medium
d3670e86fa10155afbe6,업데이트 | 뉴스 | 메이플스토리,,,,medium
b47fb17a0d15f74da54d,업데이트 | 뉴스 | 메이플스토리,,,,medium
16deb8520dabb45031d1,업데이트 | 뉴스 | 메이플스토리,,,,medium
613d28bbe48d35ecd806,업데이트 | 뉴스 | 메이플스토리,,,,medium
d798099b071d5d4024e6,업데이트 | 뉴스 | 메이플스토리,,,,medium
72902e316f460717ac39,업데이트 | 뉴스 | 메이플스토리,,,,medium
da45efc0b433ff7afb8e,업데이트 | 뉴스 | 메이플스토리,,,,medium
758c5b2f7a7602e01d05,업데이트 | 뉴스 | 메이플스토리,,,,medium
c48a41957d63c21d20b5,업데이트 | 뉴스 | 메이플스토리,,,,medium
66a532064050aca5e772,업데이트 | 뉴스 | 메이플스토리,,,,medium
17bebfa6ccef0b6e1002,업데이트 | 뉴스 | 메이플스토리,,,,medium
e3f0b4511d71d05be7fc,업데이트 | 뉴스 | 메이플스토리,,,,medium
0e21a2eb603d2b5535df,업데이트 | 뉴스 | 메이플스토리,,,,medium
5effdecd673f88bc3286,업데이트 | 뉴스 | 메이플스토리,,,,medium
e09ed2431775d2c07573,업데이트 | 뉴스 | 메이플스토리,,,,medium
db61086518494161c732,업데이트 | 뉴스 | 메이플스토리,,,,medium
5b9f1fb77870474f1206,업데이트 | 뉴스 | 메이플스토리,,,,medium
f4a1863e0d675d017e9e,업데이트 | 뉴스 | 메이플스토리,,,,medium
7b7ceeaa840c3940e127,업데이트 | 뉴스 | 메이플스토리,,,,medium
e07348a7723f900bb676,업데이트 | 뉴스 | 메이플스토리,,,,medium
2300df5cbfef25602d51,업데이트 | 뉴스 | 메이플스토리,,,,medium
6ddba1e5ee4dd0d60073,업데이트 | 뉴스 | 메이플스토리,,,,medium
33549111a86b8f5c602d,업데이트 | 뉴스 | 메이플스토리,,,,medium
5cbf4c5cd1125e76dbda,업데이트 | 뉴스 | 메이플스토리,,,,medium
8d6ebd6f1eab6f60569a,업데이트 | 뉴스 | 메이플스토리,,,,medium
42d9a333b5c6a53c86d1,업데이트 | 뉴스 | 메이플스토리,,,,medium
00f99ca9b73c34fe18ad,업데이트 | 뉴스 | 메이플스토리,,,,medium
a8d1d87fbd849f14b0ff,업데이트 | 뉴스 | 메이플스토리,,,,medium
ce4bc34c16446cd93f5c,업데이트 | 뉴스 | 메이플스토리,,,,medium
a13c62b2ce92066896fa,업데이트 | 뉴스 | 메이플스토리,,,,medium
f996cf780d29449645ed,업데이트 | 뉴스 | 메이플스토리,,,,medium
a24c6c3f243b66aaebd2,업데이트 | 뉴스 | 메이플스토리,,,,medium
61ec8625785253679973,업데이트 | 뉴스 | 메이플스토리,,,,medium
7489a6882218fdc57dd5,업데이트 | 뉴스 | 메이플스토리,,,,medium
8b1c35b4a55fa1a2b406,업데이트 | 뉴스 | 메이플스토리,,,,medium
62ea53bfb6c4e31acb85,업데이트 | 뉴스 | 메이플스토리,,,,medium
f5bd32a5102a809820a5,업데이트 | 뉴스 | 메이플스토리,,,,medium
6d6b3d3e01adac7eed80,업데이트 | 뉴스 | 메이플스토리,,,,medium
1ba9286281c59db168e8,업데이트 | 뉴스 | 메이플스토리,,,,medium
8a7f19bdae937d96d258,업데이트 | 뉴스 | 메이플스토리,,,,medium
fb7ec4197695f06ff893,업데이트 | 뉴스 | 메이플스토리,,,,medium
999bdd22191def5a607c,업데이트 | 뉴스 | 메이플스토리,,,,medium
398f9204616f14da1420,업데이트 | 뉴스 | 메이플스토리,,,,medium
9bd970fbeb044c1c0a54,업데이트 | 뉴스 | 메이플스토리,,,,medium
770160595876a231924d,업데이트 | 뉴스 | 메이플스토리,,,,medium
45e3948367839db62623,업데이트 | 뉴스 | 메이플스토리,,,,medium
43b5b19f39fd5f18d318,업데이트 | 뉴스 | 메이플스토리,,,,medium
f8d64ff48ace226b535a,업데이트 | 뉴스 | 메이플스토리,,,,medium
95070ba5eeb959eb7d63,업데이트 | 뉴스 | 메이플스토리,,,,medium
940a30903ebcb243a4f8,업데이트 | 뉴스 | 메이플스토리,,,,medium
2055f1f0732a351e1a8f,업데이트 | 뉴스 | 메이플스토리,,,,medium
4011575f81447d214ce8,업데이트 | 뉴스 | 메이플스토리,,,,medium
f31c6983dce4eda02b85,업데이트 | 뉴스 | 메이플스토리,,,,medium
4bc96dc1fbb69e4db054,업데이트 | 뉴스 | 메이플스토리,,,,medium
ce821942a8c1d3c8a7b7,업데이트 | 뉴스 | 메이플스토리,,,,medium
94ad58940640d6330459,업데이트 | 뉴스 | 메이플스토리,,,,medium
b736bfa0e9a48bc4488f,업데이트 | 뉴스 | 메이플스토리,,,,medium
6dc4f40ddca1be2dc3e7,업데이트 | 뉴스 | 메이플스토리,,,,medium
a8a0cd826d23785c39e1,업데이트 | 뉴스 | 메이플스토리,,,,medium
d3d63f396af4a99ab1fc,업데이트 | 뉴스 | 메이플스토리,,,,medium
3317890f226ba2fd8048,업데이트 | 뉴스 | 메이플스토리,,,,medium
7e86a34482879067d184,업데이트 | 뉴스 | 메이플스토리,,,,medium
c6c9a447f6cdf71f65e1,업데이트 | 뉴스 | 메이플스토리,,,,medium
1ad62cbefabe4772d23d,업데이트 | 뉴스 | 메이플스토리,,,,medium
0732bacba4f42fc4328b,업데이트 | 뉴스 | 메이플스토리,,,,medium
ffa7ff9514c9cd78022e,업데이트 | 뉴스 | 메이플스토리,,,,medium
024d604b99ba01463a77,업데이트 | 뉴스 | 메이플스토리,,,,medium
15d5f4f0d8309823345e,업데이트 | 뉴스 | 메이플스토리,,,,medium
83bfc68fe3cdf280a40e,업데이트 | 뉴스 | 메이플스토리,,,,medium
dddb742663f5513eca32,업데이트 | 뉴스 | 메이플스토리,,,,medium
f09c60ec2d7a4cbb09b7,업데이트 | 뉴스 | 메이플스토리,,,,medium
798405a68aca9eb80cc8,업데이트 | 뉴스 | 메이플스토리,,,,medium
557cb9c856a15ee150a9,업데이트 | 뉴스 | 메이플스토리,,,,medium
292d46c815a2082ff46d,업데이트 | 뉴스 | 메이플스토리,,,,medium
c9d446caa88f52f08113,업데이트 | 뉴스 | 메이플스토리,,,,medium
7e8bca6952a320137fec,업데이트 | 뉴스 | 메이플스토리,,,,medium
ccd10c6ffda9971ac1f7,업데이트 | 뉴스 | 메이플스토리,,,,medium
56a2d8449009745d488a,업데이트 | 뉴스 | 메이플스토리,,,,medium
0caead9723e930cd4853,업데이트 | 뉴스 | 메이플스토리,,,,medium
d45ad885d4486cb0d16d,업데이트 | 뉴스 | 메이플스토리,,,,medium
9e4337fd95c608d26d35,업데이트 | 뉴스 | 메이플스토리,,,,medium
6ce138f5935c54046f94,업데이트 | 뉴스 | 메이플스토리,,,,medium
14646a1a0d80636dc59b,업데이트 | 뉴스 | 메이플스토리,,,,medium
6a0e4694572537dc74be,업데이트 | 뉴스 | 메이플스토리,,,,medium
55317b143d6716f92f2d,업데이트 | 뉴스 | 메이플스토리,,,,medium
e406dd4b8fbebdb00a31,업데이트 | 뉴스 | 메이플스토리,,,,medium
e82f217dcbe7357005cd,업데이트 | 뉴스 | 메이플스토리,,,,medium
13a0eea333bd946ddf08,업데이트 | 뉴스 | 메이플스토리,,,,medium
648b379fcf13bb4d5540,업데이트 | 뉴스 | 메이플스토리,,,,medium
8dc615c8653283175ebc,업데이트 | 뉴스 | 메이플스토리,,,,medium
0adbc378e26a51eaea75,업데이트 | 뉴스 | 메이플스토리,,,,medium
3c8495e5287d8356e169,업데이트 | 뉴스 | 메이플스토리,,,,medium
9a02e8a6af7b3e121f25,업데이트 | 뉴스 | 메이플스토리,,,,medium
a65041dc5f7c723f9566,업데이트 | 뉴스 | 메이플스토리,,,,medium
816ba09ac59912c743ba,업데이트 | 뉴스 | 메이플스토리,,,,medium
f187c41755b7a331a7dd,업데이트 | 뉴스 | 메이플스토리,,,,medium
a30da1c655d723cb4118,업데이트 | 뉴스 | 메이플스토리,,,,medium
8a11a7e0c2bc26220dd9,업데이트 | 뉴스 | 메이플스토리,,,,medium
de738c198bfdaec33607,업데이트 | 뉴스 | 메이플스토리,,,,medium
afa4ade2d365b2805614,업데이트 | 뉴스 | 메이플스토리,,,,medium
2ab61414cf93fb624050,업데이트 | 뉴스 | 메이플스토리,,,,medium
9ba66cbf9095fd9e0ae9,업데이트 | 뉴스 | 메이플스토리,,,,medium
8b2568148940b945c06a,업데이트 | 뉴스 | 메이플스토리,,,,medium
f7f4eb5bb8db44befc62,업데이트 | 뉴스 | 메이플스토리,,,,medium
41ba8bb86e3821ab7ada,업데이트 | 뉴스 | 메이플스토리,,,,medium
3755c3a9db088a947a67,업데이트 | 뉴스 | 메이플스토리,,,,medium
23d73bbd3a102501bcba,업데이트 | 뉴스 | 메이플스토리,,,,medium
aa2cac39149fbbfd6d69,업데이트 | 뉴스 | 메이플스토리,,,,medium
8d6eec131272ef00823f,업데이트 | 뉴스 | 메이플스토리,,,,medium
d678e3ca420a70a4d235,업데이트 | 뉴스 | 메이플스토리,,,,medium
79907eed6e5f90b2108a,업데이트 | 뉴스 | 메이플스토리,,,,medium
f6e69dbb16987dd96ba9,업데이트 | 뉴스 | 메이플스토리,,,,medium
83cb4c67ebfaf306eb6d,업데이트 | 뉴스 | 메이플스토리,,,,medium
dc4d536819033b4d4d45,업데이트 | 뉴스 | 메이플스토리,,,,medium
b8cbed444ab1e1133751,업데이트 | 뉴스 | 메이플스토리,,,,medium
9c4a86db50a30e6e9ac7,업데이트 | 뉴스 | 메이플스토리,,,,medium
b36ebeaa51de6dda781d,업데이트 | 뉴스 | 메이플스토리,,,,medium
f9513e752a4cec9dec84,업데이트 | 뉴스 | 메이플스토리,,,,medium
44bf7f3857ed75025f75,업데이트 | 뉴스 | 메이플스토리,,,,medium
0934ea7aba341563df4d,업데이트 | 뉴스 | 메이플스토리,,,,medium
853c66d86db2a530bc2c,업데이트 | 뉴스 | 메이플스토리,,,,medium
b5885c33f3fbde6abf95,업데이트 | 뉴스 | 메이플스토리,,,,medium
f2b6b6105cf8978b698c,업데이트 | 뉴스 | 메이플스토리,,,,medium
54aae948f08960c697b1,업데이트 | 뉴스 | 메이플스토리,,,,medium
c9b13e749d0a0bfa2d5f,업데이트 | 뉴스 | 메이플스토리,,,,medium
0421413d8f65b8db7c42,업데이트 | 뉴스 | 메이플스토리,,,,medium
e197c6cfed7390b00b05,업데이트 | 뉴스 | 메이플스토리,,,,medium
122768c6d49c4e86e368,업데이트 | 뉴스 | 메이플스토리,,,,medium
51f402ea11aee5318718,업데이트 | 뉴스 | 메이플스토리,,,,medium
a0dae06f93d955c7aba5,업데이트 | 뉴스 | 메이플스토리,,,,medium
5ae2cf564a1f38d6703a,업데이트 | 뉴스 | 메이플스토리,,,,medium
286fad291deca5b70141,업데이트 | 뉴스 | 메이플스토리,,,,medium
f661b3c6551e96e803e8,업데이트 | 뉴스 | 메이플스토리,,,,medium
6c04e0f7ca3117016a09,업데이트 | 뉴스 | 메이플스토리,,,,medium
8faf99e40eda52e53589,업데이트 | 뉴스 | 메이플스토리,,,,medium
db25758727c5fba8e3fe,업데이트 | 뉴스 | 메이플스토리,,,,medium
be1eb957f79dd7596455,업데이트 | 뉴스 | 메이플스토리,,,,medium
355a6e3307832ff5423e,업데이트 | 뉴스 | 메이플스토리,,,,medium
46b10c0c7072f381989d,업데이트 | 뉴스 | 메이플스토리,,,,medium
dd9994c6cc831c8bdb06,업데이트 | 뉴스 | 메이플스토리,,,,medium
e2ab9a661bd703a27382,업데이트 | 뉴스 | 메이플스토리,,,,medium
275b1daa7e3e953a579a,업데이트 | 뉴스 | 메이플스토리,,,,medium
f5a2067ce30683b919d6,업데이트 | 뉴스 | 메이플스토리,,,,medium
dd2caa30203aeb874c1c,업데이트 | 뉴스 | 메이플스토리,,,,medium
76e38e0b71177aec7f08,업데이트 | 뉴스 | 메이플스토리,,,,medium
3719b2bc2fdc81f3ac54,업데이트 | 뉴스 | 메이플스토리,,,,medium
c2f1f53e742c3ef439b8,업데이트 | 뉴스 | 메이플스토리,,,,medium
fddd183bcfe34bf583a6,업데이트 | 뉴스 | 메이플스토리,,,,medium
eda37be264def08d2a30,업데이트 | 뉴스 | 메이플스토리,,,,medium
9d725865cb23d1fa83b0,업데이트 | 뉴스 | 메이플스토리,,,,medium
47f301ef6f57a2baf02b,업데이트 | 뉴스 | 메이플스토리,,,,medium
217b1adbc5f0d49e3750,업데이트 | 뉴스 | 메이플스토리,,,,medium
0ac6cb814d916b8e7c55,업데이트 | 뉴스 | 메이플스토리,,,,medium
8029b327b94fe5f65165,업데이트 | 뉴스 | 메이플스토리,,,,medium
3b74634b3c5f1e595845,업데이트 | 뉴스 | 메이플스토리,,,,medium
4f8c91b036d9b650cf73,업데이트 | 뉴스 | 메이플스토리,,,,medium
18b52b27b681fbefd320,업데이트 | 뉴스 | 메이플스토리,,,,medium
b972b25a7b5f2713660c,업데이트 | 뉴스 | 메이플스토리,,,,medium
1ed2bf3ca237cb6835c0,업데이트 | 뉴스 | 메이플스토리,,,,medium
b350002d686a0cc58326,업데이트 | 뉴스 | 메이플스토리,,,,medium
d9f120395c972ef1c0f5,업데이트 | 뉴스 | 메이플스토리,,,,medium
099cfd12c8a11bd0f839,업데이트 | 뉴스 | 메이플스토리,,,,medium
9f622026c9e8c39a544d,업데이트 | 뉴스 | 메이플스토리,,,,medium
24da02a80db67fc95333,업데이트 | 뉴스 | 메이플스토리,,,,medium
b028dec55d89de7c2b05,업데이트 | 뉴스 | 메이플스토리,,,,medium
931947ba1f2f6424aebe,업데이트 | 뉴스 | 메이플스토리,,,,medium
073a091961b95335fc80,업데이트 | 뉴스 | 메이플스토리,,,,medium
b28b2334081038e3de1e,업데이트 | 뉴스 | 메이플스토리,,,,medium
2dee39125a2df235b4f1,업데이트 | 뉴스 | 메이플스토리,,,,medium
5bfd7351942e497a2041,업데이트 | 뉴스 | 메이플스토리,,,,medium
0560a4316431f1edfdb7,업데이트 | 뉴스 | 메이플스토리,,,,medium
45a8189347e5595b2fa1,업데이트 | 뉴스 | 메이플스토리,,,,medium
f96a924444f1cab9d3f7,업데이트 | 뉴스 | 메이플스토리,,,,medium
2061c806c5cb5685c8a3,업데이트 | 뉴스 | 메이플스토리,,,,medium
44142c61150eb1e83089,업데이트 | 뉴스 | 메이플스토리,,,,medium
2bd6bd2b45b97bd120ec,업데이트 | 뉴스 | 메이플스토리,,,,medium
4b9fa54ffc43fb7fd78a,업데이트 | 뉴스 | 메이플스토리,,,,medium
a7ec398f44199361eff8,업데이트 | 뉴스 | 메이플스토리,,,,medium
6d6f00d70f5fd291d669,업데이트 | 뉴스 | 메이플스토리,,,,medium
dcc5c431fb259fafb3ff,업데이트 | 뉴스 | 메이플스토리,,,,medium
5e8b3921124fdbedf14f,업데이트 | 뉴스 | 메이플스토리,,,,medium
e39a99f85353f05e709f,업데이트 | 뉴스 | 메이플스토리,,,,medium
6fbb9a7c437854c3aa34,업데이트 | 뉴스 | 메이플스토리,,,,medium
51f2c764ef603796be86,업데이트 | 뉴스 | 메이플스토리,,,,medium
30ed2074772b210060d9,업데이트 | 뉴스 | 메이플스토리,,,,medium
f2adeac3eb813ff0a4a3,업데이트 | 뉴스 | 메이플스토리,,,,medium
16b3d7bed9357bcf2743,업데이트 | 뉴스 | 메이플스토리,,,,medium
25e7f201efe366db1c40,업데이트 | 뉴스 | 메이플스토리,,,,medium
97ce70fcf72e6676f14b,업데이트 | 뉴스 | 메이플스토리,,,,medium
762563e46773221c15c3,업데이트 | 뉴스 | 메이플스토리,,,,medium
89cd1a62f9ea5f811136,업데이트 | 뉴스 | 메이플스토리,,,,medium
4c05747f6e3906d0a480,업데이트 | 뉴스 | 메이플스토리,,,,medium
0a0acf083af1f431ff64,업데이트 | 뉴스 | 메이플스토리,,,,medium
48eedf6623820809363c,업데이트 | 뉴스 | 메이플스토리,,,,medium
3fdc67c958a18ac02c35,업데이트 | 뉴스 | 메이플스토리,,,,medium
fd92de38db5b67024d04,업데이트 | 뉴스 | 메이플스토리,,,,medium
eb2580ffa3455ebc8ded,업데이트 | 뉴스 | 메이플스토리,,,,medium
61dab39ca2c1eae44206,업데이트 | 뉴스 | 메이플스토리,,,,medium
220bc56dea9d948016ab,업데이트 | 뉴스 | 메이플스토리,,,,medium
893cd9ebd568e8a140ff,업데이트 | 뉴스 | 메이플스토리,,,,medium
bce196f703d141d9501d,업데이트 | 뉴스 | 메이플스토리,,,,medium
35e01389dd1123c1430d,업데이트 | 뉴스 | 메이플스토리,,,,medium
956fe2b2a8dd6386ebe8,업데이트 | 뉴스 | 메이플스토리,,,,medium
56b840f6a659002ad058,업데이트 | 뉴스 | 메이플스토리,,,,medium
bf47a74b0bf10a890e1e,업데이트 | 뉴스 | 메이플스토리,,,,medium
a4c9f1d8c7686d6452fa,업데이트 | 뉴스 | 메이플스토리,,,,medium
2df5635f79a9b74a3fa0,업데이트 | 뉴스 | 메이플스토리,,,,medium
566f653e58c6239e96b5,업데이트 | 뉴스 | 메이플스토리,,,,medium
9f8c415b043a13ef6083,업데이트 | 뉴스 | 메이플스토리,,,,medium
cf8aa78d700ab6a6a938,업데이트 | 뉴스 | 메이플스토리,,,,medium
ea10353e54f91abd4fc8,업데이트 | 뉴스 | 메이플스토리,,,,medium
48c2cc6fbefff43ab2f8,업데이트 | 뉴스 | 메이플스토리,,,,medium
2e23d7882082afaf3a5e,업데이트 | 뉴스 | 메이플스토리,,,,medium
0359f0673b86367a5609,업데이트 | 뉴스 | 메이플스토리,,,,medium
07aa5fde62fade9f6d49,업데이트 | 뉴스 | 메이플스토리,,,,medium
5d2c27e5f82c3fc901fa,업데이트 | 뉴스 | 메이플스토리,,,,medium
b11a89f0bb54d19f8dac,업데이트 | 뉴스 | 메이플스토리,,,,medium
0b16859f30160d975e11,업데이트 | 뉴스 | 메이플스토리,,,,medium
470e54e96b52012beaad,업데이트 | 뉴스 | 메이플스토리,,,,medium
f01489080ac3d65f85c2,업데이트 | 뉴스 | 메이플스토리,,,,medium
40eb60ba537884b04cd0,업데이트 | 뉴스 | 메이플스토리,,,,medium
818beaab2390f92b3cc3,업데이트 | 뉴스 | 메이플스토리,,,,medium
1530c449030128e5838f,업데이트 | 뉴스 | 메이플스토리,,,,medium
f7e837356a25a29a1a4d,업데이트 | 뉴스 | 메이플스토리,,,,medium
bf33f7f9ab0a4cc5288f,업데이트 | 뉴스 | 메이플스토리,,,,medium
57e1bd98ac5df8d51e6f,업데이트 | 뉴스 | 메이플스토리,,,,medium
0ca3ecd8e3999d58a38f,업데이트 | 뉴스 | 메이플스토리,,,,medium
ff46c42c0f69942c4daa,업데이트 | 뉴스 | 메이플스토리,,,,medium
3a115a67354fd622de86,업데이트 | 뉴스 | 메이플스토리,,,,medium
9ade788eaee98364886c,업데이트 | 뉴스 | 메이플스토리,,,,medium
63d300723245de121d67,업데이트 | 뉴스 | 메이플스토리,,,,medium
c87453ce76ccb634e414,업데이트 | 뉴스 | 메이플스토리,,,,medium
5a9f6d7ecacce5056614,업데이트 | 뉴스 | 메이플스토리,,,,medium
93a379efc989955973b3,업데이트 | 뉴스 | 메이플스토리,,,,medium
a037f08a0653b7c13414,업데이트 | 뉴스 | 메이플스토리,,,,medium
839a9033c8432ad5a7e2,업데이트 | 뉴스 | 메이플스토리,,,,medium
a5afc6c57191d179ec54,업데이트 | 뉴스 | 메이플스토리,,,,medium
1cd4b8e148754d22f036,업데이트 | 뉴스 | 메이플스토리,,,,medium
64f10f97f41a5980bd16,업데이트 | 뉴스 | 메이플스토리,,,,medium
f2004cc2245dd1b7b0a4,업데이트 | 뉴스 | 메이플스토리,,,,medium
f15aa6409c7d29b4dd2e,업데이트 | 뉴스 | 메이플스토리,,,,medium
bc1248fa5147ee48b5e3,업데이트 | 뉴스 | 메이플스토리,,,,medium
66600bfa8204f255166f,업데이트 | 뉴스 | 메이플스토리,,,,medium
ef5338d0200b3e4b91aa,업데이트 | 뉴스 | 메이플스토리,,,,medium
321077402ed8c18a8931,업데이트 | 뉴스 | 메이플스토리,,,,medium
e03a3d9b8d0373c21449,업데이트 | 뉴스 | 메이플스토리,,,,medium
cb95f08ee12b12917922,업데이트 | 뉴스 | 메이플스토리,,,,medium
6a5445f26a028ae51746,업데이트 | 뉴스 | 메이플스토리,,,,medium
50aa24c9696cd8b73c22,업데이트 | 뉴스 | 메이플스토리,,,,medium
d8ab370d9143bfe668db,업데이트 | 뉴스 | 메이플스토리,,,,medium
70bb84daaa22c76d3148,업데이트 | 뉴스 | 메이플스토리,,,,medium
4e19378496e42e0387ef,업데이트 | 뉴스 | 메이플스토리,,,,medium
4c2a57a01a1ff3f37270,업데이트 | 뉴스 | 메이플스토리,,,,medium
1a99b37583cc58ea2193,업데이트 | 뉴스 | 메이플스토리,,,,medium
1f53f7aa095dd1b48a89,업데이트 | 뉴스 | 메이플스토리,,,,medium
9821f2216366b8aec2fc,업데이트 | 뉴스 | 메이플스토리,,,,medium
681144f8880b1b8493b4,업데이트 | 뉴스 | 메이플스토리,,,,medium
2846f7e5542d271e8104,업데이트 | 뉴스 | 메이플스토리,,,,medium
c275523f93e752b9ccaa,업데이트 | 뉴스 | 메이플스토리,,,,medium
0554c564f0aa0b5145f1,업데이트 | 뉴스 | 메이플스토리,,,,medium
937104c51cf268e4762b,업데이트 | 뉴스 | 메이플스토리,,,,medium
80f5f825094df952e134,업데이트 | 뉴스 | 메이플스토리,,,,medium
cd319609c2cbde8c7901,업데이트 | 뉴스 | 메이플스토리,,,,medium
24744144d36db05cf0a3,업데이트 | 뉴스 | 메이플스토리,,,,medium
49a772224ba3df52e053,업데이트 | 뉴스 | 메이플스토리,,,,medium
85a037cb99fd0b01dcf0,업데이트 | 뉴스 | 메이플스토리,,,,medium
7020b624e0355d526b56,업데이트 | 뉴스 | 메이플스토리,,,,medium
004e45baebc79692466c,업데이트 | 뉴스 | 메이플스토리,,,,medium
d4465392dce65422d0b5,업데이트 | 뉴스 | 메이플스토리,,,,medium
ed3e8e0b46c39556681f,업데이트 | 뉴스 | 메이플스토리,,,,medium
ff098dc7465d5131b439,업데이트 | 뉴스 | 메이플스토리,,,,medium
cbaaa861ce527d224cdc,업데이트 | 뉴스 | 메이플스토리,,,,medium
9ba45febf65bfa9c497a,업데이트 | 뉴스 | 메이플스토리,,,,medium
b20a4df36e00c128c7c2,업데이트 | 뉴스 | 메이플스토리,,,,medium
17a2f581132c251842a1,업데이트 | 뉴스 | 메이플스토리,,,,medium
a155397f64997ac9a6e7,업데이트 | 뉴스 | 메이플스토리,,,,medium
eb825a99c1abb5377b11,업데이트 | 뉴스 | 메이플스토리,,,,medium
a73e46bf8f4f6fea0f90,업데이트 | 뉴스 | 메이플스토리,,,,medium
17eaf015ac1f754de7f6,업데이트 | 뉴스 | 메이플스토리,,,,medium
b10f4d20848230efb93d,업데이트 | 뉴스 | 메이플스토리,,,,medium
1022e1209a6574cbd5ec,업데이트 | 뉴스 | 메이플스토리,,,,medium
d5c1b7c9f78048c32909,업데이트 | 뉴스 | 메이플스토리,,,,medium
8352e60f26ef43a1a318,업데이트 | 뉴스 | 메이플스토리,,,,medium
025997ccacf28569d676,업데이트 | 뉴스 | 메이플스토리,,,,medium
15aa454ba96a54c32740,업데이트 | 뉴스 | 메이플스토리,,,,medium
9ee58849de0195a84372,업데이트 | 뉴스 | 메이플스토리,,,,medium
5e11b58ef9b05efa879c,업데이트 | 뉴스 | 메이플스토리,,,,medium
976a25f88f44898e8911,업데이트 | 뉴스 | 메이플스토리,,,,medium
2d7487575d50cc397740,업데이트 | 뉴스 | 메이플스토리,,,,medium
d3ac8a843631e05be06c,업데이트 | 뉴스 | 메이플스토리,,,,medium
ebf23a83481e2b8e6e86,업데이트 | 뉴스 | 메이플스토리,,,,medium
6977a7924850ce5bb48c,업데이트 | 뉴스 | 메이플스토리,,,,medium
2aa863af186cb6537e56,업데이트 | 뉴스 | 메이플스토리,,,,medium
6732abc139043a8ddc24,업데이트 | 뉴스 | 메이플스토리,,,,medium
716a667a97fdb8d7b172,업데이트 | 뉴스 | 메이플스토리,,,,medium
4502d860cfef2ce30f09,업데이트 | 뉴스 | 메이플스토리,,,,medium
f3f60be607828f35e560,업데이트 | 뉴스 | 메이플스토리,,,,medium
b2e491580fe255bf3127,업데이트 | 뉴스 | 메이플스토리,,,,medium
c72be89ec3d435368ac1,업데이트 | 뉴스 | 메이플스토리,,,,medium
9b45006a554c27b64afe,업데이트 | 뉴스 | 메이플스토리,,,,medium
aec54dbd5ebe76494f86,업데이트 | 뉴스 | 메이플스토리,,,,medium
96796b291076769d6230,업데이트 | 뉴스 | 메이플스토리,,,,medium
c0dcfd915a6f128c164d,업데이트 | 뉴스 | 메이플스토리,,,,medium
6357c0db172ebf61fa2d,업데이트 | 뉴스 | 메이플스토리,,,,medium
2b47c151585eb3c06d7a,업데이트 | 뉴스 | 메이플스토리,,,,medium
369c105125c763caa1fd,업데이트 | 뉴스 | 메이플스토리,,,,medium
a6eec70728313af4f437,업데이트 | 뉴스 | 메이플스토리,,,,medium
dbbf31d1188ccff4d0c0,업데이트 | 뉴스 | 메이플스토리,,,,medium
4face4b3af7d641471d4,업데이트 | 뉴스 | 메이플스토리,,,,medium
0066ca4cb239ac2186cc,업데이트 | 뉴스 | 메이플스토리,,,,medium
b9cc4496bd0093aff93b,업데이트 | 뉴스 | 메이플스토리,,,,medium
41c64b5b7f2165496b3e,업데이트 | 뉴스 | 메이플스토리,,,,medium
6a536580f661affc576e,업데이트 | 뉴스 | 메이플스토리,,,,medium
01f1b1bdeae444e82c4c,업데이트 | 뉴스 | 메이플스토리,,,,medium
a5859b02073f0ee6f99c,업데이트 | 뉴스 | 메이플스토리,,,,medium
e3ba450da73b88c95b07,업데이트 | 뉴스 | 메이플스토리,,,,medium
0b77b11ac680d797f667,업데이트 | 뉴스 | 메이플스토리,,,,medium
d25d2efe424e3ddf860e,업데이트 | 뉴스 | 메이플스토리,,,,medium
826a590ab21c9b7ed142,업데이트 | 뉴스 | 메이플스토리,,,,medium
2819816dce48a57b41ef,업데이트 | 뉴스 | 메이플스토리,,,,medium
cc622c6c5bf08a99f68f,업데이트 | 뉴스 | 메이플스토리,,,,medium
6d5860950f2fc0063276,업데이트 | 뉴스 | 메이플스토리,,,,medium
2e083a5604e65a581f4a,업데이트 | 뉴스 | 메이플스토리,,,,medium
947d63ce11e7dd16ee6f,업데이트 | 뉴스 | 메이플스토리,,,,medium
395c754108fe78b57d8e,업데이트 | 뉴스 | 메이플스토리,,,,medium
1783f5c50097d52eca09,업데이트 | 뉴스 | 메이플스토리,,,,medium
69de75c0e850e838d951,업데이트 | 뉴스 | 메이플스토리,,,,medium
235f61c1cf24108f901e,업데이트 | 뉴스 | 메이플스토리,,,,medium
24f741458f272c062458,업데이트 | 뉴스 | 메이플스토리,,,,medium
a70ff79a591b79954a36,업데이트 | 뉴스 | 메이플스토리,,,,medium
9cdd80bb1bcacadb073b,업데이트 | 뉴스 | 메이플스토리,,,,medium
6887c03683a10bdb6693,업데이트 | 뉴스 | 메이플스토리,,,,medium
ff0624548789b59839b6,업데이트 | 뉴스 | 메이플스토리,,,,medium
d33078415f2e3fae43fa,업데이트 | 뉴스 | 메이플스토리,,,,medium
91ab748f1de439010718,업데이트 | 뉴스 | 메이플스토리,,,,medium
7780e5d5d7b2d8c476e8,업데이트 | 뉴스 | 메이플스토리,,,,medium
ed1fa947e734acf095ae,업데이트 | 뉴스 | 메이플스토리,,,,medium
b69352e617762b3d8f2b,업데이트 | 뉴스 | 메이플스토리,,,,medium
beb1f961400b03577c37,업데이트 | 뉴스 | 메이플스토리,,,,medium
7522825c470f5df4d697,업데이트 | 뉴스 | 메이플스토리,,,,medium
0de803475dab4b225544,업데이트 | 뉴스 | 메이플스토리,,,,medium
d0b4f617b703c5a903b5,업데이트 | 뉴스 | 메이플스토리,,,,medium
fd7dee5e3de30ebe48f3,업데이트 | 뉴스 | 메이플스토리,,,,medium
1ac05c1b2c879a783a64,업데이트 | 뉴스 | 메이플스토리,,,,medium
1677273de7e2900ff28b,업데이트 | 뉴스 | 메이플스토리,,,,medium
c97c2775466f4390aeea,업데이트 | 뉴스 | 메이플스토리,,,,medium
30615682d29a202a506c,업데이트 | 뉴스 | 메이플스토리,,,,medium
6f1a720323b16fbd75bd,업데이트 | 뉴스 | 메이플스토리,,,,medium
107bb8db6c520552931b,업데이트 | 뉴스 | 메이플스토리,,,,medium
28760b26ba7f8b634746,업데이트 | 뉴스 | 메이플스토리,,,,medium
1fb051658f2636d61183,업데이트 | 뉴스 | 메이플스토리,,,,medium
fb2c5b632ba6dbfcd4cf,업데이트 | 뉴스 | 메이플스토리,,,,medium
c6d92a475d1337e63301,업데이트 | 뉴스 | 메이플스토리,,,,medium
131744000cc96a6ddc56,업데이트 | 뉴스 | 메이플스토리,,,,medium
817aaf1f07a82e1b2ff7,업데이트 | 뉴스 | 메이플스토리,,,,medium
1ab0d8c662b171d31dcd,업데이트 | 뉴스 | 메이플스토리,,,,medium
ba0da8ef1c97a89ce434,업데이트 | 뉴스 | 메이플스토리,,,,medium
a5ec70db26951e99b526,업데이트 | 뉴스 | 메이플스토리,,,,medium
f95786ff223791770c51,업데이트 | 뉴스 | 메이플스토리,,,,medium
6cc00300163a8b9b23ec,업데이트 | 뉴스 | 메이플스토리,,,,medium
39daebc9d06f5d1b15af,업데이트 | 뉴스 | 메이플스토리,,,,medium
cb0623ac0e0ad9f39541,업데이트 | 뉴스 | 메이플스토리,,,,medium
1392f54af12cb95eaac5,업데이트 | 뉴스 | 메이플스토리,,,,medium
efee1904c583767453bc,업데이트 | 뉴스 | 메이플스토리,,,,medium
0dfc3e96929f3ac74438,업데이트 | 뉴스 | 메이플스토리,,,,medium
c008184447830156aabd,업데이트 | 뉴스 | 메이플스토리,,,,medium
cd9405129b04c49b4eef,업데이트 | 뉴스 | 메이플스토리,,,,medium
a5ca825ab8d94a0b217f,업데이트 | 뉴스 | 메이플스토리,,,,medium
da75fbb00caf530d1dc6,업데이트 | 뉴스 | 메이플스토리,,,,medium
05feab1c16241f8adec6,업데이트 | 뉴스 | 메이플스토리,,,,medium
d7e4ff844d9759abdbf0,업데이트 | 뉴스 | 메이플스토리,,,,medium
e9f49b45bf0e1ab8d88b,업데이트 | 뉴스 | 메이플스토리,,,,medium
5a1d85a6814b0c474a9b,업데이트 | 뉴스 | 메이플스토리,,,,medium
8b85f08f8f82a1188b7b,업데이트 | 뉴스 | 메이플스토리,,,,medium
cec104b7ee6b9c7d1705,업데이트 | 뉴스 | 메이플스토리,,,,medium
59524f921ce56ca2f842,업데이트 | 뉴스 | 메이플스토리,,,,medium
c014c81f2805f90c7696,업데이트 | 뉴스 | 메이플스토리,,,,medium
f5429b654227c516b478,업데이트 | 뉴스 | 메이플스토리,,,,medium
4e75f1cc33df1efc658e,업데이트 | 뉴스 | 메이플스토리,,,,medium
c2124cfa821ebb498af9,업데이트 | 뉴스 | 메이플스토리,,,,medium
469440b68644e272ca07,업데이트 | 뉴스 | 메이플스토리,,,,medium
771d21a9f71688c882ea,업데이트 | 뉴스 | 메이플스토리,,,,medium
b8223bce834cb9271e82,업데이트 | 뉴스 | 메이플스토리,,,,medium
3a17fb3c76e231fa6a0d,업데이트 | 뉴스 | 메이플스토리,,,,medium
a4c6034b1244c539584b,업데이트 | 뉴스 | 메이플스토리,,,,medium
9d030cbe1c16390dea86,업데이트 | 뉴스 | 메이플스토리,,,,medium
0c383ee7cccbb1fcf3ed,업데이트 | 뉴스 | 메이플스토리,,,,medium
306ff4938224d5a52af2,업데이트 | 뉴스 | 메이플스토리,,,,medium
ae4378b2e07d2ffe57d8,업데이트 | 뉴스 | 메이플스토리,,,,medium
d559ab3926737ab28de1,업데이트 | 뉴스 | 메이플스토리,,,,medium
39e6498344762ea9a46d,업데이트 | 뉴스 | 메이플스토리,,,,medium
b057bf9836eff0e7bf03,업데이트 | 뉴스 | 메이플스토리,,,,medium
5a5ce8d4652b343f5799,업데이트 | 뉴스 | 메이플스토리,,,,medium
fa0980715b83ba559840,업데이트 | 뉴스 | 메이플스토리,,,,medium
de2b80b30f6a44dc9f53,업데이트 | 뉴스 | 메이플스토리,,,,medium
b313ac40261fa42e9295,업데이트 | 뉴스 | 메이플스토리,,,,medium
b8eb06bf01a453ca22e7,업데이트 | 뉴스 | 메이플스토리,,,,medium
18ff8a9a7484c5391a4a,업데이트 | 뉴스 | 메이플스토리,,,,medium
a933a17df805a0e8122d,업데이트 | 뉴스 | 메이플스토리,,,,medium
cf547fe02508af2124f1,업데이트 | 뉴스 | 메이플스토리,,,,medium
7cae4670aaf3795d4832,업데이트 | 뉴스 | 메이플스토리,,,,medium
a46ffda1c49297265b8f,업데이트 | 뉴스 | 메이플스토리,,,,medium
ead5f218ebe703a02744,업데이트 | 뉴스 | 메이플스토리,,,,medium
6b46b1ea477b59fbea62,업데이트 | 뉴스 | 메이플스토리,,,,medium
077c69436b21b3b72de3,업데이트 | 뉴스 | 메이플스토리,,,,medium
60be8dc377b350af6639,업데이트 | 뉴스 | 메이플스토리,,,,medium
c814f84784b9a670fa31,업데이트 | 뉴스 | 메이플스토리,,,,medium
5c8674a20e904bcc5b59,업데이트 | 뉴스 | 메이플스토리,,,,medium
66990048c3403a9bbd19,업데이트 | 뉴스 | 메이플스토리,,,,medium
31036ef52601980c177b,업데이트 | 뉴스 | 메이플스토리,,,,medium
a3e7f316afe7b38818de,업데이트 | 뉴스 | 메이플스토리,,,,medium
de462d8a359167047945,업데이트 | 뉴스 | 메이플스토리,,,,medium
9e7d57325b11c06c9d79,업데이트 | 뉴스 | 메이플스토리,,,,medium
7e62a2cf02236969d22a,업데이트 | 뉴스 | 메이플스토리,,,,medium
229c5e16341f77f9221e,업데이트 | 뉴스 | 메이플스토리,,,,medium
075bcc66eafea440e95b,업데이트 | 뉴스 | 메이플스토리,,,,medium
78e3b17619e8710bf92c,업데이트 | 뉴스 | 메이플스토리,,,,medium
8d26027883fb1a32d25b,업데이트 | 뉴스 | 메이플스토리,,,,medium
39a7ae4c95327ab3cc19,업데이트 | 뉴스 | 메이플스토리,,,,medium
84d4f487ccc8b00c612d,업데이트 | 뉴스 | 메이플스토리,,,,medium
aacb2d759052ebe8be32,업데이트 | 뉴스 | 메이플스토리,,,,medium
a811b37a8b57e822046c,업데이트 | 뉴스 | 메이플스토리,,,,medium
ab98b91781b63bc60714,업데이트 | 뉴스 | 메이플스토리,,,,medium
4af71989ca6122470f31,업데이트 | 뉴스 | 메이플스토리,,,,medium
9d5833498a24a6b0fc44,업데이트 | 뉴스 | 메이플스토리,,,,medium
18f86b78f9c72c535c47,업데이트 | 뉴스 | 메이플스토리,,,,medium
c0d23a2b0dc2da0fe597,업데이트 | 뉴스 | 메이플스토리,,,,medium
c1a743c02b46fd87fd81,업데이트 | 뉴스 | 메이플스토리,,,,medium
1a721a8a80636b484c8b,업데이트 | 뉴스 | 메이플스토리,,,,medium
89e04d072598791ad33c,업데이트 | 뉴스 | 메이플스토리,,,,medium
2c0e1cab2d34d8455cde,업데이트 | 뉴스 | 메이플스토리,,,,medium
507cf2d98df5fb586b2e,업데이트 | 뉴스 | 메이플스토리,,,,medium
23275cdd227741bc0d74,업데이트 | 뉴스 | 메이플스토리,,,,medium
99a5023b9fa67a89228d,업데이트 | 뉴스 | 메이플스토리,,,,medium
e0f1110a4481a36bf8e3,업데이트 | 뉴스 | 메이플스토리,,,,medium
8d1932c55f545a77633c,업데이트 | 뉴스 | 메이플스토리,,,,medium
6e29a47249f1201a90b7,업데이트 | 뉴스 | 메이플스토리,,,,medium
ab2ac4c1dfc079d0249a,업데이트 | 뉴스 | 메이플스토리,,,,medium
01a3d5390770114a6b46,업데이트 | 뉴스 | 메이플스토리,,,,medium
00a184bd55601de01387,업데이트 | 뉴스 | 메이플스토리,,,,medium
05edf1429202c261aa81,업데이트 | 뉴스 | 메이플스토리,,,,medium
0aba150a7266d3a4a467,업데이트 | 뉴스 | 메이플스토리,,,,medium
37396de3371294bfab1d,업데이트 | 뉴스 | 메이플스토리,,,,medium
1bd35b36db59e4f38968,업데이트 | 뉴스 | 메이플스토리,,,,medium
7a4416953ab97df6afb8,업데이트 | 뉴스 | 메이플스토리,,,,medium
9c64e176d3d858a6443b,업데이트 | 뉴스 | 메이플스토리,,,,medium
95919597b0e8d26794d6,업데이트 | 뉴스 | 메이플스토리,,,,medium
3703fcf6502b9e9c4141,업데이트 | 뉴스 | 메이플스토리,,,,medium
d81c4de4e3bc44f4e257,업데이트 | 뉴스 | 메이플스토리,,,,medium
d012a2819c4358804bb3,업데이트 | 뉴스 | 메이플스토리,,,,medium
1cd2e1bc16b461e5c52c,업데이트 | 뉴스 | 메이플스토리,,,,medium
fbe3ed54512ec405ead5,업데이트 | 뉴스 | 메이플스토리,,,,medium
729cbcbbcbd478976da7,업데이트 | 뉴스 | 메이플스토리,,,,medium
b098ca04760a499ebca8,업데이트 | 뉴스 | 메이플스토리,,,,medium
fd7d03b2a11cdb826ef7,업데이트 | 뉴스 | 메이플스토리,,,,medium
f6e40bd6e6a5503a914c,업데이트 | 뉴스 | 메이플스토리,,,,medium
12a8f803721cc4766b7a,업데이트 | 뉴스 | 메이플스토리,,,,medium
fd42af32e27b257e6100,업데이트 | 뉴스 | 메이플스토리,,,,medium
4d19b901ffe6e147b11e,업데이트 | 뉴스 | 메이플스토리,,,,medium
f82839b220ab0f613e85,업데이트 | 뉴스 | 메이플스토리,,,,medium
1a65806e76711fd79a0c,업데이트 | 뉴스 | 메이플스토리,,,,medium
2383ebd3826f88eabecf,업데이트 | 뉴스 | 메이플스토리,,,,medium
87b04013e7d2f34ae36e,업데이트 | 뉴스 | 메이플스토리,,,,medium
de2cb09bc0e2c7c7697f,업데이트 | 뉴스 | 메이플스토리,,,,medium
1b3ad9cacd73e20e5f65,업데이트 | 뉴스 | 메이플스토리,,,,medium
474c0ccf9d4e9d344f07,업데이트 | 뉴스 | 메이플스토리,,,,medium
04eabd7d82d9613cd570,업데이트 | 뉴스 | 메이플스토리,,,,medium
d47ab7fd748508b7c8f9,업데이트 | 뉴스 | 메이플스토리,,,,medium
a16953214cee7b55b03a,업데이트 | 뉴스 | 메이플스토리,,,,medium
a20960a1e461f38fbf06,업데이트 | 뉴스 | 메이플스토리,,,,medium
2dbce4f2c24d03c85ffd,업데이트 | 뉴스 | 메이플스토리,,,,medium
936af39ece6fd0011c89,업데이트 | 뉴스 | 메이플스토리,,,,medium
b2e2ebb5df42b7a941a3,업데이트 | 뉴스 | 메이플스토리,,,,medium
fc0ddaf979e0a481b5ba,업데이트 | 뉴스 | 메이플스토리,,,,medium
6fcf67193d5867e88e10,업데이트 | 뉴스 | 메이플스토리,,,,medium
4f6d9f86ff78a1ca32b1,업데이트 | 뉴스 | 메이플스토리,,,,medium
0f66abb6d44f4390ea07,업데이트 | 뉴스 | 메이플스토리,,,,medium
f1fba5a616c944179fe5,업데이트 | 뉴스 | 메이플스토리,,,,medium
041083f860050936009b,업데이트 | 뉴스 | 메이플스토리,,,,medium
995e261fe5da6827ebcc,업데이트 | 뉴스 | 메이플스토리,,,,medium
6220b286295bfe54a9bd,업데이트 | 뉴스 | 메이플스토리,,,,medium
e0bf6cfe47b1ba7fa76f,업데이트 | 뉴스 | 메이플스토리,,,,medium
a023827cfd5740262441,업데이트 | 뉴스 | 메이플스토리,,,,medium
2cbf7adbb7a822d668f9,업데이트 | 뉴스 | 메이플스토리,,,,medium
5a9e1708a6754e793dfe,업데이트 | 뉴스 | 메이플스토리,,,,medium
b9c38505af3c17c02465,업데이트 | 뉴스 | 메이플스토리,,,,medium
573b6e4fe36ae43ca668,업데이트 | 뉴스 | 메이플스토리,,,,medium
31577b29abf49182d784,업데이트 | 뉴스 | 메이플스토리,,,,medium
d92c683885037e63eb57,업데이트 | 뉴스 | 메이플스토리,,,,medium
c6d6f2b2b2b9b686dee6,업데이트 | 뉴스 | 메이플스토리,,,,medium
f49174b4d8b617d0ec85,업데이트 | 뉴스 | 메이플스토리,,,,medium
bf0cbc31465d1b6e906e,업데이트 | 뉴스 | 메이플스토리,,,,medium
c6aec174c991743fc729,업데이트 | 뉴스 | 메이플스토리,,,,medium
b4e7d6baaf73993e4556,업데이트 | 뉴스 | 메이플스토리,,,,medium
e7665df9c80c5444bdef,업데이트 | 뉴스 | 메이플스토리,,,,medium
f0c8731417b6bae875ac,업데이트 | 뉴스 | 메이플스토리,,,,medium
3adc248dae3b0b74efe5,업데이트 | 뉴스 | 메이플스토리,,,,medium
d7ef1b0da84d84fc7bed,업데이트 | 뉴스 | 메이플스토리,,,,medium
d9c107135d6504dfdd3c,업데이트 | 뉴스 | 메이플스토리,,,,medium
dea8f31377fbd255a083,업데이트 | 뉴스 | 메이플스토리,,,,medium
8f254013427f75e2475d,업데이트 | 뉴스 | 메이플스토리,,,,medium
a9e28f728d7280a78eae,업데이트 | 뉴스 | 메이플스토리,,,,medium
ec9f5883aa1d100e902b,업데이트 | 뉴스 | 메이플스토리,,,,medium
3566d02281d6db498750,업데이트 | 뉴스 | 메이플스토리,,,,medium
b63072b20bb990c495b3,업데이트 | 뉴스 | 메이플스토리,,,,medium
cdc1464dcf11fe9b8980,업데이트 | 뉴스 | 메이플스토리,,,,medium
60490be85eba9b300679,업데이트 | 뉴스 | 메이플스토리,,,,medium
c04437b4f438a12cd2a2,업데이트 | 뉴스 | 메이플스토리,,,,medium
b5c50b3a59446f7bdb4b,업데이트 | 뉴스 | 메이플스토리,,,,medium
04764239a7bad3a58b88,업데이트 | 뉴스 | 메이플스토리,,,,medium
138d3be53b5655e08eab,업데이트 | 뉴스 | 메이플스토리,,,,medium
013806f1a7ab55b50634,업데이트 | 뉴스 | 메이플스토리,,,,medium
b3cbd46b1c061c3f5ffb,업데이트 | 뉴스 | 메이플스토리,,,,medium
5f84a51b69a79bf52e54,업데이트 | 뉴스 | 메이플스토리,,,,medium
12db8de9861d4baedab0,업데이트 | 뉴스 | 메이플스토리,,,,medium
cd87208e8e8a57a29c91,업데이트 | 뉴스 | 메이플스토리,,,,medium
176830a3c16f101fa525,업데이트 | 뉴스 | 메이플스토리,,,,medium
7dbed3fe021786c933f7,업데이트 | 뉴스 | 메이플스토리,,,,medium
866e686ffb6ca8316305,업데이트 | 뉴스 | 메이플스토리,,,,medium
5bc441d5dd5617b492f5,업데이트 | 뉴스 | 메이플스토리,,,,medium
31fec3a5aa278d45f4d7,업데이트 | 뉴스 | 메이플스토리,,,,medium
c8de7581fcf846872c93,업데이트 | 뉴스 | 메이플스토리,,,,medium
42d5a1108df95db16a62,업데이트 | 뉴스 | 메이플스토리,,,,medium
3fccfbd9e344496678f4,업데이트 | 뉴스 | 메이플스토리,,,,medium
8f7f7f2be8a10c126254,업데이트 | 뉴스 | 메이플스토리,,,,medium
94e5f322a6654d105199,업데이트 | 뉴스 | 메이플스토리,,,,medium
be6772fd245f0a6f25ce,업데이트 | 뉴스 | 메이플스토리,,,,medium
442c557f9accdd0e1229,업데이트 | 뉴스 | 메이플스토리,,,,medium
33c024fb21edcf9bae31,업데이트 | 뉴스 | 메이플스토리,,,,medium
22eddf310430600bd7a6,업데이트 | 뉴스 | 메이플스토리,,,,medium
83e1629ddb151eedaa9a,업데이트 | 뉴스 | 메이플스토리,,,,medium
dc0a6677bb6d995576c5,업데이트 | 뉴스 | 메이플스토리,,,,medium
ce66ce70575da959fccf,업데이트 | 뉴스 | 메이플스토리,,,,medium
700a082fb8b145c6cda2,업데이트 | 뉴스 | 메이플스토리,,,,medium
bb62a52cfee523028131,업데이트 | 뉴스 | 메이플스토리,,,,medium
271619c79a21a8ab4922,업데이트 | 뉴스 | 메이플스토리,,,,medium
255247ce0647f057658a,업데이트 | 뉴스 | 메이플스토리,,,,medium
9f10ae021cd674173adb,업데이트 | 뉴스 | 메이플스토리,,,,medium
d1240915ab92db771947,업데이트 | 뉴스 | 메이플스토리,,,,medium
9ca5ed43c9b73938d283,업데이트 | 뉴스 | 메이플스토리,,,,medium
d9ba6943e629e912a6c5,업데이트 | 뉴스 | 메이플스토리,,,,medium
096c2d6d4122dc0c0db9,업데이트 | 뉴스 | 메이플스토리,,,,medium
294d7ddd2231fbb9f4d9,업데이트 | 뉴스 | 메이플스토리,,,,medium
93ce3ff8a6a35ba3ed2e,업데이트 | 뉴스 | 메이플스토리,,,,medium
eb00298d275eb11713b0,업데이트 | 뉴스 | 메이플스토리,,,,medium
4f16940a29e77873dfe8,업데이트 | 뉴스 | 메이플스토리,,,,medium
8c515bb7e96ef2d11e79,업데이트 | 뉴스 | 메이플스토리,,,,medium
30a39a65aaed98c1b6a6,업데이트 | 뉴스 | 메이플스토리,,,,medium
70a185647d667259b1c0,업데이트 | 뉴스 | 메이플스토리,,,,medium
fbdcf91a55da99670860,업데이트 | 뉴스 | 메이플스토리,,,,medium
ef793b9de6c85b6656aa,업데이트 | 뉴스 | 메이플스토리,,,,medium
ad8bedafab8847f2c7c0,업데이트 | 뉴스 | 메이플스토리,,,,medium
07804432736e59cce039,업데이트 | 뉴스 | 메이플스토리,,,,medium
d16c069110d1ed5a456a,업데이트 | 뉴스 | 메이플스토리,,,,medium
25a8a14e1e62aae79b36,업데이트 | 뉴스 | 메이플스토리,,,,medium
bdddd74a27753b9bfa00,업데이트 | 뉴스 | 메이플스토리,,,,medium
765d56b5cdd5b5acd5f3,업데이트 | 뉴스 | 메이플스토리,,,,medium
aa824567b6ddebabe1a4,업데이트 | 뉴스 | 메이플스토리,,,,medium
7a1ff764c26d8da74f1c,업데이트 | 뉴스 | 메이플스토리,,,,medium
c62a7a7b9106a156b6f0,업데이트 | 뉴스 | 메이플스토리,,,,medium
00316b5ff9124475939a,업데이트 | 뉴스 | 메이플스토리,,,,medium
8f1636ca166c68607cd7,업데이트 | 뉴스 | 메이플스토리,,,,medium
9dc47f7b0d8e90487f7b,업데이트 | 뉴스 | 메이플스토리,,,,medium
2a9490e215374fdf6038,업데이트 | 뉴스 | 메이플스토리,,,,medium
31c8e141d0eb86fc07b9,업데이트 | 뉴스 | 메이플스토리,,,,medium
d51c083f87a36b153327,업데이트 | 뉴스 | 메이플스토리,,,,medium
7a9882357e4d84d7c050,업데이트 | 뉴스 | 메이플스토리,,,,medium
dc510153d1efa0f1debd,업데이트 | 뉴스 | 메이플스토리,,,,medium
d1a5b25495b3cbacb7a5,업데이트 | 뉴스 | 메이플스토리,,,,medium
81ee6fb0d18ab608a6ec,업데이트 | 뉴스 | 메이플스토리,,,,medium
bf7661d543851e184baa,업데이트 | 뉴스 | 메이플스토리,,,,medium
69248a66a5a829001d4f,업데이트 | 뉴스 | 메이플스토리,,,,medium
c98023505ca88be963c9,업데이트 | 뉴스 | 메이플스토리,,,,medium
2c695bf692f3f2f454a4,업데이트 | 뉴스 | 메이플스토리,,,,medium
de9d203f32cd279e5720,업데이트 | 뉴스 | 메이플스토리,,,,medium
3f057b98879ff9060d74,업데이트 | 뉴스 | 메이플스토리,,,,medium
8259b400ade287d641f2,업데이트 | 뉴스 | 메이플스토리,,,,medium
056d6fc835977011c49d,업데이트 | 뉴스 | 메이플스토리,,,,medium
06d4ca2703c2942ed6c7,업데이트 | 뉴스 | 메이플스토리,,,,medium
01c37b7c8130b76ef5fb,업데이트 | 뉴스 | 메이플스토리,,,,medium
2c8599a9617639eec649,업데이트 | 뉴스 | 메이플스토리,,,,medium
86feaf455b7fc1e84bc1,업데이트 | 뉴스 | 메이플스토리,,,,medium
fa54962f9321928857e1,업데이트 | 뉴스 | 메이플스토리,,,,medium
4057ae4687f207930830,업데이트 | 뉴스 | 메이플스토리,,,,medium
c955b91cb3607ba4ff55,업데이트 | 뉴스 | 메이플스토리,,,,medium
f2e1f45a7e1eb72c7c54,업데이트 | 뉴스 | 메이플스토리,,,,medium
8836f35db06e2a31b14b,업데이트 | 뉴스 | 메이플스토리,,,,medium
6c10a9e191d6b02fb370,업데이트 | 뉴스 | 메이플스토리,,,,medium
b5c5284ccab17a422b14,업데이트 | 뉴스 | 메이플스토리,,,,medium
c338131e00facbab113e,업데이트 | 뉴스 | 메이플스토리,,,,medium
7e3d6cfe250281d0b03f,업데이트 | 뉴스 | 메이플스토리,,,,medium
5e00ccb6e91520ec558f,업데이트 | 뉴스 | 메이플스토리,,,,medium
acf556cc7cf47eef22a2,업데이트 | 뉴스 | 메이플스토리,,,,medium
f56fe745892b56f2bb08,업데이트 | 뉴스 | 메이플스토리,,,,medium
5312fc70246d3b2cab59,업데이트 | 뉴스 | 메이플스토리,,,,medium
aad4b51ff77e7c7cd582,업데이트 | 뉴스 | 메이플스토리,,,,medium
66ce17f7240644e7ffc4,업데이트 | 뉴스 | 메이플스토리,,,,medium
f695cfb1d15e69edde0a,업데이트 | 뉴스 | 메이플스토리,,,,medium
b3a25032fae2000b3295,업데이트 | 뉴스 | 메이플스토리,,,,medium
1d397c8a0d5d955127e3,업데이트 | 뉴스 | 메이플스토리,,,,medium
14accf4f680f3e6a55c8,업데이트 | 뉴스 | 메이플스토리,,,,medium
fc89891e48924df2624f,업데이트 | 뉴스 | 메이플스토리,,,,medium
de02794fdf712ba15cb0,업데이트 | 뉴스 | 메이플스토리,,,,medium
43cf2eb5b3a166bbab8d,업데이트 | 뉴스 | 메이플스토리,,,,medium
61c592e9802be6c6173f,업데이트 | 뉴스 | 메이플스토리,,,,medium
000e9ef71d2538542ffa,업데이트 | 뉴스 | 메이플스토리,,,,medium
4d6cee03548edbbf19ab,업데이트 | 뉴스 | 메이플스토리,,,,medium
6cc788ee0b7c80ca91bd,업데이트 | 뉴스 | 메이플스토리,,,,medium
1b7e131332e1a788c677,업데이트 | 뉴스 | 메이플스토리,,,,medium
f54bd65a057c94c5d63f,업데이트 | 뉴스 | 메이플스토리,,,,medium
66a38a4c0804b5e99aa4,업데이트 | 뉴스 | 메이플스토리,,,,medium
0933037594aab15b5aa7,업데이트 | 뉴스 | 메이플스토리,,,,medium
0334065389e49855fb1c,업데이트 | 뉴스 | 메이플스토리,,,,medium
42cc2a8ec9750de81d6f,업데이트 | 뉴스 | 메이플스토리,,,,medium
85aad0e43bca1b61419e,업데이트 | 뉴스 | 메이플스토리,,,,medium
7b4a29a2829e0d03950c,업데이트 | 뉴스 | 메이플스토리,,,,medium
16ed38055bfe219dcfa3,업데이트 | 뉴스 | 메이플스토리,,,,medium
cb3fff2d272dc6a71214,업데이트 | 뉴스 | 메이플스토리,,,,medium
c160f3e375d2f894189e,업데이트 | 뉴스 | 메이플스토리,,,,medium
1666eb5f894a4bc02adf,업데이트 | 뉴스 | 메이플스토리,,,,medium
ba44c39a4abc339de9a8,업데이트 | 뉴스 | 메이플스토리,,,,medium
6d6595b81cfb4416b67a,업데이트 | 뉴스 | 메이플스토리,,,,medium
97443eabf73db66f478f,업데이트 | 뉴스 | 메이플스토리,,,,medium
b624ea70549030021f56,업데이트 | 뉴스 | 메이플스토리,,,,medium
1e157f8810b508d6f3dc,업데이트 | 뉴스 | 메이플스토리,,,,medium
037d24995c449be2a9e1,업데이트 | 뉴스 | 메이플스토리,,,,medium
38b8054ce88c2e680d9b,업데이트 | 뉴스 | 메이플스토리,,,,medium
66197bc7476d914e70d7,업데이트 | 뉴스 | 메이플스토리,,,,medium
c38130292e196cde6831,업데이트 | 뉴스 | 메이플스토리,,,,medium
845ad848ccb0e4e8a779,업데이트 | 뉴스 | 메이플스토리,,,,medium
c419911b46f5fd109893,업데이트 | 뉴스 | 메이플스토리,,,,medium
eb89014cd10576099350,업데이트 | 뉴스 | 메이플스토리,,,,medium
0b82bbf97c993fcf9514,업데이트 | 뉴스 | 메이플스토리,,,,medium
8c74d73bdebec9a5219f,업데이트 | 뉴스 | 메이플스토리,,,,medium
6e5913c1f0703d115f46,업데이트 | 뉴스 | 메이플스토리,,,,medium
4fc811baba4be1c5950d,업데이트 | 뉴스 | 메이플스토리,,,,medium
b3d453df19eec36d029b,업데이트 | 뉴스 | 메이플스토리,,,,medium
4b82b28af471a36d0cba,업데이트 | 뉴스 | 메이플스토리,,,,medium
c894ba2ba971f5f25416,업데이트 | 뉴스 | 메이플스토리,,,,medium
a227e4a29abeaa618a06,업데이트 | 뉴스 | 메이플스토리,,,,medium
ce9472b30ea3028243d5,업데이트 | 뉴스 | 메이플스토리,,,,medium
b3154484876675eb1034,업데이트 | 뉴스 | 메이플스토리,,,,medium
99a3aa74e3cf7276c4c8,업데이트 | 뉴스 | 메이플스토리,,,,medium
ed4467bdf52e4ba1d61d,업데이트 | 뉴스 | 메이플스토리,,,,medium
02767d171942cf6cd13f,업데이트 | 뉴스 | 메이플스토리,,,,medium
2658d7b2960f7cf7ff87,업데이트 | 뉴스 | 메이플스토리,,,,medium
9bada51e8a72d5f9f283,업데이트 | 뉴스 | 메이플스토리,,,,medium
3afd9d2284ae0b64a19c,업데이트 | 뉴스 | 메이플스토리,,,,medium
6c69e8024f7bcac0b411,업데이트 | 뉴스 | 메이플스토리,,,,medium
5a31cbb45bd2fdb993ab,업데이트 | 뉴스 | 메이플스토리,,,,medium
c7ceacb9ede858243a9d,업데이트 | 뉴스 | 메이플스토리,,,,medium
4305acc0fd6542919321,업데이트 | 뉴스 | 메이플스토리,,,,medium
56f378a017230098d79e,업데이트 | 뉴스 | 메이플스토리,,,,medium
f713340b7b3871232b50,업데이트 | 뉴스 | 메이플스토리,,,,medium
0491fc61fe149df81d48,업데이트 | 뉴스 | 메이플스토리,,,,medium
fd5533b99fe5aadc312f,업데이트 | 뉴스 | 메이플스토리,,,,medium
4724fa35127ba9e6c989,업데이트 | 뉴스 | 메이플스토리,,,,medium
8f29aa7052489d25899e,업데이트 | 뉴스 | 메이플스토리,,,,medium
92e0dd685f1fa0de4b53,업데이트 | 뉴스 | 메이플스토리,,,,medium
b29668e7116d386e8bed,업데이트 | 뉴스 | 메이플스토리,,,,medium
bfd343ae9e441a2b0cff,업데이트 | 뉴스 | 메이플스토리,,,,medium
ba2a4c5b0e328e9e333b,업데이트 | 뉴스 | 메이플스토리,,,,medium
527024eeaed9d5e5ebd5,업데이트 | 뉴스 | 메이플스토리,,,,medium
681cf656803793ffc2c8,업데이트 | 뉴스 | 메이플스토리,,,,medium
9ab1e4995ee816e91412,업데이트 | 뉴스 | 메이플스토리,,,,medium
aba1714899698bf23d0f,업데이트 | 뉴스 | 메이플스토리,,,,medium
16c27bbe58c18fb5b5a2,업데이트 | 뉴스 | 메이플스토리,,,,medium
6d8adb332711e4ad1c84,업데이트 | 뉴스 | 메이플스토리,,,,medium
0bc2d2313414d6fb491b,업데이트 | 뉴스 | 메이플스토리,,,,medium
65469c39a904e04157ae,업데이트 | 뉴스 | 메이플스토리,,,,medium
c377e9f7cc02bbbd2583,업데이트 | 뉴스 | 메이플스토리,,,,medium
4a48ffa96aea52dd6e1b,업데이트 | 뉴스 | 메이플스토리,,,,medium
caa81fb610b3e2fc5e9b,업데이트 | 뉴스 | 메이플스토리,,,,medium
11b56305730de89c8127,업데이트 | 뉴스 | 메이플스토리,,,,medium
dc9ae5fb2c19bf6ca15c,업데이트 | 뉴스 | 메이플스토리,,,,medium
cdab90a634260246f73b,업데이트 | 뉴스 | 메이플스토리,,,,medium
d94dd2b5ff6b089d5b72,업데이트 | 뉴스 | 메이플스토리,,,,medium
852882ff7f9e7495c673,업데이트 | 뉴스 | 메이플스토리,,,,medium
8f9ad587b8a590bf13c8,업데이트 | 뉴스 | 메이플스토리,,,,medium
4c232dc2a28e484b87c4,업데이트 | 뉴스 | 메이플스토리,,,,medium
22f4784567e446fbb5d5,업데이트 | 뉴스 | 메이플스토리,,,,medium
40c152f29ac14e3ee86f,업데이트 | 뉴스 | 메이플스토리,,,,medium
97eefbeb7cbb76e95ab5,업데이트 | 뉴스 | 메이플스토리,,,,medium
68ba881de20287f10435,업데이트 | 뉴스 | 메이플스토리,,,,medium
4ce424553a7a1dec67e1,업데이트 | 뉴스 | 메이플스토리,,,,medium
8b9db46dc6c4f41ce624,업데이트 | 뉴스 | 메이플스토리,,,,medium
c2a29032fa73d750cd41,업데이트 | 뉴스 | 메이플스토리,,,,medium
b6be94f6306b45020557,업데이트 | 뉴스 | 메이플스토리,,,,medium
b6e519f520635bd88c34,업데이트 | 뉴스 | 메이플스토리,,,,medium
97a687e975000ec10559,업데이트 | 뉴스 | 메이플스토리,,,,medium
afeb0c583b47ff10bfe5,업데이트 | 뉴스 | 메이플스토리,,,,medium
97f8e11b461c5e7b0ac6,업데이트 | 뉴스 | 메이플스토리,,,,medium
075a88a0bcedd7768c2a,업데이트 | 뉴스 | 메이플스토리,,,,medium
8d90db39d369122565a2,업데이트 | 뉴스 | 메이플스토리,,,,medium
505316929700cbf96bbe,업데이트 | 뉴스 | 메이플스토리,,,,medium
03ce5886c03ccbebb13e,업데이트 | 뉴스 | 메이플스토리,,,,medium
7d3aa32962169a043ba0,업데이트 | 뉴스 | 메이플스토리,,,,medium
936caadd325d8221f72b,업데이트 | 뉴스 | 메이플스토리,,,,medium
f09617636edcfc0d2d88,업데이트 | 뉴스 | 메이플스토리,,,,medium
91217f3fddec3f31b62f,업데이트 | 뉴스 | 메이플스토리,,,,medium
78687117093660a8affa,업데이트 | 뉴스 | 메이플스토리,,,,medium
080c895a8854fc44e866,업데이트 | 뉴스 | 메이플스토리,,,,medium
f76784dd16198aa80f25,업데이트 | 뉴스 | 메이플스토리,,,,medium
e8dc0ce1ed933e8cb800,업데이트 | 뉴스 | 메이플스토리,,,,medium
6adad59065bb75ac280c,업데이트 | 뉴스 | 메이플스토리,,,,medium
76480c6600f2b2a3e0ae,업데이트 | 뉴스 | 메이플스토리,,,,medium
f02b5b6f001408bec45b,업데이트 | 뉴스 | 메이플스토리,,,,medium
06cd7c35d343f9fa3756,업데이트 | 뉴스 | 메이플스토리,,,,medium
edb0a022b8ccf13468fa,업데이트 | 뉴스 | 메이플스토리,,,,medium
dd7aa7dd301e1be87643,업데이트 | 뉴스 | 메이플스토리,,,,medium
b57faa3dd57b944fe0e4,업데이트 | 뉴스 | 메이플스토리,,,,medium
4683513a689384fe2c38,업데이트 | 뉴스 | 메이플스토리,,,,medium
035b3545fef377bfc0b4,업데이트 | 뉴스 | 메이플스토리,,,,medium
803c7e3357e89eb76942,업데이트 | 뉴스 | 메이플스토리,,,,medium
6b5fc0542c58073f6573,업데이트 | 뉴스 | 메이플스토리,,,,medium
7fa59dea1f5adf22ad9d,업데이트 | 뉴스 | 메이플스토리,,,,medium
fd24743b94ea494b51da,업데이트 | 뉴스 | 메이플스토리,,,,medium
790f54cec720687c8a34,업데이트 | 뉴스 | 메이플스토리,,,,medium
6bb9c01553ea40e9353e,업데이트 | 뉴스 | 메이플스토리,,,,medium
9c366463fceb7057358c,업데이트 | 뉴스 | 메이플스토리,,,,medium
67df67a5386fcb6aff9e,업데이트 | 뉴스 | 메이플스토리,,,,medium
8be4c663a18a9a0b36ab,업데이트 | 뉴스 | 메이플스토리,,,,medium
696e0bbc39f3945cfe9f,업데이트 | 뉴스 | 메이플스토리,,,,medium
7599caab7303f492e262,업데이트 | 뉴스 | 메이플스토리,,,,medium
d3c4c40059d1712dc147,업데이트 | 뉴스 | 메이플스토리,,,,medium
cd7f05bf5d183d947771,업데이트 | 뉴스 | 메이플스토리,,,,medium
1df6e32a5db8aa482d95,업데이트 | 뉴스 | 메이플스토리,,,,medium
b80d2a11dd12463a2065,업데이트 | 뉴스 | 메이플스토리,,,,medium
20c79b07da085a411309,업데이트 | 뉴스 | 메이플스토리,,,,medium
f32d1ef8b54b665b8a5e,업데이트 | 뉴스 | 메이플스토리,,,,medium
a7783bb31e995c2b64dc,업데이트 | 뉴스 | 메이플스토리,,,,medium
f5e92a7f84c56b3ce074,업데이트 | 뉴스 | 메이플스토리,,,,medium
a0a59dc30a612974ebe9,업데이트 | 뉴스 | 메이플스토리,,,,medium
01c87574bd5c5e0a5351,업데이트 | 뉴스 | 메이플스토리,,,,medium
65a4774464c3cb9c0ac9,업데이트 | 뉴스 | 메이플스토리,,,,medium
a2394b8a0c87cf17197e,업데이트 | 뉴스 | 메이플스토리,,,,medium
8ce06b11e82820b8f5c4,업데이트 | 뉴스 | 메이플스토리,,,,medium
3a23706469cffb23daea,업데이트 | 뉴스 | 메이플스토리,,,,medium
53685efe304a921f15a5,업데이트 | 뉴스 | 메이플스토리,,,,medium
d6d89a76dcc453bbfafd,업데이트 | 뉴스 | 메이플스토리,,,,medium
5e9c69bf323167acc70d,업데이트 | 뉴스 | 메이플스토리,,,,medium
410e95a655950b5ce984,업데이트 | 뉴스 | 메이플스토리,,,,medium
71f8a3ce0bf2c0797963,업데이트 | 뉴스 | 메이플스토리,,,,medium
962dae5d88f461eac01d,업데이트 | 뉴스 | 메이플스토리,,,,medium
22a7eb2700b44bf0bb75,업데이트 | 뉴스 | 메이플스토리,,,,medium
08d7ca2ff3de57597c59,업데이트 | 뉴스 | 메이플스토리,,,,medium
206b4266d708dda893e6,업데이트 | 뉴스 | 메이플스토리,,,,medium
81a723a3398543871b12,업데이트 | 뉴스 | 메이플스토리,,,,medium
407672d011a1402e9ecb,업데이트 | 뉴스 | 메이플스토리,,,,medium
ac5922833ca478b2ac87,업데이트 | 뉴스 | 메이플스토리,,,,medium
2529a7b4195df62765a6,업데이트 | 뉴스 | 메이플스토리,,,,medium
0e3fa12c57f7e6e26091,업데이트 | 뉴스 | 메이플스토리,,,,medium
0c70af26714a12bf4a22,업데이트 | 뉴스 | 메이플스토리,,,,medium
ad4a8db31eed8b839dc4,업데이트 | 뉴스 | 메이플스토리,,,,medium
48748caedcd451ce88d4,업데이트 | 뉴스 | 메이플스토리,,,,medium
3036e96b2ab6eaecb2e5,업데이트 | 뉴스 | 메이플스토리,,,,medium
f76c249afc4f5b3a6823,업데이트 | 뉴스 | 메이플스토리,,,,medium
041864daa09b75121650,업데이트 | 뉴스 | 메이플스토리,,,,medium
b44fcad962188c7134e1,업데이트 | 뉴스 | 메이플스토리,,,,medium
0c3d23fef267eb1d13fa,업데이트 | 뉴스 | 메이플스토리,,,,medium
ba255324fb85e874c79d,업데이트 | 뉴스 | 메이플스토리,,,,medium
c10faf2f104eccb5b15a,업데이트 | 뉴스 | 메이플스토리,,,,medium
d26715fb6693b1ca9d43,업데이트 | 뉴스 | 메이플스토리,,,,medium
406741da0cf4ec5eebdc,업데이트 | 뉴스 | 메이플스토리,,,,medium
c15588f8c1e9fbf48b65,업데이트 | 뉴스 | 메이플스토리,,,,medium
e01ad1e47e1948324e88,업데이트 | 뉴스 | 메이플스토리,,,,medium
c9f88c4f484a02d0cf28,업데이트 | 뉴스 | 메이플스토리,,,,medium
13b57fece9bb81a8f6e2,업데이트 | 뉴스 | 메이플스토리,,,,medium
b45de58e2e52292670e9,업데이트 | 뉴스 | 메이플스토리,,,,medium
fa6c059abc3870c3cb58,업데이트 | 뉴스 | 메이플스토리,,,,medium
b178322cb217ef91f677,업데이트 | 뉴스 | 메이플스토리,,,,medium
30dd71ad141c10b9510b,업데이트 | 뉴스 | 메이플스토리,,,,medium
3fd6b4473017eb6eed35,업데이트 | 뉴스 | 메이플스토리,,,,medium
749eb49a83e84bbe7fef,업데이트 | 뉴스 | 메이플스토리,,,,medium
ede01f563347c0f61f21,업데이트 | 뉴스 | 메이플스토리,,,,medium
79e2134883ae9325df4b,업데이트 | 뉴스 | 메이플스토리,,,,medium
1a424b682f6d4f368ca1,업데이트 | 뉴스 | 메이플스토리,,,,medium
7cf3e254127550fd6c3e,업데이트 | 뉴스 | 메이플스토리,,,,medium
b54ecd29b8b31fe1d869,업데이트 | 뉴스 | 메이플스토리,,,,medium
2cd9beda4ef4400c3b52,업데이트 | 뉴스 | 메이플스토리,,,,medium
7471e4614f3deb5419f7,업데이트 | 뉴스 | 메이플스토리,,,,medium
64bd0d6b1735a8048dbf,업데이트 | 뉴스 | 메이플스토리,,,,medium
e84cd37e54ec24d1f0e4,업데이트 | 뉴스 | 메이플스토리,,,,medium
865ee902752321ea1eb8,업데이트 | 뉴스 | 메이플스토리,,,,medium
933c9bbfbe100da3c1b6,업데이트 | 뉴스 | 메이플스토리,,,,medium
305a43e8af498f75643a,업데이트 | 뉴스 | 메이플스토리,,,,medium
b98704368b18dcd099fd,업데이트 | 뉴스 | 메이플스토리,,,,medium
522bd0b34d19527ebe62,업데이트 | 뉴스 | 메이플스토리,,,,medium
89dedb3b7b1b28bba3cd,업데이트 | 뉴스 | 메이플스토리,,,,medium
7e071b7a08f9c672db76,업데이트 | 뉴스 | 메이플스토리,,,,medium
80bff8a292f22c302ca0,업데이트 | 뉴스 | 메이플스토리,,,,medium
b683efc1745e4cca6695,업데이트 | 뉴스 | 메이플스토리,,,,medium
27ecc9712469054944b1,업데이트 | 뉴스 | 메이플스토리,,,,medium
7ca8c847e3d4b806d4a7,업데이트 | 뉴스 | 메이플스토리,,,,medium
03514a5ad0bc2043e66a,업데이트 | 뉴스 | 메이플스토리,,,,medium
a8034eecf597f41e5ba5,업데이트 | 뉴스 | 메이플스토리,,,,medium
2ea59711411248f26d84,업데이트 | 뉴스 | 메이플스토리,,,,medium
417346bdd21a1407779e,업데이트 | 뉴스 | 메이플스토리,,,,medium
494d067a117e08c9c626,업데이트 | 뉴스 | 메이플스토리,,,,medium
c7bf4d5e8838651f6a22,업데이트 | 뉴스 | 메이플스토리,,,,medium
395fdf4d17139141f313,업데이트 | 뉴스 | 메이플스토리,,,,medium
d5f08974341b5b04a192,업데이트 | 뉴스 | 메이플스토리,,,,medium
35203274d82e3aef5c8b,업데이트 | 뉴스 | 메이플스토리,,,,medium
09e7634076ae9bc39840,업데이트 | 뉴스 | 메이플스토리,,,,medium
59fc3d641d0b855db583,업데이트 | 뉴스 | 메이플스토리,,,,medium
aa2b57ee17a798dcb2f7,업데이트 | 뉴스 | 메이플스토리,,,,medium
96099d4af5509bcfdab9,업데이트 | 뉴스 | 메이플스토리,,,,medium
2f150c8d378a62f678cb,업데이트 | 뉴스 | 메이플스토리,,,,medium
5fdee51cd17c99c58f79,업데이트 | 뉴스 | 메이플스토리,,,,medium
57c4bc33e2e0580d8fa1,업데이트 | 뉴스 | 메이플스토리,,,,medium
e3134a4d719407d59069,업데이트 | 뉴스 | 메이플스토리,,,,medium
7489e8d8305f0e987c49,업데이트 | 뉴스 | 메이플스토리,,,,medium
c9c70a0107834bf6c0f7,업데이트 | 뉴스 | 메이플스토리,,,,medium
92c94233c40c248df639,업데이트 | 뉴스 | 메이플스토리,,,,medium
7d3ebba068e659ace308,업데이트 | 뉴스 | 메이플스토리,,,,medium
73c85963db5df53163ae,업데이트 | 뉴스 | 메이플스토리,,,,medium
dc1d6a5cbbddb9b2d88e,업데이트 | 뉴스 | 메이플스토리,,,,medium
b201d980cbc202124726,업데이트 | 뉴스 | 메이플스토리,,,,medium
a3ed4df58ce9072eeba7,업데이트 | 뉴스 | 메이플스토리,,,,medium
a86fabef74391b047f6b,업데이트 | 뉴스 | 메이플스토리,,,,medium
27bec73aecb07d4feeb3,업데이트 | 뉴스 | 메이플스토리,,,,medium
4c232c2ddcc11939d50c,업데이트 | 뉴스 | 메이플스토리,,,,medium
1ec84043deaa4e563af4,업데이트 | 뉴스 | 메이플스토리,,,,medium
7a3045069da90cb6881b,업데이트 | 뉴스 | 메이플스토리,,,,medium
5f33a794cc470325837a,업데이트 | 뉴스 | 메이플스토리,,,,medium
6110560d4712fcf475d8,업데이트 | 뉴스 | 메이플스토리,,,,medium
313c2c370ca628b36ad9,업데이트 | 뉴스 | 메이플스토리,,,,medium
e17834eca1d7b2acd534,업데이트 | 뉴스 | 메이플스토리,,,,medium
397e1097e8f26c3b3eb3,업데이트 | 뉴스 | 메이플스토리,,,,medium
56b1fda05822d77f15e2,업데이트 | 뉴스 | 메이플스토리,,,,medium
32ddd263092cc5cd6319,업데이트 | 뉴스 | 메이플스토리,,,,medium
4f3271f082295c460ffa,업데이트 | 뉴스 | 메이플스토리,,,,medium
4c31da25e7626f4c0899,업데이트 | 뉴스 | 메이플스토리,,,,medium
de86ee28e6ed81938aa2,업데이트 | 뉴스 | 메이플스토리,,,,medium
609a0282b69b16259289,업데이트 | 뉴스 | 메이플스토리,,,,medium
eff3e8a519e5b99df4cf,업데이트 | 뉴스 | 메이플스토리,,,,medium
d4cde6f2c1c6fb6a527f,업데이트 | 뉴스 | 메이플스토리,,,,medium
ac99785545265c90fda4,업데이트 | 뉴스 | 메이플스토리,,,,medium
cfad4554d61f0fb9b860,업데이트 | 뉴스 | 메이플스토리,,,,medium
b4aad02af907c4fa396a,업데이트 | 뉴스 | 메이플스토리,,,,medium
8129ad44b09c58955005,업데이트 | 뉴스 | 메이플스토리,,,,medium
9ac4c6037e24f406178a,업데이트 | 뉴스 | 메이플스토리,,,,medium
6c2045add3a1f2afa26b,업데이트 | 뉴스 | 메이플스토리,,,,medium
b358212bf2bddce0d659,업데이트 | 뉴스 | 메이플스토리,,,,medium
f0d8fa90687d906f4b7f,업데이트 | 뉴스 | 메이플스토리,,,,medium
03ef58b63b241d61a743,업데이트 | 뉴스 | 메이플스토리,,,,medium
e4c33742e168334ede19,업데이트 | 뉴스 | 메이플스토리,,,,medium
495a16dedb2b93b833af,업데이트 | 뉴스 | 메이플스토리,,,,medium
55ddc4a08520ed981bd4,업데이트 | 뉴스 | 메이플스토리,,,,medium
a9fd472301517dde1ce1,업데이트 | 뉴스 | 메이플스토리,,,,medium
2fb52999cdc83bc01981,업데이트 | 뉴스 | 메이플스토리,,,,medium
c726064281cdfee9debb,업데이트 | 뉴스 | 메이플스토리,,,,medium
53ff149dfb57c8f462c2,업데이트 | 뉴스 | 메이플스토리,,,,medium
8a23c99a1e496bb26f8a,업데이트 | 뉴스 | 메이플스토리,,,,medium
86416d977915dbcd3ab4,업데이트 | 뉴스 | 메이플스토리,,,,medium
f44508618e7ae7da8715,업데이트 | 뉴스 | 메이플스토리,,,,medium
462c0a7554535267b8bc,업데이트 | 뉴스 | 메이플스토리,,,,medium
1479eeb08c8b1707e58f,업데이트 | 뉴스 | 메이플스토리,,,,medium
2cec78d189f1c6a793eb,업데이트 | 뉴스 | 메이플스토리,,,,medium
f292abd9e5dd525b809e,업데이트 | 뉴스 | 메이플스토리,,,,medium
86d40d70d8db774fd9d5,업데이트 | 뉴스 | 메이플스토리,,,,medium
0d2880e64bdb57ea2fc1,업데이트 | 뉴스 | 메이플스토리,,,,medium
2ce740781ccf96c085b7,업데이트 | 뉴스 | 메이플스토리,,,,medium
1a98ebdc602fc9b447f1,업데이트 | 뉴스 | 메이플스토리,,,,medium
964c924cdfaef9487ea1,업데이트 | 뉴스 | 메이플스토리,,,,medium
17207aa4494be0e13616,업데이트 | 뉴스 | 메이플스토리,,,,medium
a1220a8bd887530ab6e5,업데이트 | 뉴스 | 메이플스토리,,,,medium
3b0f64614e199ee6777c,업데이트 | 뉴스 | 메이플스토리,,,,medium
0122005a1f9172521e01,업데이트 | 뉴스 | 메이플스토리,,,,medium
eaf7252ca19e21b9964f,업데이트 | 뉴스 | 메이플스토리,,,,medium
f9a6124ea751c690aee0,업데이트 | 뉴스 | 메이플스토리,,,,medium
93d1a61206d7c01e3899,업데이트 | 뉴스 | 메이플스토리,,,,medium
eb5aae6a229a4ea4ce24,업데이트 | 뉴스 | 메이플스토리,,,,medium
50f6f8513c4bee3840da,업데이트 | 뉴스 | 메이플스토리,,,,medium
5618b4b47ee9e08ba3ac,업데이트 | 뉴스 | 메이플스토리,,,,medium
3c74c3c524ecaedaccc5,업데이트 | 뉴스 | 메이플스토리,,,,medium
764269422466364e26bf,업데이트 | 뉴스 | 메이플스토리,,,,medium
1e6dbcb158ec23929a3f,업데이트 | 뉴스 | 메이플스토리,,,,medium
299ea43740281b816da3,업데이트 | 뉴스 | 메이플스토리,,,,medium
0d8d7c25c8283eaf8b8e,업데이트 | 뉴스 | 메이플스토리,,,,medium
867adaafd48693fbb20e,업데이트 | 뉴스 | 메이플스토리,,,,medium
1edaf71f2498b3905632,업데이트 | 뉴스 | 메이플스토리,,,,medium
0f31704bcd32c46f8b7e,업데이트 | 뉴스 | 메이플스토리,,,,medium
d450fd23645cb9e6bd66,업데이트 | 뉴스 | 메이플스토리,,,,medium
b60b94d11781f6c0317b,업데이트 | 뉴스 | 메이플스토리,,,,medium
e0ff24b0485b0047d594,업데이트 | 뉴스 | 메이플스토리,,,,medium
19ceeb7ce016221cd0ed,업데이트 | 뉴스 | 메이플스토리,,,,medium
a84ba1432db97e8f93ea,업데이트 | 뉴스 | 메이플스토리,,,,medium
d23fa1697b1012f4c703,업데이트 | 뉴스 | 메이플스토리,,,,medium
cf55c896ca09b14dd591,업데이트 | 뉴스 | 메이플스토리,,,,medium
ba0d1cc91fbbd0ab1992,업데이트 | 뉴스 | 메이플스토리,,,,medium
6d58bda7b5835f13603a,업데이트 | 뉴스 | 메이플스토리,,,,medium
a92678480e25cda49d96,업데이트 | 뉴스 | 메이플스토리,,,,medium
5b954798b3ba6755ab63,업데이트 | 뉴스 | 메이플스토리,,,,medium
322c63421dcc2ec560f7,업데이트 | 뉴스 | 메이플스토리,,,,medium
6f938f17f04597854a53,업데이트 | 뉴스 | 메이플스토리,,,,medium
aa0c97421762604865f3,업데이트 | 뉴스 | 메이플스토리,,,,medium
9033a8c1b87797d83b89,업데이트 | 뉴스 | 메이플스토리,,,,medium
1b96b27ee13e052bbe70,업데이트 | 뉴스 | 메이플스토리,,,,medium
1a4bba52c3ec65cbb289,업데이트 | 뉴스 | 메이플스토리,,,,medium
fb0349bfd42485fa0365,업데이트 | 뉴스 | 메이플스토리,,,,medium
e6380a0f53a72312e557,업데이트 | 뉴스 | 메이플스토리,,,,medium
423e5c5d2aae04519e3d,업데이트 | 뉴스 | 메이플스토리,,,,medium
90115ae65e1f844bcf57,업데이트 | 뉴스 | 메이플스토리,,,,medium
4ffe3da16970d70216a4,업데이트 | 뉴스 | 메이플스토리,,,,medium
202b89a9ab803dc04636,업데이트 | 뉴스 | 메이플스토리,,,,medium
5f3ceaf9314463a25722,업데이트 | 뉴스 | 메이플스토리,,,,medium
75d5005a643d322db79a,업데이트 | 뉴스 | 메이플스토리,,,,medium
77d2a2542bdbfbcdb2a7,업데이트 | 뉴스 | 메이플스토리,,,,medium
e1f9d39fe337c54705ee,업데이트 | 뉴스 | 메이플스토리,,,,medium
b5d5efcfeb15fe8eb975,업데이트 | 뉴스 | 메이플스토리,,,,medium
0ed6a1a55d74394b4400,업데이트 | 뉴스 | 메이플스토리,,,,medium
a55d616b19608bbbae26,업데이트 | 뉴스 | 메이플스토리,,,,medium
2d4624aa7c270c94058f,업데이트 | 뉴스 | 메이플스토리,,,,medium
eff04d8a338ab56af3b8,업데이트 | 뉴스 | 메이플스토리,,,,medium
a388ccadecf3c462ee04,업데이트 | 뉴스 | 메이플스토리,,,,medium
a0de05a8e61ca9a470c2,업데이트 | 뉴스 | 메이플스토리,,,,medium
41f858194e0d65e8ea9a,업데이트 | 뉴스 | 메이플스토리,,,,medium
d31a9020359c9be839aa,업데이트 | 뉴스 | 메이플스토리,,,,medium
7df2c7df0e7f2108306b,업데이트 | 뉴스 | 메이플스토리,,,,medium
5bcb256ac162a27e803e,업데이트 | 뉴스 | 메이플스토리,,,,medium
d4a101c7d17fda73a346,업데이트 | 뉴스 | 메이플스토리,,,,medium
a1a6100235e58b5d939a,업데이트 | 뉴스 | 메이플스토리,,,,medium
f6252e65803894cd051a,업데이트 | 뉴스 | 메이플스토리,,,,medium
f94d16495107dc6e7aed,업데이트 | 뉴스 | 메이플스토리,,,,medium
f70ca7122333d1b1afab,업데이트 | 뉴스 | 메이플스토리,,,,medium
74629b7744be8f3d1c4f,업데이트 | 뉴스 | 메이플스토리,,,,medium
6444a243fcc4c373a4e7,업데이트 | 뉴스 | 메이플스토리,,,,medium
c8c42aa49d33d3eb6b2e,업데이트 | 뉴스 | 메이플스토리,,,,medium
cf85f999ea0392f6bdaa,업데이트 | 뉴스 | 메이플스토리,,,,medium
4e7a3c88fb77b9a5625a,업데이트 | 뉴스 | 메이플스토리,,,,medium
323f52cd3794c7af5426,업데이트 | 뉴스 | 메이플스토리,,,,medium
82cc5f821fe8f0fd751a,업데이트 | 뉴스 | 메이플스토리,,,,medium
49b9d52a5ba13f86fa41,업데이트 | 뉴스 | 메이플스토리,,,,medium
e82cd9303d76d8a1e281,업데이트 | 뉴스 | 메이플스토리,,,,medium
b178382ad124044cce75,업데이트 | 뉴스 | 메이플스토리,,,,medium
dfbdf02e4bc615adcc36,업데이트 | 뉴스 | 메이플스토리,,,,medium
2c0558d999f5b1f6062b,업데이트 | 뉴스 | 메이플스토리,,,,medium
952be76bf9dea88b64d4,업데이트 | 뉴스 | 메이플스토리,,,,medium
78f9e2ab3cd36b725293,업데이트 | 뉴스 | 메이플스토리,,,,medium
0483a1f86686658abecf,업데이트 | 뉴스 | 메이플스토리,,,,medium
edf39052093f320cdd8d,업데이트 | 뉴스 | 메이플스토리,,,,medium
58471b42f815dcd77b7a,업데이트 | 뉴스 | 메이플스토리,,,,medium
3896aacde11e83860c63,업데이트 | 뉴스 | 메이플스토리,,,,medium
ec22e9828112dcaf1e1c,업데이트 | 뉴스 | 메이플스토리,,,,medium
dc58638a5a8ffd68fb9d,업데이트 | 뉴스 | 메이플스토리,,,,medium
ebd7d819a6f72c293fde,업데이트 | 뉴스 | 메이플스토리,,,,medium
0da00f3725c6c6190fed,업데이트 | 뉴스 | 메이플스토리,,,,medium
b1c3d181051da9387dcc,업데이트 | 뉴스 | 메이플스토리,,,,medium
b4db47c39adbb824578a,업데이트 | 뉴스 | 메이플스토리,,,,medium
cb3fee7d2cbc1891bc62,업데이트 | 뉴스 | 메이플스토리,,,,medium
bba981b71c88953533ea,업데이트 | 뉴스 | 메이플스토리,,,,medium
ad8eb992705074b91f2c,업데이트 | 뉴스 | 메이플스토리,,,,medium
06535898fbecc39aa94e,업데이트 | 뉴스 | 메이플스토리,,,,medium
6ffe9f0ae3f07015c6f9,업데이트 | 뉴스 | 메이플스토리,,,,medium
9c9d5c372ae33ace1007,업데이트 | 뉴스 | 메이플스토리,,,,medium
c3d7c8aa4737cf11c5f8,업데이트 | 뉴스 | 메이플스토리,,,,medium
2ea16ce3cb38d9702999,업데이트 | 뉴스 | 메이플스토리,,,,medium
6f0b4a76ecf989181edd,업데이트 | 뉴스 | 메이플스토리,,,,medium
cc4adce81e14d007cd1c,업데이트 | 뉴스 | 메이플스토리,,,,medium
5682fd358616b8ac80da,업데이트 | 뉴스 | 메이플스토리,,,,medium
c0c974bb78b86371d029,업데이트 | 뉴스 | 메이플스토리,,,,medium
d9a437c9b27387ee9a61,업데이트 | 뉴스 | 메이플스토리,,,,medium
3f8a04d0390fa5ac00dd,업데이트 | 뉴스 | 메이플스토리,,,,medium
daf7556c5c2d5c10b181,업데이트 | 뉴스 | 메이플스토리,,,,medium
8c0ade16c608ac741136,업데이트 | 뉴스 | 메이플스토리,,,,medium
bebb48ce2f1ca464b523,업데이트 | 뉴스 | 메이플스토리,,,,medium
a552bedc77281f160fd3,업데이트 | 뉴스 | 메이플스토리,,,,medium
dab2869437e6f862f0e1,업데이트 | 뉴스 | 메이플스토리,,,,medium
fbc82dca1b3ac51e9860,업데이트 | 뉴스 | 메이플스토리,,,,medium
9c45bbc985705684cd6c,업데이트 | 뉴스 | 메이플스토리,,,,medium
f5306fb25abd17521c28,업데이트 | 뉴스 | 메이플스토리,,,,medium
1c436ffd7354fe662d28,업데이트 | 뉴스 | 메이플스토리,,,,medium
5194dfc1faa6cea59afd,업데이트 | 뉴스 | 메이플스토리,,,,medium
e8e6809e6475197cda54,업데이트 | 뉴스 | 메이플스토리,,,,medium
2126a2b1bb73d93cc438,업데이트 | 뉴스 | 메이플스토리,,,,medium
b47becab53280e3dd5d7,업데이트 | 뉴스 | 메이플스토리,,,,medium
f1df55196b83b8fadcde,업데이트 | 뉴스 | 메이플스토리,,,,medium
fa21251199b7372365c4,업데이트 | 뉴스 | 메이플스토리,,,,medium
df9143c3f9e4cf131d31,업데이트 | 뉴스 | 메이플스토리,,,,medium
596996e3218faa7b8c4e,업데이트 | 뉴스 | 메이플스토리,,,,medium
9b93be655d3640886505,업데이트 | 뉴스 | 메이플스토리,,,,medium
29eca1317c08ded91cea,업데이트 | 뉴스 | 메이플스토리,,,,medium
ef34b14ab448d743fcce,업데이트 | 뉴스 | 메이플스토리,,,,medium
dff8cfe9882847715d41,업데이트 | 뉴스 | 메이플스토리,,,,medium
da931c819e8dd05f9b19,업데이트 | 뉴스 | 메이플스토리,,,,medium
d8155951ff0ceff55a59,업데이트 | 뉴스 | 메이플스토리,,,,medium
648f606a203ccf97dee8,업데이트 | 뉴스 | 메이플스토리,,,,medium
0f2d2b08930fcf18c632,업데이트 | 뉴스 | 메이플스토리,,,,medium
b65aa8a2f85fe44487d7,업데이트 | 뉴스 | 메이플스토리,,,,medium
4ca719ae8e6d69267944,업데이트 | 뉴스 | 메이플스토리,,,,medium
f9b6045d0d45f2cafc91,업데이트 | 뉴스 | 메이플스토리,,,,medium
3e4a7dd4915461ef3c11,업데이트 | 뉴스 | 메이플스토리,,,,medium
d98dccd6d5cbdf60b6ec,업데이트 | 뉴스 | 메이플스토리,,,,medium
3ce65d173e6b43f36638,업데이트 | 뉴스 | 메이플스토리,,,,medium
6095c08fbf54cf2085c9,업데이트 | 뉴스 | 메이플스토리,,,,medium
e92ae4bc634fecb994a9,업데이트 | 뉴스 | 메이플스토리,,,,medium
04ba84b0f65d516cd722,업데이트 | 뉴스 | 메이플스토리,,,,medium
07c3dcb257ee0decfd2b,업데이트 | 뉴스 | 메이플스토리,,,,medium
839673d9d9fad8d231c5,업데이트 | 뉴스 | 메이플스토리,,,,medium
3ecb96844066e689d0f8,업데이트 | 뉴스 | 메이플스토리,,,,medium
6b2a3733dbd1792cbd40,업데이트 | 뉴스 | 메이플스토리,,,,medium
1175561c879736ca4b40,업데이트 | 뉴스 | 메이플스토리,,,,medium
b712640d5447d09e77b8,업데이트 | 뉴스 | 메이플스토리,,,,medium
fbd6420c89538b9ef752,업데이트 | 뉴스 | 메이플스토리,,,,medium
0d9a1832d62e0d60ea67,업데이트 | 뉴스 | 메이플스토리,,,,medium
9b55e2864e373e480ef0,업데이트 | 뉴스 | 메이플스토리,,,,medium
76ed57850c125d365823,업데이트 | 뉴스 | 메이플스토리,,,,medium
0e807db968fe392cb5a8,업데이트 | 뉴스 | 메이플스토리,,,,medium
65fa276fd5a128319512,업데이트 | 뉴스 | 메이플스토리,,,,medium
2a49f7ea2d6faa95359b,업데이트 | 뉴스 | 메이플스토리,,,,medium
ce54ef2bbe6dabdfbf75,업데이트 | 뉴스 | 메이플스토리,,,,medium
53f48aaca5da104c97c8,업데이트 | 뉴스 | 메이플스토리,,,,medium
90718da11692449276c6,업데이트 | 뉴스 | 메이플스토리,,,,medium
22c04cb036cca57f2427,업데이트 | 뉴스 | 메이플스토리,,,,medium
cc2c9a7354d0b3496a62,업데이트 | 뉴스 | 메이플스토리,,,,medium
43ebe398e6def056f5a2,업데이트 | 뉴스 | 메이플스토리,,,,medium
bd98b33038f5e5eb44d5,업데이트 | 뉴스 | 메이플스토리,,,,medium
73bb443104826e0a042d,업데이트 | 뉴스 | 메이플스토리,,,,medium
1231be1e35130614556c,업데이트 | 뉴스 | 메이플스토리,,,,medium
6c7cc1b8d90ae6304e9a,업데이트 | 뉴스 | 메이플스토리,,,,medium
bc02832e520246b234b2,업데이트 | 뉴스 | 메이플스토리,,,,medium
169e6dc46bbe5ca0dc76,업데이트 | 뉴스 | 메이플스토리,,,,medium
a5024f7fd90ba1babdf1,업데이트 | 뉴스 | 메이플스토리,,,,medium
15ba1bb5662ea8770ee2,업데이트 | 뉴스 | 메이플스토리,,,,medium
cf85219730dd59ec7748,업데이트 | 뉴스 | 메이플스토리,,,,medium
f37ea2057dc4673b5000,업데이트 | 뉴스 | 메이플스토리,,,,medium
11dd43914782aff217bd,업데이트 | 뉴스 | 메이플스토리,,,,medium
be1e1ba03161d15fe978,업데이트 | 뉴스 | 메이플스토리,,,,medium
d94f3e3e0e515d0a8c22,업데이트 | 뉴스 | 메이플스토리,,,,medium
13a78e23354f3e27f58b,업데이트 | 뉴스 | 메이플스토리,,,,medium
79738378b674d4219591,업데이트 | 뉴스 | 메이플스토리,,,,medium
ababd7c04b386738893e,업데이트 | 뉴스 | 메이플스토리,,,,medium
76a2c33bc9518a8fe5a5,업데이트 | 뉴스 | 메이플스토리,,,,medium
12db84365b26c505ac57,업데이트 | 뉴스 | 메이플스토리,,,,medium
773b5cde14d73f11f8a3,업데이트 | 뉴스 | 메이플스토리,,,,medium
a631af9bf5de67af90fc,업데이트 | 뉴스 | 메이플스토리,,,,medium
2b026bbda948201677cc,업데이트 | 뉴스 | 메이플스토리,,,,medium
faad5800be31e09cfe62,업데이트 | 뉴스 | 메이플스토리,,,,medium
d4ed00e9426bc4d142b8,업데이트 | 뉴스 | 메이플스토리,,,,medium
16bafbbb7de11e1ea47b,업데이트 | 뉴스 | 메이플스토리,,,,medium
9eeebbc96f94e1f43347,업데이트 | 뉴스 | 메이플스토리,,,,medium
b25fab69cf5b47d56daf,업데이트 | 뉴스 | 메이플스토리,,,,medium
831fbe2a8a363d145aae,업데이트 | 뉴스 | 메이플스토리,,,,medium
1f375b0c661004d7e0e9,업데이트 | 뉴스 | 메이플스토리,,,,medium
945419eaf03d029be83f,업데이트 | 뉴스 | 메이플스토리,,,,medium
fbe77160d7816a64b553,업데이트 | 뉴스 | 메이플스토리,,,,medium
20653c9ff42672b35b4a,업데이트 | 뉴스 | 메이플스토리,,,,medium
b5869bd9001a811fc704,업데이트 | 뉴스 | 메이플스토리,,,,medium
7f6a1df057a5bcf8186f,업데이트 | 뉴스 | 메이플스토리,,,,medium
08402f729f5c14fc44e5,업데이트 | 뉴스 | 메이플스토리,,,,medium
263d589a31dc6152d7ed,업데이트 | 뉴스 | 메이플스토리,,,,medium
4f5406ea36e7dad1550e,업데이트 | 뉴스 | 메이플스토리,,,,medium
83af13073c57fd44d0de,업데이트 | 뉴스 | 메이플스토리,,,,medium
e558690cebb8bf411f5a,업데이트 | 뉴스 | 메이플스토리,,,,medium
5b76e7c8ff92e5eefd04,업데이트 | 뉴스 | 메이플스토리,,,,medium
359137094cc8aff37650,업데이트 | 뉴스 | 메이플스토리,,,,medium
b04a8a57445e6483343d,업데이트 | 뉴스 | 메이플스토리,,,,medium
0507a621f261196996a1,업데이트 | 뉴스 | 메이플스토리,,,,medium
abfc95caf47460150589,업데이트 | 뉴스 | 메이플스토리,,,,medium
c04e979f8ccb6b2b6d1c,업데이트 | 뉴스 | 메이플스토리,,,,medium
d5aa6ec9b17e1c43ef95,업데이트 | 뉴스 | 메이플스토리,,,,medium
85c8c5f355685834f7b2,업데이트 | 뉴스 | 메이플스토리,,,,medium
b839842c1200d2ce3b47,업데이트 | 뉴스 | 메이플스토리,,,,medium
216f69542a8cba48d895,업데이트 | 뉴스 | 메이플스토리,,,,medium
39efeb26bf765a843a0c,업데이트 | 뉴스 | 메이플스토리,,,,medium
1639074076e05308d5fc,업데이트 | 뉴스 | 메이플스토리,,,,medium
df35c81337a21a0e44e6,업데이트 | 뉴스 | 메이플스토리,,,,medium
0a83351a354e5bd658e3,업데이트 | 뉴스 | 메이플스토리,,,,medium
bcd9ed738aa2432837ee,업데이트 | 뉴스 | 메이플스토리,,,,medium
5b9bc5764cabbc040cdc,업데이트 | 뉴스 | 메이플스토리,,,,medium
05fc1cb2b10c25898ab1,업데이트 | 뉴스 | 메이플스토리,,,,medium
eb3aa9f9308c2f301d0d,업데이트 | 뉴스 | 메이플스토리,,,,medium
b3ebee8be78e9dfabdf7,업데이트 | 뉴스 | 메이플스토리,,,,medium
8f0ac1f24749b1221a84,업데이트 | 뉴스 | 메이플스토리,,,,medium
4e43ba03b11b597e6ce8,업데이트 | 뉴스 | 메이플스토리,,,,medium
177549405e4f95111b51,업데이트 | 뉴스 | 메이플스토리,,,,medium
d65b232bc45dce28cc81,업데이트 | 뉴스 | 메이플스토리,,,,medium
977d0e43cf2197f3640a,업데이트 | 뉴스 | 메이플스토리,,,,medium
e826b5ab0395e24df156,업데이트 | 뉴스 | 메이플스토리,,,,medium
eb81df463bfcccdcab25,업데이트 | 뉴스 | 메이플스토리,,,,medium
e19fe2e1e293b0668362,업데이트 | 뉴스 | 메이플스토리,,,,medium
3f69a0ab528629861f86,업데이트 | 뉴스 | 메이플스토리,,,,medium
fd848382264833a23aa2,업데이트 | 뉴스 | 메이플스토리,,,,medium
fabeb99764ca4a25b4f8,업데이트 | 뉴스 | 메이플스토리,,,,medium
53a63e2cd570b49459d4,업데이트 | 뉴스 | 메이플스토리,,,,medium
32bfc17a876807cd0cc6,업데이트 | 뉴스 | 메이플스토리,,,,medium
b47013c738c24786154b,업데이트 | 뉴스 | 메이플스토리,,,,medium
25b7ee24ea97b5700371,업데이트 | 뉴스 | 메이플스토리,,,,medium
d34b75be2602e66d50af,업데이트 | 뉴스 | 메이플스토리,,,,medium
d566c56f214d212ca98c,업데이트 | 뉴스 | 메이플스토리,,,,medium
0a451a8af5e17a92e060,업데이트 | 뉴스 | 메이플스토리,,,,medium
cf001cedb256719449ef,업데이트 | 뉴스 | 메이플스토리,,,,medium
70d700695fd2211f84a4,업데이트 | 뉴스 | 메이플스토리,,,,medium
911e1d2ab7b6d7e85485,업데이트 | 뉴스 | 메이플스토리,,,,medium
24d985a8494102cce9dc,업데이트 | 뉴스 | 메이플스토리,,,,medium
c4221fbfca0658930134,업데이트 | 뉴스 | 메이플스토리,,,,medium
ef68717662d6e5bde165,업데이트 | 뉴스 | 메이플스토리,,,,medium
1415897514b9d9e5fd13,업데이트 | 뉴스 | 메이플스토리,,,,medium
5e29f6eb5d5b637d2b93,업데이트 | 뉴스 | 메이플스토리,,,,medium
5bd75c29cde24b315ce1,업데이트 | 뉴스 | 메이플스토리,,,,medium
c051fd5dbddde65f3cc1,업데이트 | 뉴스 | 메이플스토리,,,,medium
9d96b821bbefe1425f59,업데이트 | 뉴스 | 메이플스토리,,,,medium
502b612d9de25547fc15,업데이트 | 뉴스 | 메이플스토리,,,,medium
a65c720340dd67d76d69,업데이트 | 뉴스 | 메이플스토리,,,,medium
5507bfa716b6e255e899,업데이트 | 뉴스 | 메이플스토리,,,,medium
918c2f475361d66e5d34,업데이트 | 뉴스 | 메이플스토리,,,,medium
797ccb6074177e23029a,업데이트 | 뉴스 | 메이플스토리,,,,medium
a4db783367af27ab9e32,업데이트 | 뉴스 | 메이플스토리,,,,medium
6c166f33f17abc9714e6,업데이트 | 뉴스 | 메이플스토리,,,,medium
9c189cee4909eec587c6,업데이트 | 뉴스 | 메이플스토리,,,,medium
44bbb1c96e63d2bfcda7,업데이트 | 뉴스 | 메이플스토리,,,,medium
d840437a17cc32f2908f,업데이트 | 뉴스 | 메이플스토리,,,,medium
abefce9a7e3d7f69de25,업데이트 | 뉴스 | 메이플스토리,,,,medium
56fcbcf3fd785ddc742c,업데이트 | 뉴스 | 메이플스토리,,,,medium
be05b4c2205010320225,업데이트 | 뉴스 | 메이플스토리,,,,medium
6720f3943f622a3408e0,업데이트 | 뉴스 | 메이플스토리,,,,medium
2432fc48dc7f0828c249,업데이트 | 뉴스 | 메이플스토리,,,,medium
f721da449ecc5f4883fe,업데이트 | 뉴스 | 메이플스토리,,,,medium
f3aa2aa80d5a8a8c31c8,업데이트 | 뉴스 | 메이플스토리,,,,medium
e0c5daf59ccadc3ee6cb,업데이트 | 뉴스 | 메이플스토리,,,,medium
40d9726a04ca6d5cac70,업데이트 | 뉴스 | 메이플스토리,,,,medium
84c8d6187252e3388d7f,업데이트 | 뉴스 | 메이플스토리,,,,medium
eceaacf5666e5bef5d60,업데이트 | 뉴스 | 메이플스토리,,,,medium
8c0c783bb264d59d251e,업데이트 | 뉴스 | 메이플스토리,,,,medium
917fcce193a138e3911a,업데이트 | 뉴스 | 메이플스토리,,,,medium
00880549a8e166fce14d,업데이트 | 뉴스 | 메이플스토리,,,,medium
4c7b7cb27ef92f231f35,업데이트 | 뉴스 | 메이플스토리,,,,medium
7bba9a5cbee605d9747d,업데이트 | 뉴스 | 메이플스토리,,,,medium
d4d52a4a2aa44715000b,업데이트 | 뉴스 | 메이플스토리,,,,medium
55845b467f6798ca1429,업데이트 | 뉴스 | 메이플스토리,,,,medium
e789714d0d958fd3e531,업데이트 | 뉴스 | 메이플스토리,,,,medium
fa1370ab053172153b09,업데이트 | 뉴스 | 메이플스토리,,,,medium
91fe243aa33acbcee63e,업데이트 | 뉴스 | 메이플스토리,,,,medium
dfa97b1a86406e86a705,업데이트 | 뉴스 | 메이플스토리,,,,medium
3d3af104c67954abfea5,업데이트 | 뉴스 | 메이플스토리,,,,medium
f567bd5ff51bf6193df2,업데이트 | 뉴스 | 메이플스토리,,,,medium
51c9fa7e4ddf1a5485d4,업데이트 | 뉴스 | 메이플스토리,,,,medium
d944bbd3e6a880eb6b03,업데이트 | 뉴스 | 메이플스토리,,,,medium
b41d7ec878156ba63dba,업데이트 | 뉴스 | 메이플스토리,,,,medium
0a3fa6f5e45320e69137,업데이트 | 뉴스 | 메이플스토리,,,,medium
59e0873b6e3269ebd7c5,업데이트 | 뉴스 | 메이플스토리,,,,medium
566034dcc893aeb7ab94,업데이트 | 뉴스 | 메이플스토리,,,,medium
92455a35419ba9646d35,업데이트 | 뉴스 | 메이플스토리,,,,medium
8ff6ae1c5f2340e8be22,업데이트 | 뉴스 | 메이플스토리,,,,medium
1814e8e53111a897c84b,업데이트 | 뉴스 | 메이플스토리,,,,medium
3820347a3f51f6ddbe1f,업데이트 | 뉴스 | 메이플스토리,,,,medium
117754e66b2775326d8a,업데이트 | 뉴스 | 메이플스토리,,,,medium
af6fc993747ee691116a,업데이트 | 뉴스 | 메이플스토리,,,,medium
5932d68098db266ce835,업데이트 | 뉴스 | 메이플스토리,,,,medium
810a8886d9815cdc5573,업데이트 | 뉴스 | 메이플스토리,,,,medium
cfa94faaf0b3d2b349a2,업데이트 | 뉴스 | 메이플스토리,,,,medium
858931f0a3fd53f1a12a,업데이트 | 뉴스 | 메이플스토리,,,,medium
d8972dfe06521a0287e1,업데이트 | 뉴스 | 메이플스토리,,,,medium
dd8149f021ae082a8c7d,업데이트 | 뉴스 | 메이플스토리,,,,medium
2114f825949b1612dae1,업데이트 | 뉴스 | 메이플스토리,,,,medium
34f3d3a5ad1b71063a5d,업데이트 | 뉴스 | 메이플스토리,,,,medium
f6a152fafeff82c49567,업데이트 | 뉴스 | 메이플스토리,,,,medium
33814390d2f89945a946,업데이트 | 뉴스 | 메이플스토리,,,,medium
59c63a732634aaf121d2,업데이트 | 뉴스 | 메이플스토리,,,,medium
4e0feef6cd3128ce94ca,업데이트 | 뉴스 | 메이플스토리,,,,medium
625e05aa7e05b371a01b,업데이트 | 뉴스 | 메이플스토리,,,,medium
a35491c4c42cd576c4fc,업데이트 | 뉴스 | 메이플스토리,,,,medium
1bcda061ef76bf03e587,업데이트 | 뉴스 | 메이플스토리,,,,medium
87d56fb358c0b8f424c0,업데이트 | 뉴스 | 메이플스토리,,,,medium
eaa2d9a06dbf07ea557d,업데이트 | 뉴스 | 메이플스토리,,,,medium
1a00552b976cb31cde3a,업데이트 | 뉴스 | 메이플스토리,,,,medium
76c2ddfd5ee779ce7905,업데이트 | 뉴스 | 메이플스토리,,,,medium
f81126d8b161081b470f,업데이트 | 뉴스 | 메이플스토리,,,,medium
bde0ade70d0b8fd3adf7,업데이트 | 뉴스 | 메이플스토리,,,,medium
1f06f1c78608c024a111,업데이트 | 뉴스 | 메이플스토리,,,,medium
6cd37e5c74c2431b6b3c,업데이트 | 뉴스 | 메이플스토리,,,,medium
3ee8245b0d622b9ad773,업데이트 | 뉴스 | 메이플스토리,,,,medium
a759d2c442d621fa06aa,업데이트 | 뉴스 | 메이플스토리,,,,medium
90f53767d39d8f7b087d,업데이트 | 뉴스 | 메이플스토리,,,,medium
d3ad714e1e06709b1f80,업데이트 | 뉴스 | 메이플스토리,,,,medium
82913643511701a7fcdf,업데이트 | 뉴스 | 메이플스토리,,,,medium
c6302849fa517581fb12,업데이트 | 뉴스 | 메이플스토리,,,,medium
800faf9b918e6c5742a8,업데이트 | 뉴스 | 메이플스토리,,,,medium
0ffd1d87b9d5f523100a,업데이트 | 뉴스 | 메이플스토리,,,,medium
53f55b41a066ad1fcc24,업데이트 | 뉴스 | 메이플스토리,,,,medium
fbeabecc972f93c64093,업데이트 | 뉴스 | 메이플스토리,,,,medium
79d3c3d6dbe2b7f4b93b,업데이트 | 뉴스 | 메이플스토리,,,,medium
b1a03fe516fc4b5fdc28,업데이트 | 뉴스 | 메이플스토리,,,,medium
61dc75d1ae8f98e30049,업데이트 | 뉴스 | 메이플스토리,,,,medium
e2069bf3686e645c025d,업데이트 | 뉴스 | 메이플스토리,,,,medium
1dab6ead2ec5073e09c6,업데이트 | 뉴스 | 메이플스토리,,,,medium
5eeff4d92f5d260fa90e,업데이트 | 뉴스 | 메이플스토리,,,,medium
c89fd0d714efb2bb83dd,업데이트 | 뉴스 | 메이플스토리,,,,medium
ad54ebc6c2c000fe5874,업데이트 | 뉴스 | 메이플스토리,,,,medium
20cddf187503c0dd40c9,업데이트 | 뉴스 | 메이플스토리,,,,medium
a11b51a00f1b70faad98,업데이트 | 뉴스 | 메이플스토리,,,,medium
bab42eef5b22e8d4d645,업데이트 | 뉴스 | 메이플스토리,,,,medium
e9743cd36f92369167e0,업데이트 | 뉴스 | 메이플스토리,,,,medium
b7fef7536226d4f67728,업데이트 | 뉴스 | 메이플스토리,,,,medium
ae00717ec067516f8ae3,업데이트 | 뉴스 | 메이플스토리,,,,medium
d4e032e343d3b4ffcf28,업데이트 | 뉴스 | 메이플스토리,,,,medium
94230204485e1b09a05b,업데이트 | 뉴스 | 메이플스토리,,,,medium
296be049fe95cd97334d,업데이트 | 뉴스 | 메이플스토리,,,,medium
4a0c5a41d9236618404a,업데이트 | 뉴스 | 메이플스토리,,,,medium
26605c04e315b4d9b5cc,업데이트 | 뉴스 | 메이플스토리,,,,medium
e013e9fcf7ea6afa845a,업데이트 | 뉴스 | 메이플스토리,,,,medium
120779d875b02b6259ca,업데이트 | 뉴스 | 메이플스토리,,,,medium
a55a514af575bb48f948,업데이트 | 뉴스 | 메이플스토리,,,,medium
de8b088b5e2f5530c55d,업데이트 | 뉴스 | 메이플스토리,,,,medium
7fe99031d573faadfea7,업데이트 | 뉴스 | 메이플스토리,,,,medium
12385c0137aaa8fa009b,업데이트 | 뉴스 | 메이플스토리,,,,medium
06ed7b370eb7a0cb9716,업데이트 | 뉴스 | 메이플스토리,,,,medium
9ce922b6229f24bc3c5a,업데이트 | 뉴스 | 메이플스토리,,,,medium
667dadd7068121ca9325,업데이트 | 뉴스 | 메이플스토리,,,,medium
2f014d9416b8ca51941e,업데이트 | 뉴스 | 메이플스토리,,,,medium
6954100d5f5f2142841a,업데이트 | 뉴스 | 메이플스토리,,,,medium
c1705fa6c4330e5b4e75,업데이트 | 뉴스 | 메이플스토리,,,,medium
817b3e51bd3a894d3eb4,업데이트 | 뉴스 | 메이플스토리,,,,medium
3469ab9fb609bffab65a,업데이트 | 뉴스 | 메이플스토리,,,,medium
9699019231942cdb952c,업데이트 | 뉴스 | 메이플스토리,,,,medium
f4f646fe9954f75637c5,업데이트 | 뉴스 | 메이플스토리,,,,medium
d07c5cb979a41d0650a0,업데이트 | 뉴스 | 메이플스토리,,,,medium
7fdf9caad7c6846ac6ea,업데이트 | 뉴스 | 메이플스토리,,,,medium
638458ee0ab036ab0ef1,업데이트 | 뉴스 | 메이플스토리,,,,medium
73269c0ab630f81e3119,업데이트 | 뉴스 | 메이플스토리,,,,medium
c2ba4e2a2ad89ffb8dd5,업데이트 | 뉴스 | 메이플스토리,,,,medium
f490d73abd90e6e1eee6,업데이트 | 뉴스 | 메이플스토리,,,,medium
86a768df9bf0a1ab366e,업데이트 | 뉴스 | 메이플스토리,,,,medium
f2193da4f494f6fedb79,업데이트 | 뉴스 | 메이플스토리,,,,medium
f8b2fb991cac6bb8dfd0,업데이트 | 뉴스 | 메이플스토리,,,,medium
588a257c1c43d1443355,업데이트 | 뉴스 | 메이플스토리,,,,medium
896bde9bc1ada4b4a7df,업데이트 | 뉴스 | 메이플스토리,,,,medium
20a869e3441a8be3ec29,업데이트 | 뉴스 | 메이플스토리,,,,medium
7bff0926a16fea08f7a5,업데이트 | 뉴스 | 메이플스토리,,,,medium
f9ef94a4bc0ca4d39e3e,업데이트 | 뉴스 | 메이플스토리,,,,medium
161970df0f150d18de7e,업데이트 | 뉴스 | 메이플스토리,,,,medium
644824809317e3f515da,업데이트 | 뉴스 | 메이플스토리,,,,medium
0fe94ea853a46c5fbad2,업데이트 | 뉴스 | 메이플스토리,,,,medium
aedd34b2976ca69bf32e,업데이트 | 뉴스 | 메이플스토리,,,,medium
604b634dde665ad16551,업데이트 | 뉴스 | 메이플스토리,,,,medium
184c127d1fa84a6941b7,업데이트 | 뉴스 | 메이플스토리,,,,medium
37f70ff6c4f5323f0f34,업데이트 | 뉴스 | 메이플스토리,,,,medium
b58e30634e9a434dc2a5,업데이트 | 뉴스 | 메이플스토리,,,,medium
70df15d1f1d90aad02ee,업데이트 | 뉴스 | 메이플스토리,,,,medium
cbc34247698c07eae503,업데이트 | 뉴스 | 메이플스토리,,,,medium
5a780eecaab6c73d79d0,업데이트 | 뉴스 | 메이플스토리,,,,medium
ed2ff9f89dca8cbada01,업데이트 | 뉴스 | 메이플스토리,,,,medium
26741f3a45c157674cbb,업데이트 | 뉴스 | 메이플스토리,,,,medium
861bc06d7b0bca34f7a7,업데이트 | 뉴스 | 메이플스토리,,,,medium
1c4fb3f843fa43c9d358,업데이트 | 뉴스 | 메이플스토리,,,,medium
4d3fd4bdae982ba80e4a,업데이트 | 뉴스 | 메이플스토리,,,,medium
7bd8fc15b79ece719e06,업데이트 | 뉴스 | 메이플스토리,,,,medium
5c6854cb2b6adc712162,업데이트 | 뉴스 | 메이플스토리,,,,medium
f53eda98c157b16bc386,업데이트 | 뉴스 | 메이플스토리,,,,medium
b8998a064aefec6637fa,업데이트 | 뉴스 | 메이플스토리,,,,medium
e9a6df0d8a00b51c0655,업데이트 | 뉴스 | 메이플스토리,,,,medium
925165fe0d3c30c396a3,업데이트 | 뉴스 | 메이플스토리,,,,medium
02c47e585b2bf68cab5d,업데이트 | 뉴스 | 메이플스토리,,,,medium
37d76e2fe848564a1498,업데이트 | 뉴스 | 메이플스토리,,,,medium
2a4257718ad711c351ab,업데이트 | 뉴스 | 메이플스토리,,,,medium
c5ef501d5746ff708856,업데이트 | 뉴스 | 메이플스토리,,,,medium
abedffc9ab5992f20000,업데이트 | 뉴스 | 메이플스토리,,,,medium
92e09579e91d3b1ce603,업데이트 | 뉴스 | 메이플스토리,,,,medium
54606c1598195f68fccc,업데이트 | 뉴스 | 메이플스토리,,,,medium
77297b02d59cbe3a7e69,업데이트 | 뉴스 | 메이플스토리,,,,medium
3030125ec323a82ad42c,업데이트 | 뉴스 | 메이플스토리,,,,medium
08f1a62900259a4796eb,업데이트 | 뉴스 | 메이플스토리,,,,medium
33bb5643cabc80ddb908,업데이트 | 뉴스 | 메이플스토리,,,,medium
cb6cc10f639ddb1da752,업데이트 | 뉴스 | 메이플스토리,,,,medium
0c073885fa856510a235,업데이트 | 뉴스 | 메이플스토리,,,,medium
eadddca4f81810758784,업데이트 | 뉴스 | 메이플스토리,,,,medium
54b0052e7461244ac119,업데이트 | 뉴스 | 메이플스토리,,,,medium
f6a7d765f3096998fd9c,업데이트 | 뉴스 | 메이플스토리,,,,medium
f0654155c89ac351bd01,업데이트 | 뉴스 | 메이플스토리,,,,medium
2df72c2998378140f1a8,업데이트 | 뉴스 | 메이플스토리,,,,medium
b00820b73b558c607d50,업데이트 | 뉴스 | 메이플스토리,,,,medium
3d809a232f93c147341d,업데이트 | 뉴스 | 메이플스토리,,,,medium
46ed092f25f8b75e91d0,업데이트 | 뉴스 | 메이플스토리,,,,medium
4795289d685e1dc87d2a,업데이트 | 뉴스 | 메이플스토리,,,,medium
9fa203c621fad9f4c102,업데이트 | 뉴스 | 메이플스토리,,,,medium
e3b2c015f88376fa1c68,업데이트 | 뉴스 | 메이플스토리,,,,medium
1cad6231f3119f20b601,업데이트 | 뉴스 | 메이플스토리,,,,medium
b3184eda973e964a2917,업데이트 | 뉴스 | 메이플스토리,,,,medium
29db6452266581f9ff21,업데이트 | 뉴스 | 메이플스토리,,,,medium
7fa23cc74fc7008f389c,업데이트 | 뉴스 | 메이플스토리,,,,medium
d44d40606ab9b2c838a3,업데이트 | 뉴스 | 메이플스토리,,,,medium
a98ee998cbe372c66de8,업데이트 | 뉴스 | 메이플스토리,,,,medium
e8ab70e9c93ff46d67f5,업데이트 | 뉴스 | 메이플스토리,,,,medium
84871e8e81ff2a47bee6,업데이트 | 뉴스 | 메이플스토리,,,,medium
3564ae31a76e433bd173,업데이트 | 뉴스 | 메이플스토리,,,,medium
46b40fd87ef5f968a3d1,업데이트 | 뉴스 | 메이플스토리,,,,medium
551cb2bf5d557baedd93,업데이트 | 뉴스 | 메이플스토리,,,,medium
78a45f852b3bfa0e4896,업데이트 | 뉴스 | 메이플스토리,,,,medium
24900b3f6ff73fffed8b,업데이트 | 뉴스 | 메이플스토리,,,,medium
b24bb0484ed2942a06be,업데이트 | 뉴스 | 메이플스토리,,,,medium
4249b2a5f3008c71aabe,업데이트 | 뉴스 | 메이플스토리,,,,medium
4d9a92e2afe07b76dd50,업데이트 | 뉴스 | 메이플스토리,,,,medium
39a5774a61afaf4587bf,업데이트 | 뉴스 | 메이플스토리,,,,medium
95519cb58d3c3141784a,업데이트 | 뉴스 | 메이플스토리,,,,medium
831a49a5fca898f5e3a5,업데이트 | 뉴스 | 메이플스토리,,,,medium
0140844666e7d5a56943,업데이트 | 뉴스 | 메이플스토리,,,,medium
39bc2e6c630165b2675e,업데이트 | 뉴스 | 메이플스토리,,,,medium
242c89566229eaed54ca,업데이트 | 뉴스 | 메이플스토리,,,,medium
ccf1e2fde1ef86791fb6,업데이트 | 뉴스 | 메이플스토리,,,,medium
b65191b0a4cbad272328,업데이트 | 뉴스 | 메이플스토리,,,,medium
cab9066c16acfdd1586c,업데이트 | 뉴스 | 메이플스토리,,,,medium
72a01ea4316716d6b00b,업데이트 | 뉴스 | 메이플스토리,,,,medium
f060075356d4148db3ec,업데이트 | 뉴스 | 메이플스토리,,,,medium
53f288b422471c6bc06b,업데이트 | 뉴스 | 메이플스토리,,,,medium
e4425299675782513212,업데이트 | 뉴스 | 메이플스토리,,,,medium
7c88070fc2a091ecc9f1,업데이트 | 뉴스 | 메이플스토리,,,,medium
6ac08a468693c9af8fe6,업데이트 | 뉴스 | 메이플스토리,,,,medium
0a946ea2b95e6c4187e7,업데이트 | 뉴스 | 메이플스토리,,,,medium
2bca6f413ddf075cc1ad,업데이트 | 뉴스 | 메이플스토리,,,,medium
290e254ea040eda0c15e,업데이트 | 뉴스 | 메이플스토리,,,,medium
6628c4242dcaa9de596c,업데이트 | 뉴스 | 메이플스토리,,,,medium
67743d4ba7e3b9aa7662,업데이트 | 뉴스 | 메이플스토리,,,,medium
a1328569c12c8f1462ce,업데이트 | 뉴스 | 메이플스토리,,,,medium
f09b22d2ac9573b7c798,업데이트 | 뉴스 | 메이플스토리,,,,medium
1cbc0d753dd15fc66fb4,업데이트 | 뉴스 | 메이플스토리,,,,medium
9c098ccab727d71f9690,업데이트 | 뉴스 | 메이플스토리,,,,medium
85e8d8889232cb58462b,업데이트 | 뉴스 | 메이플스토리,,,,medium
687250a766300f6849a2,업데이트 | 뉴스 | 메이플스토리,,,,medium
bb5ab6eb70ceb374630e,업데이트 | 뉴스 | 메이플스토리,,,,medium
b85f7cf8c66fba5f027d,업데이트 | 뉴스 | 메이플스토리,,,,medium
9df80cbe125d24c4466a,업데이트 | 뉴스 | 메이플스토리,,,,medium
fb6eebff38923667a707,업데이트 | 뉴스 | 메이플스토리,,,,medium
a98d363e1f2844812403,업데이트 | 뉴스 | 메이플스토리,,,,medium
a0812b4622906ca97cd0,업데이트 | 뉴스 | 메이플스토리,,,,medium
a991c469c4d8990187e3,업데이트 | 뉴스 | 메이플스토리,,,,medium
922997aa7726bc2bde85,업데이트 | 뉴스 | 메이플스토리,,,,medium
525f32605bd9730bed19,업데이트 | 뉴스 | 메이플스토리,,,,medium
b91858814a8c0543c2fb,업데이트 | 뉴스 | 메이플스토리,,,,medium
13a257f925bc80e3ed08,업데이트 | 뉴스 | 메이플스토리,,,,medium
21e7a4fdd2c41da08ed2,업데이트 | 뉴스 | 메이플스토리,,,,medium
482d801e6d6c1b8427d0,업데이트 | 뉴스 | 메이플스토리,,,,medium
508a175fd32db77003a5,업데이트 | 뉴스 | 메이플스토리,,,,medium
54011a43c13e198c320e,업데이트 | 뉴스 | 메이플스토리,,,,medium
e8ce23fe8700e5520b77,업데이트 | 뉴스 | 메이플스토리,,,,medium
6b858a80d5374456969e,업데이트 | 뉴스 | 메이플스토리,,,,medium
b3e1b8118dba772c7f84,업데이트 | 뉴스 | 메이플스토리,,,,medium
21f531a47dde1a14549c,업데이트 | 뉴스 | 메이플스토리,,,,medium
b313c81529976888c256,업데이트 | 뉴스 | 메이플스토리,,,,medium
4ea5752cebccaf7fb31c,업데이트 | 뉴스 | 메이플스토리,,,,medium
1bdcdfe3779db8a921ce,업데이트 | 뉴스 | 메이플스토리,,,,medium
d98bed13dc9f56d9a833,업데이트 | 뉴스 | 메이플스토리,,,,medium
8f494421950136bff555,업데이트 | 뉴스 | 메이플스토리,,,,medium
b3009a027686e08e8a54,업데이트 | 뉴스 | 메이플스토리,,,,medium
53c18b2e1d450d151376,업데이트 | 뉴스 | 메이플스토리,,,,medium
1e2883375cab873178b9,업데이트 | 뉴스 | 메이플스토리,,,,medium
509f8e592166174c4155,업데이트 | 뉴스 | 메이플스토리,,,,medium
d1e810d90728fb2aa04c,업데이트 | 뉴스 | 메이플스토리,,,,medium
420ff5a8718f2478f844,업데이트 | 뉴스 | 메이플스토리,,,,medium
8235719bd427db0014d4,업데이트 | 뉴스 | 메이플스토리,,,,medium
46a8d0947f7f7f887db4,업데이트 | 뉴스 | 메이플스토리,,,,medium
c040067a9657ff85a523,업데이트 | 뉴스 | 메이플스토리,,,,medium
bebb171ba765b79e04ab,업데이트 | 뉴스 | 메이플스토리,,,,medium
1333344d8cc36f6dca52,업데이트 | 뉴스 | 메이플스토리,,,,medium
1b4340a4c6bf9081c6cd,업데이트 | 뉴스 | 메이플스토리,,,,medium
d66d359ed5cbfba0b48d,업데이트 | 뉴스 | 메이플스토리,,,,medium
81eeb39c1d12b41cb077,업데이트 | 뉴스 | 메이플스토리,,,,medium
56b439c2ae0bc033e8bb,업데이트 | 뉴스 | 메이플스토리,,,,medium
c69066b26b3526d75847,업데이트 | 뉴스 | 메이플스토리,,,,medium
32a53c80b36fc07e1622,업데이트 | 뉴스 | 메이플스토리,,,,medium
696683a79ece4051c011,업데이트 | 뉴스 | 메이플스토리,,,,medium
389cf59133896beac2fc,업데이트 | 뉴스 | 메이플스토리,,,,medium
a666e38f585e4a417647,업데이트 | 뉴스 | 메이플스토리,,,,medium
00f3cb75e644f9b621aa,업데이트 | 뉴스 | 메이플스토리,,,,medium
35187b5b4d2695778dc4,업데이트 | 뉴스 | 메이플스토리,,,,medium
5a9da0839abf5e441ec5,업데이트 | 뉴스 | 메이플스토리,,,,medium
b9fce5347e2112d83532,업데이트 | 뉴스 | 메이플스토리,,,,medium
1b2c619f24e29b7de623,업데이트 | 뉴스 | 메이플스토리,,,,medium
5edc13c8389ab9c59fda,업데이트 | 뉴스 | 메이플스토리,,,,medium
5f7266c19b36ae26e0f7,업데이트 | 뉴스 | 메이플스토리,,,,medium
4cab7b5f794002b0a153,업데이트 | 뉴스 | 메이플스토리,,,,medium
4bb4fec4c8021ddf39ad,업데이트 | 뉴스 | 메이플스토리,,,,medium
8799384a3cba40c44248,업데이트 | 뉴스 | 메이플스토리,,,,medium
9e6d0020aa20e8a0449e,업데이트 | 뉴스 | 메이플스토리,,,,medium
47627f1dfd1959112afe,업데이트 | 뉴스 | 메이플스토리,,,,medium
f3efbddff15b3e5edce0,업데이트 | 뉴스 | 메이플스토리,,,,medium
19b3667b72928a48faf9,업데이트 | 뉴스 | 메이플스토리,,,,medium
59168e31e6a9e7cbd4b0,업데이트 | 뉴스 | 메이플스토리,,,,medium
514e8f3d7792d97c6a6d,업데이트 | 뉴스 | 메이플스토리,,,,medium
deaf6d6d3fedaca4aac1,업데이트 | 뉴스 | 메이플스토리,,,,medium
f9161d6d0a3f9616152d,업데이트 | 뉴스 | 메이플스토리,,,,medium
ffd0ec17512cc16434ec,업데이트 | 뉴스 | 메이플스토리,,,,medium
29d73d1120d99d8c8da5,업데이트 | 뉴스 | 메이플스토리,,,,medium
ceff9727581e95f3f823,업데이트 | 뉴스 | 메이플스토리,,,,medium
1e46dce5cdd78f205f0e,업데이트 | 뉴스 | 메이플스토리,,,,medium
bc36d03e2205b139eddc,업데이트 | 뉴스 | 메이플스토리,,,,medium
e2c218dc33e736705706,업데이트 | 뉴스 | 메이플스토리,,,,medium
d2b787287af0fa538987,업데이트 | 뉴스 | 메이플스토리,,,,medium
2d0a381ff126dd964b4c,업데이트 | 뉴스 | 메이플스토리,,,,medium
a801a991c9c07b1fc404,업데이트 | 뉴스 | 메이플스토리,,,,medium
b91f21a3184680d4308b,업데이트 | 뉴스 | 메이플스토리,,,,medium
32ef517a9ed818b4c5cd,업데이트 | 뉴스 | 메이플스토리,,,,medium
406526b1a0c3ff3cdc04,업데이트 | 뉴스 | 메이플스토리,,,,medium
ca7ec4cc7383db162ab1,업데이트 | 뉴스 | 메이플스토리,,,,medium
fb8d4a052a94caa4011f,업데이트 | 뉴스 | 메이플스토리,,,,medium
b08fd7856b82c58e5af5,업데이트 | 뉴스 | 메이플스토리,,,,medium
5f672333b57f9d56cf93,업데이트 | 뉴스 | 메이플스토리,,,,medium
29a512c18de964c51b29,업데이트 | 뉴스 | 메이플스토리,,,,medium
4b035775b39d19e19a72,업데이트 | 뉴스 | 메이플스토리,,,,medium
7a4a6ac1fb61cbba5ebc,업데이트 | 뉴스 | 메이플스토리,,,,medium
8617fde064c96bbe7362,업데이트 | 뉴스 | 메이플스토리,,,,medium
9857eff39e2f50650b6c,업데이트 | 뉴스 | 메이플스토리,,,,medium
0f2dacf7a6181bac33ed,업데이트 | 뉴스 | 메이플스토리,,,,medium
d5da82fd037bc87bc1f8,업데이트 | 뉴스 | 메이플스토리,,,,medium
0f3c14881d1fa7375f6e,업데이트 | 뉴스 | 메이플스토리,,,,medium
56096eff585e38c2ec46,업데이트 | 뉴스 | 메이플스토리,,,,medium
f65d07aea4eeb51845d0,업데이트 | 뉴스 | 메이플스토리,,,,medium
ac7b0403ccbf982e55ba,업데이트 | 뉴스 | 메이플스토리,,,,medium
8be65a961b626e481194,업데이트 | 뉴스 | 메이플스토리,,,,medium
38e029acb1ca36c85140,업데이트 | 뉴스 | 메이플스토리,,,,medium
9f70e752c578dc27a02d,업데이트 | 뉴스 | 메이플스토리,,,,medium
eb8efc9d5fd582b4f3f1,업데이트 | 뉴스 | 메이플스토리,,,,medium
0dca951e09e2d4413c78,업데이트 | 뉴스 | 메이플스토리,,,,medium
180c17d8d19bf63cc227,업데이트 | 뉴스 | 메이플스토리,,,,medium
2ac32d377cd041eb4eee,업데이트 | 뉴스 | 메이플스토리,,,,medium
855f443437d00300f58f,업데이트 | 뉴스 | 메이플스토리,,,,medium
a541720649d9447cbd33,업데이트 | 뉴스 | 메이플스토리,,,,medium
1d2ecce5c58c02d6a08b,업데이트 | 뉴스 | 메이플스토리,,,,medium
2472a3a8376000bb35c8,업데이트 | 뉴스 | 메이플스토리,,,,medium
3dec5d14783d89b8b8fb,업데이트 | 뉴스 | 메이플스토리,,,,medium
354910a0734003f990e1,업데이트 | 뉴스 | 메이플스토리,,,,medium
a2ff12a4ed7f9a6c7567,업데이트 | 뉴스 | 메이플스토리,,,,medium
804058b6ed4bfa666a89,업데이트 | 뉴스 | 메이플스토리,,,,medium
8672c189c9ca0c2e75a7,업데이트 | 뉴스 | 메이플스토리,,,,medium
1b8ba54c95bc57642c5b,업데이트 | 뉴스 | 메이플스토리,,,,medium
da4bac57c8b307d7690d,업데이트 | 뉴스 | 메이플스토리,,,,medium
5588beae5c7f486ab52f,업데이트 | 뉴스 | 메이플스토리,,,,medium
335ec052f4ba6b975587,업데이트 | 뉴스 | 메이플스토리,,,,medium
2ea5d1c2148236dadd57,업데이트 | 뉴스 | 메이플스토리,,,,medium
33f269f6872900727b06,업데이트 | 뉴스 | 메이플스토리,,,,medium
934cf7394235ab702b9b,업데이트 | 뉴스 | 메이플스토리,,,,medium
3d852c5bc0a54328bea3,업데이트 | 뉴스 | 메이플스토리,,,,medium
6330cdbcc08e247c557a,업데이트 | 뉴스 | 메이플스토리,,,,medium
155ec1f7ee1ee83b0c1a,업데이트 | 뉴스 | 메이플스토리,,,,medium
c8701eddc7aa3a939233,업데이트 | 뉴스 | 메이플스토리,,,,medium
20d15b303d541b618950,업데이트 | 뉴스 | 메이플스토리,,,,medium
ab9e42155ae03b26d97c,업데이트 | 뉴스 | 메이플스토리,,,,medium
9c4895748fe71bfc5a82,업데이트 | 뉴스 | 메이플스토리,,,,medium
a20cf87c52d72abe0fef,업데이트 | 뉴스 | 메이플스토리,,,,medium
761112df0b9df39a4d62,업데이트 | 뉴스 | 메이플스토리,,,,medium
4acfdd05998e9d8f1688,업데이트 | 뉴스 | 메이플스토리,,,,medium
bb1ce5dbe4ec724d250a,업데이트 | 뉴스 | 메이플스토리,,,,medium
dfaa61e56225627cc26c,업데이트 | 뉴스 | 메이플스토리,,,,medium
5f2e07f2f172efcabc08,업데이트 | 뉴스 | 메이플스토리,,,,medium
3c174a1a3e445ab806a2,업데이트 | 뉴스 | 메이플스토리,,,,medium
25683c578b8c175ed528,업데이트 | 뉴스 | 메이플스토리,,,,medium
bc830984d6d28a2d680d,업데이트 | 뉴스 | 메이플스토리,,,,medium
88823937b6b7a45060ca,업데이트 | 뉴스 | 메이플스토리,,,,medium
aee46ea9e65a95447f12,업데이트 | 뉴스 | 메이플스토리,,,,medium
fcb2e0ab3f6c9fc32239,업데이트 | 뉴스 | 메이플스토리,,,,medium
2b8405e8443e1621c8c9,업데이트 | 뉴스 | 메이플스토리,,,,medium
f48db1357d4f483304e0,업데이트 | 뉴스 | 메이플스토리,,,,medium
11b0ea6059b3482e7602,업데이트 | 뉴스 | 메이플스토리,,,,medium
cd34c9cd7c7ff524e633,업데이트 | 뉴스 | 메이플스토리,,,,medium
7f7241edc5912943198e,업데이트 | 뉴스 | 메이플스토리,,,,medium
30f5a44f69b84ade9f73,업데이트 | 뉴스 | 메이플스토리,,,,medium
3756934b50ccc9089fc7,업데이트 | 뉴스 | 메이플스토리,,,,medium
d76a02d2fd6d74c53537,업데이트 | 뉴스 | 메이플스토리,,,,medium
24adf9035a5ae516d44e,업데이트 | 뉴스 | 메이플스토리,,,,medium
b42d8c818a05f5c9be31,업데이트 | 뉴스 | 메이플스토리,,,,medium
8ead99c5f90848ca9263,업데이트 | 뉴스 | 메이플스토리,,,,medium
f3a3dce13070c6afaf1b,업데이트 | 뉴스 | 메이플스토리,,,,medium
1836703aec8b398b8655,업데이트 | 뉴스 | 메이플스토리,,,,medium
c1be185cabf319718dc6,업데이트 | 뉴스 | 메이플스토리,,,,medium
458b4306d4f12cfbf997,업데이트 | 뉴스 | 메이플스토리,,,,medium
5711e7185da9427eb664,업데이트 | 뉴스 | 메이플스토리,,,,medium
708461802e3731546517,업데이트 | 뉴스 | 메이플스토리,,,,medium
3de89e1c5504204ed84d,업데이트 | 뉴스 | 메이플스토리,,,,medium
6092eb8f9c9951f5fcee,업데이트 | 뉴스 | 메이플스토리,,,,medium
36d328b6b1e0c7e3ec7c,업데이트 | 뉴스 | 메이플스토리,,,,medium
ec788b341e6f127c51bb,업데이트 | 뉴스 | 메이플스토리,,,,medium
5ca1a949af6558798860,업데이트 | 뉴스 | 메이플스토리,,,,medium
70a645d67e9993e8d271,업데이트 | 뉴스 | 메이플스토리,,,,medium
7560d751756a545dbd40,업데이트 | 뉴스 | 메이플스토리,,,,medium
c3b1a6ba91cf4aa82a9f,업데이트 | 뉴스 | 메이플스토리,,,,medium
5c29ba620807687404fa,업데이트 | 뉴스 | 메이플스토리,,,,medium
df91d08838e208cfe83e,업데이트 | 뉴스 | 메이플스토리,,,,medium
7c13ec4b919cd35a2733,업데이트 | 뉴스 | 메이플스토리,,,,medium
1a02ca2d27ffbcb537bb,업데이트 | 뉴스 | 메이플스토리,,,,medium
4833e4e25ef09bcfbfee,업데이트 | 뉴스 | 메이플스토리,,,,medium
052540c2af6fe6477579,업데이트 | 뉴스 | 메이플스토리,,,,medium
65c088411bfb07d0a613,업데이트 | 뉴스 | 메이플스토리,,,,medium
401cee40c7f183260caf,업데이트 | 뉴스 | 메이플스토리,,,,medium
c9e0a9ebd6939d8ab8f7,업데이트 | 뉴스 | 메이플스토리,,,,medium
c7feb2843300c26e6ade,업데이트 | 뉴스 | 메이플스토리,,,,medium
a4dc378b7f24b07ca9e5,업데이트 | 뉴스 | 메이플스토리,,,,medium
946ddb98c55f7c37d912,업데이트 | 뉴스 | 메이플스토리,,,,medium
35272d6c14f3899d7f7c,업데이트 | 뉴스 | 메이플스토리,,,,medium
0e7ea6a556f4fa7af00c,업데이트 | 뉴스 | 메이플스토리,,,,medium
8836bdd33c1a0ba4f645,업데이트 | 뉴스 | 메이플스토리,,,,medium
9d3de02459bef9fa5d89,업데이트 | 뉴스 | 메이플스토리,,,,medium
f4a4a2595d350b1c1638,업데이트 | 뉴스 | 메이플스토리,,,,medium
702f979c041bd9f0573e,업데이트 | 뉴스 | 메이플스토리,,,,medium
2b802e9166c5c7a55f41,업데이트 | 뉴스 | 메이플스토리,,,,medium
3e44ca3c4134e5f06a29,업데이트 | 뉴스 | 메이플스토리,,,,medium
123f7c53adc3d0e27565,업데이트 | 뉴스 | 메이플스토리,,,,medium
b889791c6fb5511c8688,업데이트 | 뉴스 | 메이플스토리,,,,medium
2bc147681ea1db95d069,업데이트 | 뉴스 | 메이플스토리,,,,medium
5f524e1ef4e6b825c4db,업데이트 | 뉴스 | 메이플스토리,,,,medium
517f9a03bdbf8e332898,업데이트 | 뉴스 | 메이플스토리,,,,medium
5a8dcbb4fee5a8c602f1,업데이트 | 뉴스 | 메이플스토리,,,,medium
dcb88d35f5449ea14e4e,업데이트 | 뉴스 | 메이플스토리,,,,medium
8a03b7495c9f49402a9e,업데이트 | 뉴스 | 메이플스토리,,,,medium
023d8482f43dc0e3ab7e,업데이트 | 뉴스 | 메이플스토리,,,,medium
9bfc4fd7f56d8763fb54,업데이트 | 뉴스 | 메이플스토리,,,,medium
5e2f3c62b729909662a4,업데이트 | 뉴스 | 메이플스토리,,,,medium
72e48a4a20a531a35f2c,업데이트 | 뉴스 | 메이플스토리,,,,medium
0965f96993a97afa5260,업데이트 | 뉴스 | 메이플스토리,,,,medium
9054b250af0387c8dd37,업데이트 | 뉴스 | 메이플스토리,,,,medium
3b4d7f219002190631d0,업데이트 | 뉴스 | 메이플스토리,,,,medium
defe71df0b3f3d5e60cb,업데이트 | 뉴스 | 메이플스토리,,,,medium
dbe19cfc21010a586830,업데이트 | 뉴스 | 메이플스토리,,,,medium
5b4778dcf13da607871b,업데이트 | 뉴스 | 메이플스토리,,,,medium
17e5f73dd2a5b6d1108e,업데이트 | 뉴스 | 메이플스토리,,,,medium
2fb418c5243f114c5681,업데이트 | 뉴스 | 메이플스토리,,,,medium
4764a1f768db6e43183c,업데이트 | 뉴스 | 메이플스토리,,,,medium
bafbe4464655137db668,업데이트 | 뉴스 | 메이플스토리,,,,medium
d2dbda52711fe2da5da6,업데이트 | 뉴스 | 메이플스토리,,,,medium
b7d67b437db7143657b3,업데이트 | 뉴스 | 메이플스토리,,,,medium
248f48965f371b02108b,업데이트 | 뉴스 | 메이플스토리,,,,medium
a84015037d5ac3ace8fc,업데이트 | 뉴스 | 메이플스토리,,,,medium
ccccf7f021ea9c805bc3,업데이트 | 뉴스 | 메이플스토리,,,,medium
a6fcd25582ea9e8c7417,업데이트 | 뉴스 | 메이플스토리,,,,medium
a45bc900e79454e0f995,업데이트 | 뉴스 | 메이플스토리,,,,medium
51dbf351175aeca8223e,업데이트 | 뉴스 | 메이플스토리,,,,medium
b8358ee165a6663ad1bd,업데이트 | 뉴스 | 메이플스토리,,,,medium
a038f912fb39ef3a4af0,업데이트 | 뉴스 | 메이플스토리,,,,medium
28f5d790d42bec64efdd,업데이트 | 뉴스 | 메이플스토리,,,,medium
e11a6a86a26ec8173274,업데이트 | 뉴스 | 메이플스토리,,,,medium
c7236b5d2c1be8f306de,업데이트 | 뉴스 | 메이플스토리,,,,medium
52cbaa349b1f008ea653,업데이트 | 뉴스 | 메이플스토리,,,,medium
59e40216a73c25a47f78,업데이트 | 뉴스 | 메이플스토리,,,,medium
82081553ab9a3728ee11,업데이트 | 뉴스 | 메이플스토리,,,,medium
aa305fcf31f8076fcfb3,업데이트 | 뉴스 | 메이플스토리,,,,medium
bb9b1b2942e9c616ea08,업데이트 | 뉴스 | 메이플스토리,,,,medium
6ac64c6f316fc10ed726,업데이트 | 뉴스 | 메이플스토리,,,,medium
75ed9aca249ce752659b,업데이트 | 뉴스 | 메이플스토리,,,,medium
b58880696fa81d42a597,업데이트 | 뉴스 | 메이플스토리,,,,medium
fb76f19181e593cbdc11,업데이트 | 뉴스 | 메이플스토리,,,,medium
53cbf1d3e6fe370a945a,업데이트 | 뉴스 | 메이플스토리,,,,medium
bfd84a8e4d75470a3f08,업데이트 | 뉴스 | 메이플스토리,,,,medium
6eeef02cc9db7ef86505,업데이트 | 뉴스 | 메이플스토리,,,,medium
0283ce79dad79ef29a71,업데이트 | 뉴스 | 메이플스토리,,,,medium
9d81f2488a9e872bd94e,업데이트 | 뉴스 | 메이플스토리,,,,medium
841c6135de7656a5a751,업데이트 | 뉴스 | 메이플스토리,,,,medium
04ec19228f5651383d3d,업데이트 | 뉴스 | 메이플스토리,,,,medium
ed2e993760a03d498472,업데이트 | 뉴스 | 메이플스토리,,,,medium
183954f070f0aed98425,업데이트 | 뉴스 | 메이플스토리,,,,medium
47f10156865d702f5393,업데이트 | 뉴스 | 메이플스토리,,,,medium
08d0d71739387f41ee8a,업데이트 | 뉴스 | 메이플스토리,,,,medium
085e69975b5acf9f74db,업데이트 | 뉴스 | 메이플스토리,,,,medium
25dd12d1545ac678cc38,업데이트 | 뉴스 | 메이플스토리,,,,medium
b060614d52398ace56cc,업데이트 | 뉴스 | 메이플스토리,,,,medium
39ea41d491be53c962d0,업데이트 | 뉴스 | 메이플스토리,,,,medium
1b819a1433ca1f307d24,업데이트 | 뉴스 | 메이플스토리,,,,medium
e800aed9ab3fdc9adac0,업데이트 | 뉴스 | 메이플스토리,,,,medium
4d5685e942f37f12fff2,업데이트 | 뉴스 | 메이플스토리,,,,medium
aba1fe7e36d915b907fa,업데이트 | 뉴스 | 메이플스토리,,,,medium
719e9795e8c13a0aec79,업데이트 | 뉴스 | 메이플스토리,,,,medium
1697de572e80fe083f08,업데이트 | 뉴스 | 메이플스토리,,,,medium
a64afe4afc8c48fb7088,업데이트 | 뉴스 | 메이플스토리,,,,medium
bc6ea98284f1c12b07ef,업데이트 | 뉴스 | 메이플스토리,,,,medium
a21ba5aa09dafd68d787,업데이트 | 뉴스 | 메이플스토리,,,,medium
55f36972802a5702135b,업데이트 | 뉴스 | 메이플스토리,,,,medium
863e78fa49c3daf3001d,업데이트 | 뉴스 | 메이플스토리,,,,medium
cd3a9fa3c86022fb54f6,업데이트 | 뉴스 | 메이플스토리,,,,medium
297fb3579052fbbf2758,업데이트 | 뉴스 | 메이플스토리,,,,medium
085ac52965f97384b440,업데이트 | 뉴스 | 메이플스토리,,,,medium
772f921178db7bff3456,업데이트 | 뉴스 | 메이플스토리,,,,medium
c945555ff2620421f98b,업데이트 | 뉴스 | 메이플스토리,,,,medium
494a41e2bd4f3e5d9e02,업데이트 | 뉴스 | 메이플스토리,,,,medium
647a7c3d91a3aa194993,업데이트 | 뉴스 | 메이플스토리,,,,medium
e05b7fccfe93b18523e9,업데이트 | 뉴스 | 메이플스토리,,,,medium
5ac9b13bdfe75c09f614,업데이트 | 뉴스 | 메이플스토리,,,,medium
af618fdaff12a769d1d7,업데이트 | 뉴스 | 메이플스토리,,,,medium
157dc8e418e35d63f83d,업데이트 | 뉴스 | 메이플스토리,,,,medium
b720ef5a0ce3e409dc9a,업데이트 | 뉴스 | 메이플스토리,,,,medium
d6ff86686144771b1188,업데이트 | 뉴스 | 메이플스토리,,,,medium
98a62f3bfd18d89d413c,업데이트 | 뉴스 | 메이플스토리,,,,medium
61754473335d1f9d39ef,업데이트 | 뉴스 | 메이플스토리,,,,medium
8e1aabc52acddbd8dba0,업데이트 | 뉴스 | 메이플스토리,,,,medium
77c8492d0795d2b879a7,업데이트 | 뉴스 | 메이플스토리,,,,medium
0962f3c2c1c21a6ffd72,업데이트 | 뉴스 | 메이플스토리,,,,medium
d9ceaae105274be9b6c4,업데이트 | 뉴스 | 메이플스토리,,,,medium
780b08e4882e6368a46f,업데이트 | 뉴스 | 메이플스토리,,,,medium
b1b87ce1a8ff71cc25b4,업데이트 | 뉴스 | 메이플스토리,,,,medium
79929657e310cc5966ff,업데이트 | 뉴스 | 메이플스토리,,,,medium
6b0b578d22ccec90dea5,업데이트 | 뉴스 | 메이플스토리,,,,medium
5f1809f0a4f5496a36b3,업데이트 | 뉴스 | 메이플스토리,,,,medium
9437314c4275e83c2e9d,업데이트 | 뉴스 | 메이플스토리,,,,medium
ec388f7f7c66aaf6dc0d,업데이트 | 뉴스 | 메이플스토리,,,,medium
ff32b2af71cc64e5e2d2,업데이트 | 뉴스 | 메이플스토리,,,,medium
7d0ac78ca9b2567663b2,업데이트 | 뉴스 | 메이플스토리,,,,medium
de96f2f1d69dbaf76a29,업데이트 | 뉴스 | 메이플스토리,,,,medium
dd0ceedf7f4a40f3449e,업데이트 | 뉴스 | 메이플스토리,,,,medium
cffb21b6ed4f8765c01a,업데이트 | 뉴스 | 메이플스토리,,,,medium
98826d67b29325f0020a,업데이트 | 뉴스 | 메이플스토리,,,,medium
f0b7458c7667feed609d,업데이트 | 뉴스 | 메이플스토리,,,,medium
62ec6c0882467cb70969,업데이트 | 뉴스 | 메이플스토리,,,,medium
cbf4270669ae5989201f,업데이트 | 뉴스 | 메이플스토리,,,,medium
d56bf87382ea8e073060,업데이트 | 뉴스 | 메이플스토리,,,,medium
9845397a16d6487b0d49,업데이트 | 뉴스 | 메이플스토리,,,,medium
db594e8b2477cb90fd84,업데이트 | 뉴스 | 메이플스토리,,,,medium
04833d07cc7e98588e49,업데이트 | 뉴스 | 메이플스토리,,,,medium
3d32746e357d71ec817c,업데이트 | 뉴스 | 메이플스토리,,,,medium
d32237845464e2be42fb,업데이트 | 뉴스 | 메이플스토리,,,,medium
8666c1458ec87e9dfd11,업데이트 | 뉴스 | 메이플스토리,,,,medium
28c0d422e658e3226140,업데이트 | 뉴스 | 메이플스토리,,,,medium
124f32c98ccc7c1c6e5a,업데이트 | 뉴스 | 메이플스토리,,,,medium
27dd435b4a40d49759d9,업데이트 | 뉴스 | 메이플스토리,,,,medium
0e05a836fc588349227b,업데이트 | 뉴스 | 메이플스토리,,,,medium
2b2d671af6771a72a124,업데이트 | 뉴스 | 메이플스토리,,,,medium
d558ff473eba2567b3c1,업데이트 | 뉴스 | 메이플스토리,,,,medium
e08a248ce62422d2bca7,업데이트 | 뉴스 | 메이플스토리,,,,medium
84e7d3222cb247c6e5ca,업데이트 | 뉴스 | 메이플스토리,,,,medium
4b06b7d213e3a18183a2,업데이트 | 뉴스 | 메이플스토리,,,,medium
22f73268c50df30a8e81,업데이트 | 뉴스 | 메이플스토리,,,,medium
4d937738eda656b7ae81,업데이트 | 뉴스 | 메이플스토리,,,,medium
0874fd6d3ad2745b9f31,업데이트 | 뉴스 | 메이플스토리,,,,medium
ac61a12d30f6992b6542,업데이트 | 뉴스 | 메이플스토리,,,,medium
c8b6b4a4e4596084731b,업데이트 | 뉴스 | 메이플스토리,,,,medium
685b6e375bbea1dc781f,업데이트 | 뉴스 | 메이플스토리,,,,medium
bbb976a4b68aa103db69,업데이트 | 뉴스 | 메이플스토리,,,,medium
5b302b3eb32654cef49a,업데이트 | 뉴스 | 메이플스토리,,,,medium
32593b9104a5527bad6e,업데이트 | 뉴스 | 메이플스토리,,,,medium
857d5bd57ec191952679,업데이트 | 뉴스 | 메이플스토리,,,,medium
3c2fe098c4f488e27d8a,업데이트 | 뉴스 | 메이플스토리,,,,medium
983aba2c25261126788c,업데이트 | 뉴스 | 메이플스토리,,,,medium
72f002b44e3c7187ad01,업데이트 | 뉴스 | 메이플스토리,,,,medium
05dd7b1ced4f51bf8fba,업데이트 | 뉴스 | 메이플스토리,,,,medium
a5107d9d03630e5405dc,업데이트 | 뉴스 | 메이플스토리,,,,medium
6c2edf2c18326531ffef,업데이트 | 뉴스 | 메이플스토리,,,,medium
213d077e93e1ae775f0d,업데이트 | 뉴스 | 메이플스토리,,,,medium
02ea6c2b9d1ac900d580,업데이트 | 뉴스 | 메이플스토리,,,,medium
c4b19b4b4e240dcb35c9,업데이트 | 뉴스 | 메이플스토리,,,,medium
b979fb6fd688813adbdc,업데이트 | 뉴스 | 메이플스토리,,,,medium
9165a2b7fc9427a62de6,업데이트 | 뉴스 | 메이플스토리,,,,medium
ff138e8d9c2c3c5207ca,업데이트 | 뉴스 | 메이플스토리,,,,medium
a147057c2922d0dedf6a,업데이트 | 뉴스 | 메이플스토리,,,,medium
d282bcac834259321385,업데이트 | 뉴스 | 메이플스토리,,,,medium
12c1704d32bd248822a8,업데이트 | 뉴스 | 메이플스토리,,,,medium
4cc42259d4f215d37955,업데이트 | 뉴스 | 메이플스토리,,,,medium
4b183d9adcde57c4a575,업데이트 | 뉴스 | 메이플스토리,,,,medium
e6118114bfc3c1dad9ca,업데이트 | 뉴스 | 메이플스토리,,,,medium
6f87b0bee7fcb8dc6f4e,업데이트 | 뉴스 | 메이플스토리,,,,medium
90d05c461bb0cfe98bc8,업데이트 | 뉴스 | 메이플스토리,,,,medium
c6ac74b7c7544ab886b0,업데이트 | 뉴스 | 메이플스토리,,,,medium
20d4a3dd0af1e0588086,업데이트 | 뉴스 | 메이플스토리,,,,medium
2d289bfb6b05b0523997,업데이트 | 뉴스 | 메이플스토리,,,,medium
f6383c030995a8d4e134,업데이트 | 뉴스 | 메이플스토리,,,,medium
75635a589ff2bd74bbd0,업데이트 | 뉴스 | 메이플스토리,,,,medium
5fc18d95b24a23e9c3a4,업데이트 | 뉴스 | 메이플스토리,,,,medium
556c3c7857f1ab2e6c8e,업데이트 | 뉴스 | 메이플스토리,,,,medium
fe5e9d7efbea0db84b52,업데이트 | 뉴스 | 메이플스토리,,,,medium
77e4e64f4a66b093b71c,업데이트 | 뉴스 | 메이플스토리,,,,medium
cf28ac94003665255e87,업데이트 | 뉴스 | 메이플스토리,,,,medium
5325e1d8f7987a60f891,업데이트 | 뉴스 | 메이플스토리,,,,medium
3e735190c0c4766d70d7,업데이트 | 뉴스 | 메이플스토리,,,,medium
b4106b65981f5e3332b9,업데이트 | 뉴스 | 메이플스토리,,,,medium
fd1355f2b2f28e51c14d,업데이트 | 뉴스 | 메이플스토리,,,,medium
4966d2932bf412361bed,업데이트 | 뉴스 | 메이플스토리,,,,medium
504e26b000fb39713c71,업데이트 | 뉴스 | 메이플스토리,,,,medium
aa1b571db542b9451cfd,업데이트 | 뉴스 | 메이플스토리,,,,medium
371c0b349fe09e72b57e,업데이트 | 뉴스 | 메이플스토리,,,,medium
7a3f0039553019d20d18,업데이트 | 뉴스 | 메이플스토리,,,,medium
69a2971040748744ec5f,업데이트 | 뉴스 | 메이플스토리,,,,medium
619f9afb425d64049956,업데이트 | 뉴스 | 메이플스토리,,,,medium
14c4a721cc742c35b12f,업데이트 | 뉴스 | 메이플스토리,,,,medium
073570c40c5b8f1c03b9,업데이트 | 뉴스 | 메이플스토리,,,,medium
49e463031e0aaf419dd5,업데이트 | 뉴스 | 메이플스토리,,,,medium
a5439a76189fe177cbc7,업데이트 | 뉴스 | 메이플스토리,,,,medium
b4ad63de79bb17230356,업데이트 | 뉴스 | 메이플스토리,,,,medium
d1cc84b85d5e4d7b03d3,업데이트 | 뉴스 | 메이플스토리,,,,medium
a4ad398df6c865ded491,업데이트 | 뉴스 | 메이플스토리,,,,medium
f9000e991468c460e443,업데이트 | 뉴스 | 메이플스토리,,,,medium
b1597deb6413e0beebe7,업데이트 | 뉴스 | 메이플스토리,,,,medium
73db1030b1f8fa32f232,업데이트 | 뉴스 | 메이플스토리,,,,medium
f82c1d41d36b91fab103,업데이트 | 뉴스 | 메이플스토리,,,,medium
85ece7db43bdbf6c0c46,업데이트 | 뉴스 | 메이플스토리,,,,medium
206529b5e8babeaf4903,업데이트 | 뉴스 | 메이플스토리,,,,medium
6f7d4a254a05c5ff6280,업데이트 | 뉴스 | 메이플스토리,,,,medium
84f58e030b76cdf605e4,업데이트 | 뉴스 | 메이플스토리,,,,medium
4356df568c8759103ab5,업데이트 | 뉴스 | 메이플스토리,,,,medium
2c68dc33a11083b80835,업데이트 | 뉴스 | 메이플스토리,,,,medium
9c297d63845222ba8e9b,업데이트 | 뉴스 | 메이플스토리,,,,medium
90c9712460766e600713,업데이트 | 뉴스 | 메이플스토리,,,,medium
fe4bbc973bb1913b4f43,업데이트 | 뉴스 | 메이플스토리,,,,medium
6fb22e830f342d368a8a,업데이트 | 뉴스 | 메이플스토리,,,,medium
dcc6b3e457dde3fb27e1,업데이트 | 뉴스 | 메이플스토리,,,,medium
d3611e7aca2813772431,업데이트 | 뉴스 | 메이플스토리,,,,medium
abc9f9735588f3b040cf,업데이트 | 뉴스 | 메이플스토리,,,,medium
384d2babfbd25d8261d9,업데이트 | 뉴스 | 메이플스토리,,,,medium
f0fa6a671c29b71aa52e,업데이트 | 뉴스 | 메이플스토리,,,,medium
f186445389d8148d51ba,업데이트 | 뉴스 | 메이플스토리,,,,medium
9547d4b13a78c2e48ef8,업데이트 | 뉴스 | 메이플스토리,,,,medium
576df47736798864b97c,업데이트 | 뉴스 | 메이플스토리,,,,medium
13dba8ce267cddefe32e,업데이트 | 뉴스 | 메이플스토리,,,,medium
618e120dfe134627e802,업데이트 | 뉴스 | 메이플스토리,,,,medium
24578f48bb83016d0c6f,업데이트 | 뉴스 | 메이플스토리,,,,medium
d278a3f3785ed32a1bd9,업데이트 | 뉴스 | 메이플스토리,,,,medium
b4a57899003642c35937,업데이트 | 뉴스 | 메이플스토리,,,,medium
80642f990a067a831cb4,업데이트 | 뉴스 | 메이플스토리,,,,medium
a76afa1039659b9f0ef3,업데이트 | 뉴스 | 메이플스토리,,,,medium
668fbb875a0867d1f6ba,업데이트 | 뉴스 | 메이플스토리,,,,medium
e8c110401b9f4b00fd68,업데이트 | 뉴스 | 메이플스토리,,,,medium
4f07e267103e04e8f9de,업데이트 | 뉴스 | 메이플스토리,,,,medium
21b987f9b62d1487b341,업데이트 | 뉴스 | 메이플스토리,,,,medium
69f4f64b0e425c99a59f,업데이트 | 뉴스 | 메이플스토리,,,,medium
656d7ae2e8d91a36fb07,업데이트 | 뉴스 | 메이플스토리,,,,medium
497f6d9746b7212871b4,업데이트 | 뉴스 | 메이플스토리,,,,medium
c172a308fd5688943f38,업데이트 | 뉴스 | 메이플스토리,,,,medium
7bd7dfc10edfe6fd2a0d,업데이트 | 뉴스 | 메이플스토리,,,,medium
e5bc139b7e4d2902638a,업데이트 | 뉴스 | 메이플스토리,,,,medium
bf2977f83655f3311d5c,업데이트 | 뉴스 | 메이플스토리,,,,medium
a9d8a6a68ca013389aee,업데이트 | 뉴스 | 메이플스토리,,,,medium
96e9775a2448811473f5,업데이트 | 뉴스 | 메이플스토리,,,,medium
0d584ae1d9ed2510e784,업데이트 | 뉴스 | 메이플스토리,,,,medium
e790f46ab520082aa79d,업데이트 | 뉴스 | 메이플스토리,,,,medium
8c5570df0643c9e59289,업데이트 | 뉴스 | 메이플스토리,,,,medium
a3a2a51b9cfcd4f73913,업데이트 | 뉴스 | 메이플스토리,,,,medium
9e6c6fe5e4a7b217a54f,업데이트 | 뉴스 | 메이플스토리,,,,medium
2df408711924efb75456,업데이트 | 뉴스 | 메이플스토리,,,,medium
d6f95d7d1cdb8ec5ae73,업데이트 | 뉴스 | 메이플스토리,,,,medium
076277f826fe639d13bd,업데이트 | 뉴스 | 메이플스토리,,,,medium
7769ece065f47c6fd79a,업데이트 | 뉴스 | 메이플스토리,,,,medium
ae2230249dd28f0d6f56,업데이트 | 뉴스 | 메이플스토리,,,,medium
e74cd1c8875e1c18d20c,업데이트 | 뉴스 | 메이플스토리,,,,medium
b1b9841e6f27d4bf5eba,업데이트 | 뉴스 | 메이플스토리,,,,medium
2cea8371416deb2c91e8,업데이트 | 뉴스 | 메이플스토리,,,,medium
37277d0b53628c0dd1ba,업데이트 | 뉴스 | 메이플스토리,,,,medium
557ad0a1b65232f1b672,업데이트 | 뉴스 | 메이플스토리,,,,medium
e93cbc64360150cf7284,업데이트 | 뉴스 | 메이플스토리,,,,medium
88628ce2df645e6daa3c,업데이트 | 뉴스 | 메이플스토리,,,,medium
ff2b142f42092aeabd30,업데이트 | 뉴스 | 메이플스토리,,,,medium
e22814ddb88d1bf07771,업데이트 | 뉴스 | 메이플스토리,,,,medium
837b70e6232b2558c8f7,업데이트 | 뉴스 | 메이플스토리,,,,medium
c87c0c54b8c2c88edeff,업데이트 | 뉴스 | 메이플스토리,,,,medium
4618d42c9e339ee2e56a,업데이트 | 뉴스 | 메이플스토리,,,,medium
f19ca603467144b63df1,업데이트 | 뉴스 | 메이플스토리,,,,medium
b99b7141b91281d761f2,업데이트 | 뉴스 | 메이플스토리,,,,medium
da91978366b8d14b271b,업데이트 | 뉴스 | 메이플스토리,,,,medium
9e615288e713ed87021f,업데이트 | 뉴스 | 메이플스토리,,,,medium
a50a48977403c552b84f,업데이트 | 뉴스 | 메이플스토리,,,,medium
08b2960c20ef4ac01425,업데이트 | 뉴스 | 메이플스토리,,,,medium
12395bbafe1381913194,업데이트 | 뉴스 | 메이플스토리,,,,medium
c27b58bb1fe1a0dba6ab,업데이트 | 뉴스 | 메이플스토리,,,,medium
ee30d084d694b55a98d2,업데이트 | 뉴스 | 메이플스토리,,,,medium
093c2da953b5661518ad,업데이트 | 뉴스 | 메이플스토리,,,,medium
8f52eba7eeb2b4c432bd,업데이트 | 뉴스 | 메이플스토리,,,,medium
72a2e2d9755fb86f8aa2,업데이트 | 뉴스 | 메이플스토리,,,,medium
dc87a7316cfaac8f92b3,업데이트 | 뉴스 | 메이플스토리,,,,medium
8a225c983f23ac80a890,업데이트 | 뉴스 | 메이플스토리,,,,medium
800c3255793f792d1ce4,업데이트 | 뉴스 | 메이플스토리,,,,medium
c79e7efef25e46911a0b,업데이트 | 뉴스 | 메이플스토리,,,,medium
48f08587bd2ce6e07563,업데이트 | 뉴스 | 메이플스토리,,,,medium
d775ae0bd3f4589163f9,업데이트 | 뉴스 | 메이플스토리,,,,medium
0b95fb5cc97d6178fd5d,업데이트 | 뉴스 | 메이플스토리,,,,medium
0a9d59e90e6dd1b76bfb,업데이트 | 뉴스 | 메이플스토리,,,,medium
dd5143fead6594e7cf59,업데이트 | 뉴스 | 메이플스토리,,,,medium
3d4cd0b2a88801e9296d,업데이트 | 뉴스 | 메이플스토리,,,,medium
833ab0b166868f99b684,업데이트 | 뉴스 | 메이플스토리,,,,medium
54c57d34908d928b2048,업데이트 | 뉴스 | 메이플스토리,,,,medium
3eaa3bed0c81f1f10e53,업데이트 | 뉴스 | 메이플스토리,,,,medium
7a2c2a7686419567f23d,업데이트 | 뉴스 | 메이플스토리,,,,medium
45507715a070f5072154,업데이트 | 뉴스 | 메이플스토리,,,,medium
2b112ceea09c49c923dc,업데이트 | 뉴스 | 메이플스토리,,,,medium
ec798fdde982d62cfbc2,업데이트 | 뉴스 | 메이플스토리,,,,medium
e85acee15af6ef25254c,업데이트 | 뉴스 | 메이플스토리,,,,medium
040a79d16fce32e95c91,업데이트 | 뉴스 | 메이플스토리,,,,medium
75f0d324db7fc377f549,업데이트 | 뉴스 | 메이플스토리,,,,medium
3eeec5d72e2d04fb3115,업데이트 | 뉴스 | 메이플스토리,,,,medium
1bef3d6228fa9978645b,업데이트 | 뉴스 | 메이플스토리,,,,medium
100e755ff16c96c83ed4,업데이트 | 뉴스 | 메이플스토리,,,,medium
bc11913d6c5c3c6215a6,업데이트 | 뉴스 | 메이플스토리,,,,medium
5d9e6b49836d3054f5bf,업데이트 | 뉴스 | 메이플스토리,,,,medium
8e17b2bac3f3708842fc,업데이트 | 뉴스 | 메이플스토리,,,,medium
b182cd4437e16f5c63ef,업데이트 | 뉴스 | 메이플스토리,,,,medium
3edfa3ee4ee5ec2ec136,업데이트 | 뉴스 | 메이플스토리,,,,medium
e7e387f9bacdaf8cda7b,업데이트 | 뉴스 | 메이플스토리,,,,medium
fe30f1565d48c04f80af,업데이트 | 뉴스 | 메이플스토리,,,,medium
de5eff09ef16481cd528,업데이트 | 뉴스 | 메이플스토리,,,,medium
0d32bdd105f840ca4931,업데이트 | 뉴스 | 메이플스토리,,,,medium
d309524585b0d4075d19,업데이트 | 뉴스 | 메이플스토리,,,,medium
a98ef452359f4f4fa376,업데이트 | 뉴스 | 메이플스토리,,,,medium
26c9d8ea9e3c01f21ea5,업데이트 | 뉴스 | 메이플스토리,,,,medium
298f630e78cba82036f7,업데이트 | 뉴스 | 메이플스토리,,,,medium
c8dc78a0b2cb7fa02ee9,업데이트 | 뉴스 | 메이플스토리,,,,medium
2c37a5b3bd7e62233c16,업데이트 | 뉴스 | 메이플스토리,,,,medium
608da14b268883b1257f,업데이트 | 뉴스 | 메이플스토리,,,,medium
0f15dfdd31478d2d562b,업데이트 | 뉴스 | 메이플스토리,,,,medium
6a3ac47e9080fb79d810,업데이트 | 뉴스 | 메이플스토리,,,,medium
cb84384fc9d02341f670,업데이트 | 뉴스 | 메이플스토리,,,,medium
551434637c1751ac3373,업데이트 | 뉴스 | 메이플스토리,,,,medium
b347a22160e220a9c4c6,업데이트 | 뉴스 | 메이플스토리,,,,medium
e9582f076b442037c2ce,업데이트 | 뉴스 | 메이플스토리,,,,medium
4cae1a0955d52ddfcb22,업데이트 | 뉴스 | 메이플스토리,,,,medium
9899aa6ee4a1926361ff,업데이트 | 뉴스 | 메이플스토리,,,,medium
4ff4f34622e3f8804bef,업데이트 | 뉴스 | 메이플스토리,,,,medium
20561775e099e0c15c18,업데이트 | 뉴스 | 메이플스토리,,,,medium
6b22681de9e75a190b05,업데이트 | 뉴스 | 메이플스토리,,,,medium
4c8dcc33c726f2993057,업데이트 | 뉴스 | 메이플스토리,,,,medium
86b6ae3044548d676fc4,업데이트 | 뉴스 | 메이플스토리,,,,medium
b91b309aee8f98dad766,업데이트 | 뉴스 | 메이플스토리,,,,medium
b8c7cd047d906cc0c40b,업데이트 | 뉴스 | 메이플스토리,,,,medium
3b5ab96b810acd8c7c2e,업데이트 | 뉴스 | 메이플스토리,,,,medium
a236becb106b3838a37c,업데이트 | 뉴스 | 메이플스토리,,,,medium
dbd5f2b60a378dc1ed02,업데이트 | 뉴스 | 메이플스토리,,,,medium
ddcf934d0f3638bd1279,업데이트 | 뉴스 | 메이플스토리,,,,medium
e15842fa2958b1cc432f,업데이트 | 뉴스 | 메이플스토리,,,,medium
2a9ae4f89e442a991d6d,업데이트 | 뉴스 | 메이플스토리,,,,medium
7685665dc9a22b336888,업데이트 | 뉴스 | 메이플스토리,,,,medium
92676ed25a1d39cef97a,업데이트 | 뉴스 | 메이플스토리,,,,medium
9e7293f7aaec7fee1e55,업데이트 | 뉴스 | 메이플스토리,,,,medium
2a267d255e275306b33f,업데이트 | 뉴스 | 메이플스토리,,,,medium
3f39fa61e7aaf3edf6da,업데이트 | 뉴스 | 메이플스토리,,,,medium
69cee88842dae3260dcb,업데이트 | 뉴스 | 메이플스토리,,,,medium
b883935a7ea8cf04ffda,업데이트 | 뉴스 | 메이플스토리,,,,medium
0529040e7689ea06779e,업데이트 | 뉴스 | 메이플스토리,,,,medium
1309fa69522fc0c69728,업데이트 | 뉴스 | 메이플스토리,,,,medium
be717a05cc4e52505e92,업데이트 | 뉴스 | 메이플스토리,,,,medium
b73a55e323dcf1bacd8d,업데이트 | 뉴스 | 메이플스토리,,,,medium
03d87b250cfaca412584,업데이트 | 뉴스 | 메이플스토리,,,,medium
020ff145fdea19bead0a,업데이트 | 뉴스 | 메이플스토리,,,,medium
37764fae5d3125508894,업데이트 | 뉴스 | 메이플스토리,,,,medium
93f3cab33b6b02455699,업데이트 | 뉴스 | 메이플스토리,,,,medium
d203ad7adcff5532aa58,업데이트 | 뉴스 | 메이플스토리,,,,medium
f862c6defccaa1ec8a48,업데이트 | 뉴스 | 메이플스토리,,,,medium
b14cf21603e95625fb08,업데이트 | 뉴스 | 메이플스토리,,,,medium
536f1c6cd98f1346cf6c,업데이트 | 뉴스 | 메이플스토리,,,,medium
ce30f2594d01b047a924,업데이트 | 뉴스 | 메이플스토리,,,,medium
9b15b64fe359866c1cfe,업데이트 | 뉴스 | 메이플스토리,,,,medium
f5f9bb3f4705d6678dd9,업데이트 | 뉴스 | 메이플스토리,,,,medium
053b2ec1dec69ff09d57,업데이트 | 뉴스 | 메이플스토리,,,,medium
3caec1effab8442679b2,업데이트 | 뉴스 | 메이플스토리,,,,medium
98c20c39ea1ae46e6605,업데이트 | 뉴스 | 메이플스토리,,,,medium
6979246f743bd5cb44cc,업데이트 | 뉴스 | 메이플스토리,,,,medium
7d0f99fd96baae6ebbb0,업데이트 | 뉴스 | 메이플스토리,,,,medium
59cd4985d4968b7e7af6,업데이트 | 뉴스 | 메이플스토리,,,,medium
2ec953543432e8cbb995,업데이트 | 뉴스 | 메이플스토리,,,,medium
3538b9487919dd68d6ea,업데이트 | 뉴스 | 메이플스토리,,,,medium
6a91935059f11f8e4dcf,업데이트 | 뉴스 | 메이플스토리,,,,medium
8e94e0f641beac65c5d9,업데이트 | 뉴스 | 메이플스토리,,,,medium
cec80d41e23581b543b1,업데이트 | 뉴스 | 메이플스토리,,,,medium
15d0a234955dbd77bced,업데이트 | 뉴스 | 메이플스토리,,,,medium
edeefd2997726f60a26f,업데이트 | 뉴스 | 메이플스토리,,,,medium
0861e61e97ec050a9bf6,업데이트 | 뉴스 | 메이플스토리,,,,medium
b390355cc977214fcf19,업데이트 | 뉴스 | 메이플스토리,,,,medium
cec97714b5d41e55fce0,업데이트 | 뉴스 | 메이플스토리,,,,medium
9b3f20630576c5ab5d22,업데이트 | 뉴스 | 메이플스토리,,,,medium
5bfe82d53088745db6a9,업데이트 | 뉴스 | 메이플스토리,,,,medium
1890c457511440c3a0a4,업데이트 | 뉴스 | 메이플스토리,,,,medium
b123abfb998debcf8e20,업데이트 | 뉴스 | 메이플스토리,,,,medium
9b6bd1a8df87b434baa1,업데이트 | 뉴스 | 메이플스토리,,,,medium
d6370092ac8ecc1491c9,업데이트 | 뉴스 | 메이플스토리,,,,medium
6147b931b865fa63bf3c,업데이트 | 뉴스 | 메이플스토리,,,,medium
0b2996edfa32a15ad735,업데이트 | 뉴스 | 메이플스토리,,,,medium
db99d031ca5edf087c1a,업데이트 | 뉴스 | 메이플스토리,,,,medium
3e472dabaf2d807db7d6,업데이트 | 뉴스 | 메이플스토리,,,,medium
4f9d945634ae8fd86e4b,업데이트 | 뉴스 | 메이플스토리,,,,medium
bbc470e0463e35e7786e,업데이트 | 뉴스 | 메이플스토리,,,,medium
26a65b6e1c6b586e2a4f,업데이트 | 뉴스 | 메이플스토리,,,,medium
69999a447ad125a7ce1d,업데이트 | 뉴스 | 메이플스토리,,,,medium
d0cf6a125f95e1999733,업데이트 | 뉴스 | 메이플스토리,,,,medium
904b93ef77e5bd67e63f,업데이트 | 뉴스 | 메이플스토리,,,,medium
668d4f53e95d7f593f8b,업데이트 | 뉴스 | 메이플스토리,,,,medium
0769f1bc57adce4cd897,업데이트 | 뉴스 | 메이플스토리,,,,medium
aee6a8dfe59eb14c41a5,업데이트 | 뉴스 | 메이플스토리,,,,medium
d632becfc8162922615a,업데이트 | 뉴스 | 메이플스토리,,,,medium
be3acb4491e994934f76,업데이트 | 뉴스 | 메이플스토리,,,,medium
7f58c852d8b08d89ce27,업데이트 | 뉴스 | 메이플스토리,,,,medium
75bd154a534495d1f265,업데이트 | 뉴스 | 메이플스토리,,,,medium
00bc4d47c33b45fdfafc,업데이트 | 뉴스 | 메이플스토리,,,,medium
0fd1911d6ebb8a0e9f16,업데이트 | 뉴스 | 메이플스토리,,,,medium
45c9e49511a614d09ebc,업데이트 | 뉴스 | 메이플스토리,,,,medium
ef50369a88bc16f4c6e6,업데이트 | 뉴스 | 메이플스토리,,,,medium
6363d68e7d1e1cf70fb8,업데이트 | 뉴스 | 메이플스토리,,,,medium
0f92c3451bc90d81a19f,업데이트 | 뉴스 | 메이플스토리,,,,medium
e575b5baa7aebae4981b,업데이트 | 뉴스 | 메이플스토리,,,,medium
87e72ba39a2bee5a9140,업데이트 | 뉴스 | 메이플스토리,,,,medium
16eeeeb4316605234b99,업데이트 | 뉴스 | 메이플스토리,,,,medium
adb7972ead76d60b8d1d,업데이트 | 뉴스 | 메이플스토리,,,,medium
ff1facd2269b9640296b,업데이트 | 뉴스 | 메이플스토리,,,,medium
cad22474ef80b6aaec3f,업데이트 | 뉴스 | 메이플스토리,,,,medium
706bb290081d81efc022,업데이트 | 뉴스 | 메이플스토리,,,,medium
8344a20f6543fac905e5,업데이트 | 뉴스 | 메이플스토리,,,,medium
a72e8f612f2873d800d3,업데이트 | 뉴스 | 메이플스토리,,,,medium
43c9342ff80309a3c1ab,업데이트 | 뉴스 | 메이플스토리,,,,medium
7cfbc2df6ad914963522,업데이트 | 뉴스 | 메이플스토리,,,,medium
b8aeb5f666fbb84fc742,업데이트 | 뉴스 | 메이플스토리,,,,medium
0cecdc36fcab7fda527b,업데이트 | 뉴스 | 메이플스토리,,,,medium
4e4cf496c301f318610a,업데이트 | 뉴스 | 메이플스토리,,,,medium
584f72eab7624fcd9ccc,업데이트 | 뉴스 | 메이플스토리,,,,medium
9e2f762420e79018b312,업데이트 | 뉴스 | 메이플스토리,,,,medium
287d302593d49cb0a174,업데이트 | 뉴스 | 메이플스토리,,,,medium
850290151eff4eeeeb1d,업데이트 | 뉴스 | 메이플스토리,,,,medium
93673722106fb6573317,업데이트 | 뉴스 | 메이플스토리,,,,medium
8460a2493889100b2b0d,업데이트 | 뉴스 | 메이플스토리,,,,medium
42cf03990064a86030fd,업데이트 | 뉴스 | 메이플스토리,,,,medium
2ff8dc341a3a8defb7de,업데이트 | 뉴스 | 메이플스토리,,,,medium
7a35c5dd6fb9e5779c03,업데이트 | 뉴스 | 메이플스토리,,,,medium
88d1cc2286484f776a42,업데이트 | 뉴스 | 메이플스토리,,,,medium
c6e933461e13a617a2be,업데이트 | 뉴스 | 메이플스토리,,,,medium
c1235d5bce33c320d99e,업데이트 | 뉴스 | 메이플스토리,,,,medium
c802527fc0b92328d5e6,업데이트 | 뉴스 | 메이플스토리,,,,medium
ebc45f6417bce47511a2,업데이트 | 뉴스 | 메이플스토리,,,,medium
6b8e67a0754eb8252d22,업데이트 | 뉴스 | 메이플스토리,,,,medium
8a5783c9e0adf2cca70f,업데이트 | 뉴스 | 메이플스토리,,,,medium
eb6714d1b8f5fd5adad6,업데이트 | 뉴스 | 메이플스토리,,,,medium
fbcbbed1d478f5dc6205,업데이트 | 뉴스 | 메이플스토리,,,,medium
1aeb06fc2bde48067fc0,업데이트 | 뉴스 | 메이플스토리,,,,medium
2bf726ed9394c0144e21,업데이트 | 뉴스 | 메이플스토리,,,,medium
aa555ad1f6fa1cea6942,업데이트 | 뉴스 | 메이플스토리,,,,medium
305f346ab2af43b79452,업데이트 | 뉴스 | 메이플스토리,,,,medium
82c2c5fec188f1f7e62e,업데이트 | 뉴스 | 메이플스토리,,,,medium
bf797050097b68e96152,업데이트 | 뉴스 | 메이플스토리,,,,medium
7e09b338552997795c04,업데이트 | 뉴스 | 메이플스토리,,,,medium
e1ad0144123b6ee394b4,업데이트 | 뉴스 | 메이플스토리,,,,medium
dd2c7155a9f96ee21fde,업데이트 | 뉴스 | 메이플스토리,,,,medium
ee7e1b63ae9a22467cc6,업데이트 | 뉴스 | 메이플스토리,,,,medium
28da5bcc24644b15593c,업데이트 | 뉴스 | 메이플스토리,,,,medium
fec1a8a7d2916e0f2ac1,업데이트 | 뉴스 | 메이플스토리,,,,medium
97a2b8b797360e96d5f7,업데이트 | 뉴스 | 메이플스토리,,,,medium
1c3c3985276feab3f922,업데이트 | 뉴스 | 메이플스토리,,,,medium
1a0f0854a681d221f69c,업데이트 | 뉴스 | 메이플스토리,,,,medium
836dfd0b31e7494859e7,업데이트 | 뉴스 | 메이플스토리,,,,medium
5aa5f929ee48758ac668,업데이트 | 뉴스 | 메이플스토리,,,,medium
e865183225d4d546b223,업데이트 | 뉴스 | 메이플스토리,,,,medium
ef158c973ac37e6681a1,업데이트 | 뉴스 | 메이플스토리,,,,medium
c14abad3b1dc9043ef6a,업데이트 | 뉴스 | 메이플스토리,,,,medium
4af70220318c8701f531,업데이트 | 뉴스 | 메이플스토리,,,,medium
ab562efbf8aba654f720,업데이트 | 뉴스 | 메이플스토리,,,,medium
55453b94fcdd48aef76d,업데이트 | 뉴스 | 메이플스토리,,,,medium
937cde5d0adfc8dce5b0,업데이트 | 뉴스 | 메이플스토리,,,,medium
07330718aac0835efedc,업데이트 | 뉴스 | 메이플스토리,,,,medium
7e04ec140b4490a93864,업데이트 | 뉴스 | 메이플스토리,,,,medium
a32f9d902292f77346c2,업데이트 | 뉴스 | 메이플스토리,,,,medium
b8f9682b0caab4bda534,업데이트 | 뉴스 | 메이플스토리,,,,medium
d294b1e6c270dee4f5b2,업데이트 | 뉴스 | 메이플스토리,,,,medium
52768a32dbbd9b614444,업데이트 | 뉴스 | 메이플스토리,,,,medium
7f53340e67913a290ec8,업데이트 | 뉴스 | 메이플스토리,,,,medium
5c398469b0bdf4416d7b,업데이트 | 뉴스 | 메이플스토리,,,,medium
02c14a85b2cfe73d83a6,업데이트 | 뉴스 | 메이플스토리,,,,medium
d4f5fadd6bf39e070503,업데이트 | 뉴스 | 메이플스토리,,,,medium
138838cdab06ecea0319,업데이트 | 뉴스 | 메이플스토리,,,,medium
e55d6b9e3d1acae2e724,업데이트 | 뉴스 | 메이플스토리,,,,medium
b63949f6e928aa827d16,업데이트 | 뉴스 | 메이플스토리,,,,medium
09f5540852b37f02c408,업데이트 | 뉴스 | 메이플스토리,,,,medium
a65d49fadbb0b8263005,업데이트 | 뉴스 | 메이플스토리,,,,medium
01c9ba393f1e126b69f8,업데이트 | 뉴스 | 메이플스토리,,,,medium
63a7789a5f1a47cee9e6,업데이트 | 뉴스 | 메이플스토리,,,,medium
1e2d94ccad61ac5fdc4e,업데이트 | 뉴스 | 메이플스토리,,,,medium
7ede8a301590bfadeefd,업데이트 | 뉴스 | 메이플스토리,,,,medium
559bd08c7eeb2f6be429,업데이트 | 뉴스 | 메이플스토리,,,,medium
59b509ba00999d49c51c,업데이트 | 뉴스 | 메이플스토리,,,,medium
5a1d5a1bd1e73255d4a6,업데이트 | 뉴스 | 메이플스토리,,,,medium
230ab042d4e10cb3e079,업데이트 | 뉴스 | 메이플스토리,,,,medium
c5427bfd90dd69540d1c,업데이트 | 뉴스 | 메이플스토리,,,,medium
b45f79b533f1b7c0961f,업데이트 | 뉴스 | 메이플스토리,,,,medium
8f34b74e7b0abbaaa2a5,업데이트 | 뉴스 | 메이플스토리,,,,medium
9cbf895deec1a239d696,업데이트 | 뉴스 | 메이플스토리,,,,medium
73b6a3e9518066628cb7,업데이트 | 뉴스 | 메이플스토리,,,,medium
f30bb055a2b44488a87c,업데이트 | 뉴스 | 메이플스토리,,,,medium
8f030f8bfb3b855ea209,업데이트 | 뉴스 | 메이플스토리,,,,medium
f91d6a7155d50e7489d4,업데이트 | 뉴스 | 메이플스토리,,,,medium
5549d6bbdf367674976d,업데이트 | 뉴스 | 메이플스토리,,,,medium
26c7f60032649c38b2a3,업데이트 | 뉴스 | 메이플스토리,,,,medium
2888fab9d03c2a0b282b,업데이트 | 뉴스 | 메이플스토리,,,,medium
c9b930f4b4b16dbe2c17,업데이트 | 뉴스 | 메이플스토리,,,,medium
314c7eb45b1712a41978,업데이트 | 뉴스 | 메이플스토리,,,,medium
8e53433270bd67f50c51,업데이트 | 뉴스 | 메이플스토리,,,,medium
027ebdc3b5ba4c98fecd,업데이트 | 뉴스 | 메이플스토리,,,,medium
035249c0e9a248481fcb,업데이트 | 뉴스 | 메이플스토리,,,,medium
76edd98c4829c288cd8d,업데이트 | 뉴스 | 메이플스토리,,,,medium
c76d755fecfb3faaad0a,업데이트 | 뉴스 | 메이플스토리,,,,medium
7817507440c4def27f7c,업데이트 | 뉴스 | 메이플스토리,,,,medium
dbd17bc1bc0d21f7b60b,업데이트 | 뉴스 | 메이플스토리,,,,medium
254d8e52fb6a4ab1ff9d,업데이트 | 뉴스 | 메이플스토리,,,,medium
0d02db05cf902167d021,업데이트 | 뉴스 | 메이플스토리,,,,medium
9e288a9577b3fc0043b0,업데이트 | 뉴스 | 메이플스토리,,,,medium
2bbc84eb241d36987ebc,업데이트 | 뉴스 | 메이플스토리,,,,medium
88c98b8284257667d914,업데이트 | 뉴스 | 메이플스토리,,,,medium
9195adfb431c0b39077c,업데이트 | 뉴스 | 메이플스토리,,,,medium
f63a8b2a4e647a6fbc6d,업데이트 | 뉴스 | 메이플스토리,,,,medium
8c66a5fb283ad2553f92,업데이트 | 뉴스 | 메이플스토리,,,,medium
aa7780743beb9ba6e1e1,업데이트 | 뉴스 | 메이플스토리,,,,medium
06c771a7e3e0436af5b6,업데이트 | 뉴스 | 메이플스토리,,,,medium
464a3b98a3e002735e47,업데이트 | 뉴스 | 메이플스토리,,,,medium
4b944a042fac86bbb7b6,업데이트 | 뉴스 | 메이플스토리,,,,medium
ca47ca902f6670cd4199,업데이트 | 뉴스 | 메이플스토리,,,,medium
bfab32733d3b07b196f4,업데이트 | 뉴스 | 메이플스토리,,,,medium
23f3971752f0785a610b,업데이트 | 뉴스 | 메이플스토리,,,,medium
e79e6f06ad715e60f074,업데이트 | 뉴스 | 메이플스토리,,,,medium
01eede7424ba9bb1af7e,업데이트 | 뉴스 | 메이플스토리,,,,medium
71c242de0cbaab8a6070,업데이트 | 뉴스 | 메이플스토리,,,,medium
c3c47b23ee49e8f70d66,업데이트 | 뉴스 | 메이플스토리,,,,medium
a8ec5834af27c58062c0,업데이트 | 뉴스 | 메이플스토리,,,,medium
2deec0dd57ee98cf54b0,업데이트 | 뉴스 | 메이플스토리,,,,medium
a89539c1bb5e55fe1cf2,업데이트 | 뉴스 | 메이플스토리,,,,medium
ecb6c30e735c4610e7c5,업데이트 | 뉴스 | 메이플스토리,,,,medium
57ec3c4e57f5ed4fe679,업데이트 | 뉴스 | 메이플스토리,,,,medium
94a448094c387cc7cf67,업데이트 | 뉴스 | 메이플스토리,,,,medium
b3181d7d18be58db1f76,업데이트 | 뉴스 | 메이플스토리,,,,medium
6f4a4f7d4fe35282deb3,업데이트 | 뉴스 | 메이플스토리,,,,medium
e200275cad8bce8995ec,업데이트 | 뉴스 | 메이플스토리,,,,medium
13f9a59a7fcb65f8302a,업데이트 | 뉴스 | 메이플스토리,,,,medium
0a009ae21eeefb70787e,업데이트 | 뉴스 | 메이플스토리,,,,medium
9024dff2da90cf2a072c,업데이트 | 뉴스 | 메이플스토리,,,,medium
bc450f835bc989f858d6,업데이트 | 뉴스 | 메이플스토리,,,,medium
69dc61ed901a509b2beb,업데이트 | 뉴스 | 메이플스토리,,,,medium
7c77abf15075c1c81f29,업데이트 | 뉴스 | 메이플스토리,,,,medium
0b108d72de65a3526cab,업데이트 | 뉴스 | 메이플스토리,,,,medium
0b3ad91c05320273dc0f,업데이트 | 뉴스 | 메이플스토리,,,,medium
7564cefdbb4b9e40f6bd,업데이트 | 뉴스 | 메이플스토리,,,,medium
ec2bfecb9431c967ae44,업데이트 | 뉴스 | 메이플스토리,,,,medium
abb0a40e27c85644f833,업데이트 | 뉴스 | 메이플스토리,,,,medium
3e4cbdc709552624801c,업데이트 | 뉴스 | 메이플스토리,,,,medium
f23f12c1ad2b41cd71f4,업데이트 | 뉴스 | 메이플스토리,,,,medium
35c9a7de2a3d5a4d7159,업데이트 | 뉴스 | 메이플스토리,,,,medium
fa2b44a2ed71db01a5ba,업데이트 | 뉴스 | 메이플스토리,,,,medium
47b5dd1432b58f724c97,업데이트 | 뉴스 | 메이플스토리,,,,medium
f764a498494331748fb7,업데이트 | 뉴스 | 메이플스토리,,,,medium
fc975c801212a890069a,업데이트 | 뉴스 | 메이플스토리,,,,medium
26267d66982c12de1779,업데이트 | 뉴스 | 메이플스토리,,,,medium
505ae7adfb97811d8a18,업데이트 | 뉴스 | 메이플스토리,,,,medium
9137d2bc82b5ad53194a,업데이트 | 뉴스 | 메이플스토리,,,,medium
84839d811b6579eb564e,업데이트 | 뉴스 | 메이플스토리,,,,medium
81fe536f7e1f03f47db0,업데이트 | 뉴스 | 메이플스토리,,,,medium
0236516a06095fabef9b,업데이트 | 뉴스 | 메이플스토리,,,,medium
a58e2653b69ad66bc5b4,업데이트 | 뉴스 | 메이플스토리,,,,medium
3c9ef69d5d67830c5f74,업데이트 | 뉴스 | 메이플스토리,,,,medium
f1258fd704163845c726,업데이트 | 뉴스 | 메이플스토리,,,,medium
74abd9c4df55e3433227,업데이트 | 뉴스 | 메이플스토리,,,,medium
88385c81634676af0eca,업데이트 | 뉴스 | 메이플스토리,,,,medium
4432c703d2b6511bc977,업데이트 | 뉴스 | 메이플스토리,,,,medium
057330ce2be9dbf8a5a7,업데이트 | 뉴스 | 메이플스토리,,,,medium
f388b86d7c0f7b59e6b6,업데이트 | 뉴스 | 메이플스토리,,,,medium
8a45f3cb887a32a9c31e,업데이트 | 뉴스 | 메이플스토리,,,,medium
9f8d017976b4172e0e61,업데이트 | 뉴스 | 메이플스토리,,,,medium
45bf00745d18336572a0,업데이트 | 뉴스 | 메이플스토리,,,,medium
266b626259fb2269f295,업데이트 | 뉴스 | 메이플스토리,,,,medium
16fd5aa91ae6b2aed376,업데이트 | 뉴스 | 메이플스토리,,,,medium
ece7ed242af18632e200,업데이트 | 뉴스 | 메이플스토리,,,,medium
f7d21cf69c6e8d561b38,업데이트 | 뉴스 | 메이플스토리,,,,medium
2477c36998ac1f58ab3c,업데이트 | 뉴스 | 메이플스토리,,,,medium
f00a82ff98f120353217,업데이트 | 뉴스 | 메이플스토리,,,,medium
a1ff40c9721b843f8bae,업데이트 | 뉴스 | 메이플스토리,,,,medium
d88460c9dd0edb75b6cb,업데이트 | 뉴스 | 메이플스토리,,,,medium
c01554d5e3d466f2c70e,업데이트 | 뉴스 | 메이플스토리,,,,medium
5001a22f01b7f8bc79b4,업데이트 | 뉴스 | 메이플스토리,,,,medium
7c3e9c22d7b3bfb38993,업데이트 | 뉴스 | 메이플스토리,,,,medium
d0267abba21082807201,업데이트 | 뉴스 | 메이플스토리,,,,medium
ca6e6b4e26d6924e9939,업데이트 | 뉴스 | 메이플스토리,,,,medium
af534328dfeca116a443,업데이트 | 뉴스 | 메이플스토리,,,,medium
ed1c136867bfd92f7a07,업데이트 | 뉴스 | 메이플스토리,,,,medium
b75f0cab58e8a72763cd,업데이트 | 뉴스 | 메이플스토리,,,,medium
b75c85e64f74d86a556a,업데이트 | 뉴스 | 메이플스토리,,,,medium
a4da83cd1e12166df039,업데이트 | 뉴스 | 메이플스토리,,,,medium
ca86d6d9df2f3b5ddd77,업데이트 | 뉴스 | 메이플스토리,,,,medium
9a392e26c6df47aee10d,업데이트 | 뉴스 | 메이플스토리,,,,medium
2b48a02777397664bbfe,업데이트 | 뉴스 | 메이플스토리,,,,medium
2a4e6b97f325a20a36ba,업데이트 | 뉴스 | 메이플스토리,,,,medium
c357abfa0500b6eed4e6,업데이트 | 뉴스 | 메이플스토리,,,,medium
cd46d0db42dcad0ca1c8,업데이트 | 뉴스 | 메이플스토리,,,,medium
4f7c94410d1a208f5383,업데이트 | 뉴스 | 메이플스토리,,,,medium
0f23f472e8da58869713,업데이트 | 뉴스 | 메이플스토리,,,,medium
6a13d3590e78510033a4,업데이트 | 뉴스 | 메이플스토리,,,,medium
2d08acce5bd48d65a194,업데이트 | 뉴스 | 메이플스토리,,,,medium
7c22eb848711517a7850,업데이트 | 뉴스 | 메이플스토리,,,,medium
acdeb4dc7aadc5e3a361,업데이트 | 뉴스 | 메이플스토리,,,,medium
b88e8b1b2cefd4ae9362,업데이트 | 뉴스 | 메이플스토리,,,,medium
5ede3ebf386c4845dde6,업데이트 | 뉴스 | 메이플스토리,,,,medium
8b1901e533530e0aa6f3,업데이트 | 뉴스 | 메이플스토리,,,,medium
b7e79309748aacd1ac53,업데이트 | 뉴스 | 메이플스토리,,,,medium
6458c90995b52d978e0f,업데이트 | 뉴스 | 메이플스토리,,,,medium
9fc90e6450a72f7c817a,업데이트 | 뉴스 | 메이플스토리,,,,medium
ec4d71bc6c727cd27bac,업데이트 | 뉴스 | 메이플스토리,,,,medium
6e4b3cfd683b6baaad73,업데이트 | 뉴스 | 메이플스토리,,,,medium
a90ce6e9db4e4434ed3f,업데이트 | 뉴스 | 메이플스토리,,,,medium
cef90dcaea1e6a89d8e9,업데이트 | 뉴스 | 메이플스토리,,,,medium
dd437d9dcabaa1afe9aa,업데이트 | 뉴스 | 메이플스토리,,,,medium
c8ff0d7293e15402243c,업데이트 | 뉴스 | 메이플스토리,,,,medium
8299e598fa6d1aebca81,업데이트 | 뉴스 | 메이플스토리,,,,medium
e289c6033f5c2978540c,업데이트 | 뉴스 | 메이플스토리,,,,medium
15e804439947e6bd3845,업데이트 | 뉴스 | 메이플스토리,,,,medium
833e316f7da84ce0903d,업데이트 | 뉴스 | 메이플스토리,,,,medium
86ffa67c4b838be26050,업데이트 | 뉴스 | 메이플스토리,,,,medium
ba8ff0fdae9e37ceb6aa,업데이트 | 뉴스 | 메이플스토리,,,,medium
47f3cb4caae4151a6667,업데이트 | 뉴스 | 메이플스토리,,,,medium
10152bbc61191302ba92,업데이트 | 뉴스 | 메이플스토리,,,,medium
19cdf53543ca5c72473e,업데이트 | 뉴스 | 메이플스토리,,,,medium
c6aff1f7757976d46fe7,업데이트 | 뉴스 | 메이플스토리,,,,medium
948f1b4652180b39e2cf,업데이트 | 뉴스 | 메이플스토리,,,,medium
fc798c36e621d671ddf8,업데이트 | 뉴스 | 메이플스토리,,,,medium
bf1958ef0b90a40e9ff3,업데이트 | 뉴스 | 메이플스토리,,,,medium
0a70b8ebb2f50f9b22d6,업데이트 | 뉴스 | 메이플스토리,,,,medium
a617e8413be70b2fc734,업데이트 | 뉴스 | 메이플스토리,,,,medium
d3ebde0543d8d2ee396e,업데이트 | 뉴스 | 메이플스토리,,,,medium
bcbf8002a10edc155e71,업데이트 | 뉴스 | 메이플스토리,,,,medium
be813ce939008b610333,업데이트 | 뉴스 | 메이플스토리,,,,medium
509f11898532fd1dc9b7,업데이트 | 뉴스 | 메이플스토리,,,,medium
db0d11c7347856c6f65c,업데이트 | 뉴스 | 메이플스토리,,,,medium
cf7c1e43300b0643f503,업데이트 | 뉴스 | 메이플스토리,,,,medium
3b632014fe7e0e49590a,업데이트 | 뉴스 | 메이플스토리,,,,medium
d341ca38bca5ecbe0ae4,업데이트 | 뉴스 | 메이플스토리,,,,medium
a803e76c43fa7d1375fc,업데이트 | 뉴스 | 메이플스토리,,,,medium
0f8d10f979f247dcbdcc,업데이트 | 뉴스 | 메이플스토리,,,,medium
1f36355697c82c3b4ad8,업데이트 | 뉴스 | 메이플스토리,,,,medium
c8d40ecccfdb8c82d787,Runes - MapleStory Wiki,,,,medium
de76e2ea0b93472b4336,Eliza - MapleStory Wiki,,,,medium
d4aea693745220a93de7,Gigantic Bellflower Root - MapleStory Wiki,,,,medium
bbc41dea5a2c7f2a60ca,Gigantic Rue Monster - MapleStory Wiki,,,,medium
27b73b5ad10c4240b29e,Guild Castle - MapleStory Wiki,,,,medium
37e04cba302c5e1d7b7f,Cygnus/Monster - MapleStory Wiki,,,,medium
d3b89b1385b8f4c7d66f,Cuzco - MapleStory Wiki,,,,medium
6e575921f34261c48aa3,Experience - MapleStory Wiki,,,,medium
f43f29344a88aaf98f92,Monster - MapleStory Wiki,,,,medium
871b634b6b2be08e42b6,Category:The Afterlands - MapleStory Wiki,,,,medium
5ef68e226a246226730d,Guard Captain Darknell/Monster - MapleStory Wiki,,,,medium
b73a43f49481febae2af,Monsters Level 221 - 230 - MapleStory Wiki,,,,medium
fbfd84b1017609d2451f,Sia Astelle - MapleStory Wiki,,,,medium
505d6cf5985dc4ea3ede,Aranea - MapleStory Wiki,,,,medium
cbd250fae98f70a42550,Black Mage/Monster - MapleStory Wiki,,,,medium
5b1ebb36d1cbfc5de8b1,Cheong-woon Valley - MapleStory Wiki,,,,medium
bdcc00e8870f01179964,Inner Ability - MapleStory Wiki,,,,medium
3d1fd6a103d710338de5,Princess No - MapleStory Wiki,,,,medium
fe16d0e78aeb25cf56c1,Party Quest Monsters - MapleStory Wiki,,,,medium
db97163d1d113e2ad971,Exceptional Enhancement - MapleStory Wiki,,,,medium
0bbd075a7a3ecd830993,Gold Treasure Box - MapleStory Wiki,,,,medium
501cf8bd9b9e5e4ebb91,Marksman - MapleStory Wiki,,,,medium
7f860c9e1c92af0d6dd3,Throwing Star - MapleStory Wiki,,,,medium
c1d9196cf8c6a60223e3,Diabolic Jiangshi - MapleStory Wiki,,,,medium
8618aa2ddd25e76abc86,Von Leon/Monster - MapleStory Wiki,,,,medium
fffc2290355a63709224,Big Rock Face - MapleStory Wiki,,,,medium
0a9fd878c8368aadcb3a,Papulatus - MapleStory Wiki,,,,medium
4aa667b1fce047c6ed46,Magnus/Monster - MapleStory Wiki,,,,medium
43379a516c3a25ac2668,Contaminated Shensung - MapleStory Wiki,,,,medium
ac30957445f0309bb232,Dodo - MapleStory Wiki,,,,medium
2c89d6e0e35b1d05ce66,Monsters Level 251 - 260 - MapleStory Wiki,,,,medium
6cfb331806f7c9ad8971,Monsters Level 81 - 90 - MapleStory Wiki,,,,medium
967dfcb37c131cc50fce,Princess No - MapleStory Wiki,,,,medium
df041a98e839978bff88,Black Viking - MapleStory Wiki,,,,medium
4bf9cbf126a36c4402d2,Milestone - MapleStory Wiki,,,,medium
7036025e1cce56fd4470,Ghost Park - MapleStory Wiki,,,,medium
d80ca247a100f093eae4,Monsters Level 271 - 280 - MapleStory Wiki,,,,medium
a71a4ef7bff302119579,Belle/Monster - MapleStory Wiki,,,,medium
42f4a82f127d1775bba2,Ren - MapleStory Wiki,,,,medium
57d42204dc9527c74745,Cygnus Knights - MapleStory Wiki,,,,medium
2865236c1b1270cb25f1,Erda Spectrum - MapleStory Wiki,,,,medium
53c9d48c328bba9c044c,Category:Removed Content and Features - MapleStory Wiki,,,,medium
2ee99802b64e458b6b74,Threads of Fate - MapleStory Wiki,,,,medium
48053ebb195ecfbd4413,Cash Item - MapleStory Wiki,,,,medium
c22785397850b2a6e717,Von Leon/Monster - MapleStory Wiki,,,,medium
ed01ae3348116089a205,Jianghu - MapleStory Wiki,,,,medium
594451c1da60fca1338a,Will/Monster - MapleStory Wiki,,,,medium
2e25d5597c29761befc2,Dual Birk - MapleStory Wiki,,,,medium
9595e5bcb3a7c708e26d,MapleStory Wiki:Updates - MapleStory Wiki,,,,medium
22f27abad143c34ed737,Monsters Level 111 - 120 - MapleStory Wiki,,,,medium
23b2736929a31b379fee,Category:Usable Items - MapleStory Wiki,,,,medium
c9522b9a69bf37b06c63,Bag - MapleStory Wiki,,,,medium
06c07ee5c3fb96f4bee9,Damien/Monster - MapleStory Wiki,,,,medium
29f4543d634916bb9be0,Geist Balrog - MapleStory Wiki,,,,medium
de7ed065dc2d4cee7cd8,Refined Ore - MapleStory Wiki,,,,medium
87d614d76895f518c817,Monsters Level 141 - 150 - MapleStory Wiki,,,,medium
13a6242d01c47f31bcdf,Mu Lung Dojo - MapleStory Wiki,,,,medium
51597f445d46a471c4cf,Giant Blackheart - MapleStory Wiki,,,,medium
53f8ec6e656b9eeb4799,Novice - MapleStory Wiki,,,,medium
35f7a402c87f64646014,Pink Bean - MapleStory Wiki,,,,medium
d081d98de9d7630e5de8,Category:Explorer Classes - MapleStory Wiki,,,,medium
5be35ee4e1e101803223,Forever Alone Troublemaker - MapleStory Wiki,,,,medium
54af34bbdaea43e4df61,Greedy Troublemaker - MapleStory Wiki,,,,medium
47923883b83bcd1e561f,The Afterlands - MapleStory Wiki,,,,medium
d1cf205539f8c1cae42d,Gold Dragon - MapleStory Wiki,,,,medium
cfc8d4cc98591e501ed0,High Flora Leader - MapleStory Wiki,,,,medium
cb8ad75de9cdbbc36056,Monsters Level 51 - 60 - MapleStory Wiki,,,,medium
da874fa1fcc4a7a7455e,Professions - MapleStory Wiki,,,,medium
ac51d1ba9b67aebd74ff,Chaos Disembodied Von Bon - MapleStory Wiki,,,,medium
9104f06a744979e031ea,Traits - MapleStory Wiki,,,,medium
2eb2565481455acc74a0,Blue Mushdad - MapleStory Wiki,,,,medium
d740650fcbb15d1ccf78,Category:Sengoku - MapleStory Wiki,,,,medium
ec9b33d3242d345f3692,Demon - MapleStory Wiki,,,,medium
f94675ff9a081c0cdbbb,Mo Xuan - MapleStory Wiki,,,,medium
ca42ae6dbd29126a6377,Ignition - MapleStory Wiki,,,,medium
ed86defec27c11d25b3f,Mercedes - MapleStory Wiki,,,,medium
8da9c8256238b52f173b,Monsters Level 281 - 290 - MapleStory Wiki,,,,medium
d56260b94dda704945ca,Beast Tamer - MapleStory Wiki,,,,medium
781f39921d9ef0fad7f8,Embrion - MapleStory Wiki,,,,medium
7ef1e0824021dc72cd96,Crown - MapleStory Wiki,,,,medium
5c237659cdc47b586e1c,Lumiere - MapleStory Wiki,,,,medium
25f0487ef77a88edec07,Dawn Warrior - MapleStory Wiki,,,,medium
8a0b9b586afcc7a7bd28,Corsair - MapleStory Wiki,,,,medium
3781bd19d3dd817e0faf,Guard Captain Darknell/Monster - MapleStory Wiki,,,,medium
0eb01b83f847336dbcc6,Night Walker - MapleStory Wiki,,,,medium
2fd352a0cc1e4d0a2036,Barrier Demolisher - MapleStory Wiki,,,,medium
63e31c66c7b279c2c7aa,Hyperspace Cube - MapleStory Wiki,,,,medium
cf93f2f35c2e8e61e17e,Dyle - MapleStory Wiki,,,,medium
ad330fe207af38174028,Link Skill - MapleStory Wiki,,,,medium
8a795dc6cf79360e253e,Category:Magicians - MapleStory Wiki,,,,medium
84c98079adad4a99ebc5,Category:Free Market - MapleStory Wiki,,,,medium
f7d40ade7ec5b12dca78,Fallen Dragon Whelp - MapleStory Wiki,,,,medium
4bb3a4af7c2e265ea862,Illium - MapleStory Wiki,,,,medium
652ec368bef8620b1ca1,Black Knight/Monster - MapleStory Wiki,,,,medium
a466c90fd2a599b3a242,Alluring Mirror - MapleStory Wiki,,,,medium
6f57ca9a62a7850eb011,Bishop - MapleStory Wiki,,,,medium
e277757b2aff046bbcae,Dragon Rider/Monster - MapleStory Wiki,,,,medium
fe8308c397f24316a72f,Chair - MapleStory Wiki,,,,medium
78f7fd42b7e3360d9ee0,Shade (Eunwol) - MapleStory Wiki,,,,medium
dd437c42778e7e964874,Epic Dungeon: Angler Company - MapleStory Wiki,,,,medium
c117fb1720f47c0f39fb,Category:Ardentmill - MapleStory Wiki,,,,medium
6b6800c08932c3852b2a,Equipment Enhancement - MapleStory Wiki,,,,medium
e4ccf8b4030fc16e9788,Mirror World Monsters - MapleStory Wiki,,,,medium
78ca18f123e1a16fe1a7,Category:Organizations - MapleStory Wiki,,,,medium
631104658f87b48a805a,Dreamkeeper - MapleStory Wiki,,,,medium
0247c4d983696d848241,Alishar - MapleStory Wiki,,,,medium
0efbc4e5d407a859b09f,Capt. Latanica - MapleStory Wiki,,,,medium
3ed35dfc3654df3f4766,Saitama - MapleStory Wiki,,,,medium
98c0575b08f865a9ec76,Dark Cornian - MapleStory Wiki,,,,medium
a0e70e636381f0564768,Goblin/Monster - MapleStory Wiki,,,,medium
61c0f943876011472857,Character Statistics - MapleStory Wiki,,,,medium
709158b59a9c086bfffa,Dreamer - MapleStory Wiki,,,,medium
94e073361aedced08b4f,Ristonia - MapleStory Wiki,,,,medium
be180b056126ea665d91,Category:Friends World Classes - MapleStory Wiki,,,,medium
d07b7d38066807e0552e,Grosso Polpo - MapleStory Wiki,,,,medium
bf4550ce6313a45b0b71,(Rare) Perfect Visitor - MapleStory Wiki,,,,medium
8dfc0fe3a6c8d58ccd29,MapleStory Wiki:Privacy policy - MapleStory Wiki,,,,medium
b504285665eda9464096,Halo Slime - MapleStory Wiki,,,,medium
5ae0f6c964f23514aa2c,High Darkstar - MapleStory Wiki,,,,medium
cff93e03fadf15869198,Monsters Level 91 - 100 - MapleStory Wiki,,,,medium
7f7f5755c4743e87eb47,Summoning Sack - MapleStory Wiki,,,,medium
a5777dfe32eb0c01620e,Damien/Monster (Reanimated) - MapleStory Wiki,,,,medium
23e8378b340245b763a3,Chaos Vellum's Tail - MapleStory Wiki,,,,medium
0b34f931c34684ea59a4,Grand Athenaeum - MapleStory Wiki,,,,medium
8a8e9f2c9c620253c356,Star Planet - MapleStory Wiki,,,,medium
5ae7c413f3c82f3c6c81,Blue Mushmom - MapleStory Wiki,,,,medium
a8acdeae7ed8a682954c,Red Peony Secret Base - MapleStory Wiki,,,,medium
3a539455cc5891fd9456,Count's Servant/Monster - MapleStory Wiki,,,,medium
08311691e12ea1f83442,Ergoth/Monster - MapleStory Wiki,,,,medium
85e9b8f2904b54698cfb,Alishan - MapleStory Wiki,,,,medium
22449295142827951372,Chao - MapleStory Wiki,,,,medium
bff52886215bd9891779,Hugin - MapleStory Wiki,,,,medium
0db5729309735bbadae0,Maple Guide - MapleStory Wiki,,,,medium
857eb7417b0b07b30c0a,Contaminated Wolf - MapleStory Wiki,,,,medium
9331d1eae8bd72519ed8,Handsome Monk/Monster - MapleStory Wiki,,,,medium
e74f4f2df051d3beb437,Quest Item - MapleStory Wiki,,,,medium
480980d4d38b22e8915b,Class Release Dates - MapleStory Wiki,,,,medium
acc0de0cc83c9430c248,Category:Equipment - MapleStory Wiki,,,,medium
ab50c48733ae986cf815,Spiegelmann's Gonzo Gallery - MapleStory Wiki,,,,medium
890317934bba86f8f4c7,Maple Inn - MapleStory Wiki,,,,medium
e0f07b1c38538e151d0b,Kalos/Monster - MapleStory Wiki,,,,medium
e8945ea2006c62d0e09b,Bonus Stats - MapleStory Wiki,,,,medium
15da2dd36ce3cbf1d75a,Azure Draco Lord - MapleStory Wiki,,,,medium
772e3c9194dc16a3beb0,Esfera Guardian - MapleStory Wiki,,,,medium
18304dd0fca903b93ccc,Cannoneer - MapleStory Wiki,,,,medium
d8e3babb0cad6d74729d,Cygnus Soldier/Monster - MapleStory Wiki,,,,medium
ae113873244857e85874,Wild Hunter - MapleStory Wiki,,,,medium
d33692b7ba136b34a7a2,Kaling/Monster - MapleStory Wiki,,,,medium
4fa55fa131e0b6e1a960,Category:Items - MapleStory Wiki,,,,medium
ae02f64c927688e05825,Amoria - MapleStory Wiki,,,,medium
7ad30786b9441ce8eccf,Lotus/Monster - MapleStory Wiki,,,,medium
1e5fec3a7ec952b75ee8,Limbo/Monster - MapleStory Wiki,,,,medium
2ac7aeb93b9fe9f07465,Angelic Buster - MapleStory Wiki,,,,medium
0b7185d7538d68bc893e,Blue Wyvern - MapleStory Wiki,,,,medium
3e605a6338006ede9e14,Aran - MapleStory Wiki,,,,medium
2fd847ce2630d40de866,Category:Hero Classes - MapleStory Wiki,,,,medium
63d936025b9f75526642,Barnard Gray - MapleStory Wiki,,,,medium
10d0014bd406fa4d3ddf,Category:Dimensions - MapleStory Wiki,,,,medium
63e375aaf4b79caba057,Demolishizer - MapleStory Wiki,,,,medium
60798c7a7ad89c272157,Energy Conducting Device - MapleStory Wiki,,,,medium
7812531af016ac1b279b,Hilla/Monster - MapleStory Wiki,,,,medium
6465d7fa42a3031d8a09,Arteria - MapleStory Wiki,,,,medium
f74a6ffdb478989c2422,Tynerum - MapleStory Wiki,,,,medium
913831b68378626b81e7,MapleStory Wiki:Terms - MapleStory Wiki,,,,medium
2e8bd27f5190a47280c7,Mirror World - MapleStory Wiki,,,,medium
7737f35f51839a49906f,Hiver/Monster - MapleStory Wiki,,,,medium
93dcc93f740ac4924452,Eckhart/Monster - MapleStory Wiki,,,,medium
1e3c5c28321b19c6af01,Commerci Republic - MapleStory Wiki,,,,medium
eb5f2f93e45fdca5ef7a,Ore - MapleStory Wiki,,,,medium
4a8d4d692a5afb49747a,Monsters - Special - MapleStory Wiki,,,,medium
f7bf291452e878c55ab3,Jett - MapleStory Wiki,,,,medium
61b0ac1136e225b94228,Ascendion - MapleStory Wiki,,,,medium
b8dc9e5f187bd674a3e6,Chaos Heart Bomb - MapleStory Wiki,,,,medium
f13420419b7ef32904f2,Monsters Level 211 - 220 - MapleStory Wiki,,,,medium
3f30c9ef87cd0a7a5da6,Guardian's Servant - MapleStory Wiki,,,,medium
03b30b9a47fe8136add2,Extreme Bigfoot - MapleStory Wiki,,,,medium
c88660cae93759fb315d,Category:Anima Classes - MapleStory Wiki,,,,medium
e3e0b756cf8f7a645e3d,Esfera - MapleStory Wiki,,,,medium
438c503da6eb9b7f37ef,Characters and Skills - MapleStory Wiki,,,,medium
c1df371220ab3aedf9e2,Angler Sentinel - MapleStory Wiki,,,,medium
cf78be8683dea7ef4247,Category:Warriors - MapleStory Wiki,,,,medium
0da8fcf34f331b6b20e5,Non-Reboot Worlds - MapleStory Wiki,,,,medium
a2370b4fe53f889c92fb,The Afterlands - MapleStory Wiki,,,,medium
88a0f0fac83e0b4added,Dragonoir - MapleStory Wiki,,,,medium
cbe69af5902507d8c348,Spiegelmann's Guest House - MapleStory Wiki,,,,medium
7fcb87cdd7a0594fa3cd,Kai - MapleStory Wiki,,,,medium
35138458b26025a10286,Ariel - MapleStory Wiki,,,,medium
e16e29ac1211f9d127ff,Blackheart Negative - MapleStory Wiki,,,,medium
3936db5a0cd964bc1312,Elite Monsters - MapleStory Wiki,,,,medium
fa9a236b2c8b06a5aafc,Grandis - MapleStory Wiki,,,,medium
e70bbba33630eae053ac,Hilla/Monster (Reborn) - MapleStory Wiki,,,,medium
01785f162fcb117d2a98,Chaos Executor - MapleStory Wiki,,,,medium
8967dab11a77193f8bce,Erel Light - MapleStory Wiki,,,,medium
aafd5aed4e97730b3440,HEXA Matrix - MapleStory Wiki,,,,medium
97b73f5dc53c25f36e33,Contaminated Ara - MapleStory Wiki,,,,medium
b376c2f90eba329a3260,Abyss Guide - MapleStory Wiki,,,,medium
96e63b6369b9018a3d41,Transformation Item - MapleStory Wiki,,,,medium
8b27b0ae296188a5efa3,Dorothy's Illusion - MapleStory Wiki,,,,medium
9da13dbdba43a53cb7c6,Caster/Monster - MapleStory Wiki,,,,medium
0d384d9ba9dd47a209c3,Arcanus - MapleStory Wiki,,,,medium
d2117c8d630256292bd8,Blazin' Brazier - MapleStory Wiki,,,,medium
29db2bd8e298ad2a149d,Black Mage/Monster - MapleStory Wiki,,,,medium
f6097374021b8eb1eea0,Guardian Angel Slime - MapleStory Wiki,,,,medium
59ab710c9c7ae5becd09,Cerberusian Gigantic Drill - MapleStory Wiki,,,,medium
1f1b50093414be59c3cf,Maple Tour Monsters - MapleStory Wiki,,,,medium
9bacdf7774ddce70f22c,Chaos Pachu - MapleStory Wiki,,,,medium
5ab2952b91659d4857d2,Von Bon - MapleStory Wiki,,,,medium
adbe760803ee80a1a97d,Arrow - MapleStory Wiki,,,,medium
f5617578b380d460c3e7,Herb - MapleStory Wiki,,,,medium
db9cb976aac5561c60da,Corrupt Spirit of Harmony - MapleStory Wiki,,,,medium
16e915318a83c1586598,Mr. Lee Airlines - MapleStory Wiki,,,,medium
14aa213c5e8beb80196a,Born Single Troublemaker - MapleStory Wiki,,,,medium
2067d8846bf1accb0ee8,Dark Demon Wolfmaster - MapleStory Wiki,,,,medium
a59fdfd176491734ca70,Bonsun - MapleStory Wiki,,,,medium
10ab27c326a5d34a017a,Maple 7th Day Market - MapleStory Wiki,,,,medium
a8a17dd24023a7b3d013,Burst Glare - MapleStory Wiki,,,,medium
6f76fda03a9af9f5f7d6,Dargoth/Monster - MapleStory Wiki,,,,medium
dcdcc1a7326a289a67f7,Gyuki/Monster - MapleStory Wiki,,,,medium
4724b0f004d6a57e2fce,Aspect of Pestilence - MapleStory Wiki,,,,medium
029139bc1fc801884b17,Thief - MapleStory Wiki,,,,medium
8664ae2ef778e1571d27,Khali - MapleStory Wiki,,,,medium
4afc64712cf8441399d5,Explorers - MapleStory Wiki,,,,medium
9b1f08d60d13496abf79,Star Force Enhancement - MapleStory Wiki,,,,medium
24620eb5152057a7f221,Buccaneer - MapleStory Wiki,,,,medium
9adfc09c372eb3400a12,Shangri-La - MapleStory Wiki,,,,medium
79ebfb63c1b490957ad1,Zipangu - MapleStory Wiki,,,,medium
c47d45d4aa68d9ff7f5b,Hawkeye/Monster - MapleStory Wiki,,,,medium
6e76a516fc0eae0228b8,Category:Jianghu Classes - MapleStory Wiki,,,,medium
2415a16fa243535afcac,Category:Shine Classes - MapleStory Wiki,,,,medium
ef7789026a27ddb54f11,Crimson Queen - MapleStory Wiki,,,,medium
ad6a80083c6b58a42c1d,Adele - MapleStory Wiki,,,,medium
6edab94c23f959b0835b,Hilla/Monster (Reborn) - MapleStory Wiki,,,,medium
fe8abfdac9ad1ead2d36,Despairing Blade - MapleStory Wiki,,,,medium
81aaebb20348b98b3bbe,Hongbu/Monster - MapleStory Wiki,,,,medium
600666fe10e1f73156e8,Kaiser - MapleStory Wiki,,,,medium
0225fa79d43f541fc1d6,Maple Live - MapleStory Wiki,,,,medium
9cb05c83358a12f1c5e4,Heroes - MapleStory Wiki,,,,medium
7158306bd1f2e0f055a7,Ardentmill - MapleStory Wiki,,,,medium
969bc345e990906e8a94,Dark Knight - MapleStory Wiki,,,,medium
b2a95c2ac19420cf93b2,Title - MapleStory Wiki,,,,medium
433f2715c3cc9ce75930,Vulpes - MapleStory Wiki,,,,medium
12964d993d77c3c2241b,Arma - MapleStory Wiki,,,,medium
504d14611575fd34adfe,Category:Pirates - MapleStory Wiki,,,,medium
263cdc7cf01523754172,Category:Resistance Classes - MapleStory Wiki,,,,medium
81f88d0a33827d9aace7,Cube - MapleStory Wiki,,,,medium
4562c10c02c9cc53e0b4,Captain Blood the Pirate King - MapleStory Wiki,,,,medium
dc864c32ae29f4ed3d92,Carcion - MapleStory Wiki,,,,medium
0ef4e9bdd1edb57f9a45,Category:Monsters - MapleStory Wiki,,,,medium
a425ddc5aae05e58befc,Wind Archer - MapleStory Wiki,,,,medium
cc936769f0ffd0099484,Dark Lord's Clone - MapleStory Wiki,,,,medium
886ae4dd83bdec85de17,Aspect of Dread - MapleStory Wiki,,,,medium
fe33e8e40cbbbbab8238,Phantom - MapleStory Wiki,,,,medium
005d5d6e74cc26eb6309,Genkou/Monster - MapleStory Wiki,,,,medium
962fd29626305c9a0e39,Bamboo Warrior - MapleStory Wiki,,,,medium
226c8d33833fb638a79e,Blackgate City - MapleStory Wiki,,,,medium
def3bc98a22c820b6722,Fistfight Troublemaker - MapleStory Wiki,,,,medium
467e5c30ef306dd12285,Ancient King Slime - MapleStory Wiki,,,,medium
0b0a1ee32ad5b2c30348,Monster Collection - MapleStory Wiki,,,,medium
1226efbb87a28aada4a6,Abyssal Self - MapleStory Wiki,,,,medium
e080998b2c3bcafb200e,Blaster - MapleStory Wiki,,,,medium
2a50dd7b183dab1805f4,Pathfinder - MapleStory Wiki,,,,medium
8a102a348f649251096c,Aspect of Blasphemy - MapleStory Wiki,,,,medium
68b8e47754c319e353c2,Gollux: Right Shoulder - MapleStory Wiki,,,,medium
270dc2c9dd7191bba3a0,Meso Market - MapleStory Wiki,,,,medium
b6d86dda2dcb2a570e3c,Francis/Monster - MapleStory Wiki,,,,medium
315611e8ad9113c7725f,Shadower - MapleStory Wiki,,,,medium
dd138a4a4364acc5f6c4,Monsters Level 171 - 180 - MapleStory Wiki,,,,medium
ccfe904b44dc84103086,Quick Move - MapleStory Wiki,,,,medium
f4155793f79048d81dc8,Jupiter/Monster - MapleStory Wiki,,,,medium
c41a6951207dd1baf77c,Recipe - MapleStory Wiki,,,,medium
d79fb2c75559d47a4b48,Golden Wyvern - MapleStory Wiki,,,,medium
f4417788b01bda021ba8,Hotel Arcus - MapleStory Wiki,,,,medium
dea425c38850384d0fa8,Giant Golem - MapleStory Wiki,,,,medium
aec53d65366ddae3f97b,Narin - MapleStory Wiki,,,,medium
ba924ec9a631990c54fd,Monsters Level 261 - 270 - MapleStory Wiki,,,,medium
33e0af45edea4d339b0a,Yeti/Job - MapleStory Wiki,,,,medium
4dd1beb92eda0077c840,Contaminated Zigang - MapleStory Wiki,,,,medium
75d602a4b9b617b45a1c,Pantheon - MapleStory Wiki,,,,medium
9ae1af3bdf4578dc2bfa,Veracent - MapleStory Wiki,,,,medium
9248374059aebbff0d91,First Adversary - MapleStory Wiki,,,,medium
fe17811cbf82d5fa8b63,Masteria - MapleStory Wiki,,,,medium
89de4d91fdd76307f5a2,Akechi Mitsuhide - MapleStory Wiki,,,,medium
a6faea3512ec146dc159,Duplicate in Twisted Darkness - MapleStory Wiki,,,,medium
aa78b70e75d62d036f1b,Erimos - MapleStory Wiki,,,,medium
f8b168e993222c195a9a,Refined Herb - MapleStory Wiki,,,,medium
57483d1b2b2f9f21f8bf,Rien - MapleStory Wiki,,,,medium
407b079983d9fe6419ab,MAPLE Daily Gift - MapleStory Wiki,,,,medium
7bae761a00500644a2ca,Monsters Level 161 - 170 - MapleStory Wiki,,,,medium
f52cc066939952bf505a,Ancestion - MapleStory Wiki,,,,medium
34afde49e4ada75e4f44,Tower of Oz - MapleStory Wiki,,,,medium
02046707ac9857477d05,Arcana - MapleStory Wiki,,,,medium
1ec3429c5f7c59011300,V Matrix - MapleStory Wiki,,,,medium
9723a185051df8cec503,Game Elements - MapleStory Wiki,,,,medium
4fc508bec9d03e74cbe5,False Daimyo - MapleStory Wiki,,,,medium
16625c44fc432a81ea48,Blaze Wizard - MapleStory Wiki,,,,medium
68945a88e14ca71ba1fd,Crimson Rock - MapleStory Wiki,,,,medium
3eca665c7a571118ad26,Cash Shop - MapleStory Wiki,,,,medium
1709e804d4838740e8a4,Henesys - MapleStory Wiki,,,,medium
4b9e9410885a17e24b2b,Gold Slime - MapleStory Wiki,,,,medium
75a5f53f176bb60214fa,Bullet - MapleStory Wiki,,,,medium
70b13e3bb6cd9dfd5922,Verdel - MapleStory Wiki,,,,medium
2b31f5acac8b07b8db3e,Deet and Roi - MapleStory Wiki,,,,medium
778c68d92a0a7401a068,Quests - MapleStory Wiki,,,,medium
3651351afe8c9303dc8b,Ursus (Entry Map) - MapleStory Wiki,,,,medium
697b3930a455e7988dfd,The MapleStory Wiki,,,,medium
42dc5202d291cf3cef0a,Monsters Level 21 - 30 - MapleStory Wiki,,,,medium
b761d771d866f22a82e3,Contaminated Lantern - MapleStory Wiki,,,,medium
4558ec5c45ba0fefb3eb,Category:Shine Classes - MapleStory Wiki,,,,medium
d6354239353373180252,Savior - MapleStory Wiki,,,,medium
0f9cad31fc0bcf84797d,Sengoku - MapleStory Wiki,,,,medium
c950f8d813611f1e489e,Battle Mage - MapleStory Wiki,,,,medium
d6ff02c8e916e03ef78c,Monsters Level 31 - 40 - MapleStory Wiki,,,,medium
4ddac08ea93bac714f71,Tenebris - MapleStory Wiki,,,,medium
3ba1ac9c6cd2a06ac63b,Maple Planner - MapleStory Wiki,,,,medium
e2dd222515f741c07ba1,Meso - MapleStory Wiki,,,,medium
b059a911db2dd6d1912e,Hilla/Monster (Reborn) - MapleStory Wiki,,,,medium
4a678d627554639c7bc2,Monsters Level 151 - 160 - MapleStory Wiki,,,,medium
bb98760b7a94ae6f8111,Lachelein - MapleStory Wiki,,,,medium
e0166f352ede234c5864,Black Dragon Whelp - MapleStory Wiki,,,,medium
1597de5bd4cf5ce15a96,Fallen Flyer Whelp - MapleStory Wiki,,,,medium
051b929628a507657dc3,Special Scroll - MapleStory Wiki,,,,medium
3107232ec7174fbc8f6d,Arboren - MapleStory Wiki,,,,medium
2979ad69febed7f1717d,Hero - MapleStory Wiki,,,,medium
813ccb5abb85c5ad1a64,Bosses - MapleStory Wiki,,,,medium
afe870b5008f3d6a370a,The Far East - MapleStory Wiki,,,,medium
4a31521f8ed839b637c3,Cernium - MapleStory Wiki,,,,medium
b99b4b81d2412dfac0fb,Ranheim Defense - MapleStory Wiki,,,,medium
3920133277e6cd386f1b,Former God-King of the High Flora/Monster - MapleStory Wiki,,,,medium
1b8dfc50ee0c5b0534ac,Dimensional Battleground - MapleStory Wiki,,,,medium
d21f5fecb990aa32fde9,Akechi Mitsuhide - MapleStory Wiki,,,,medium
2df9432a32b585f55249,Warrior - MapleStory Wiki,,,,medium
89d4251d06051174adef,MapleStory Wiki:Contact - MapleStory Wiki,,,,medium
5e8e8768f3629392bbe5,Planet Cerberus - MapleStory Wiki,,,,medium
c67412104aac886ed0a8,Legion Artifact - MapleStory Wiki,,,,medium
dd76fdd499be668d9d05,Mori Ranmaru - MapleStory Wiki,,,,medium
4254bfe2ddcf2239b2ce,Dawn Warrior - MapleStory Wiki,,,,medium
c0f4c471332d351f14b2,Quests - MapleStory Wiki,,,,medium
6bd058990a4ef7668009,Angelic Buster - MapleStory Wiki,,,,medium
4fa513223122dd5ac6f5,Hayato - MapleStory Wiki,,,,medium
3e123d8b30df2634edc9,Edelstein - MapleStory Wiki,,,,medium
f7245d3a8eed12976922,Category:Major Bosses - MapleStory Wiki,,,,medium
5296efae1b6ff89179e8,Fiendish Matron/Monster - MapleStory Wiki,,,,medium
f947f7a0de5c02b974a5,"Arch Mage (Fire, Poison) - MapleStory Wiki",,,,medium
ec73a7e81dc27f1061ea,Anima - MapleStory Wiki,,,,medium
5b5407dca12be9c598bb,Ephenia/Monster - MapleStory Wiki,,,,medium
792ef674e707c2db9668,Night Lord - MapleStory Wiki,,,,medium
d2bec889e414e66375cf,Pet - MapleStory Wiki,,,,medium
f5c7e1ca3a8e1f98791d,Dimensional Battleground Exit - MapleStory Wiki,,,,medium
cbf53943bcba0e8e962e,Tallahart - MapleStory Wiki,,,,medium
5821290466f9290518b0,Frenzied Gigatoad - MapleStory Wiki,,,,medium
2c22b95c5a953ffb94ac,Category:Set-up Items - MapleStory Wiki,,,,medium
aeacd88954fb5d9bdd10,Bowman - MapleStory Wiki,,,,medium
766e19dc471646a3d239,Crushing Glare - MapleStory Wiki,,,,medium
b8abe669e52519c883f4,Paladin - MapleStory Wiki,,,,medium
7e5806012a6155137d4a,Category:Cygnus Knight Classes - MapleStory Wiki,,,,medium
b74e911c87483040ffd6,FriendStory - MapleStory Wiki,,,,medium
a4145569c494975db6c2,Lynn - MapleStory Wiki,,,,medium
0bdbd72e00733c51c2fa,Category:Bosses - MapleStory Wiki,,,,medium
86f92ac3f58029f5dba0,Western Grandis - MapleStory Wiki,,,,medium
430d175c302547f07082,MapleStory Wiki:About - MapleStory Wiki,,,,medium
11a4910952c29d092154,Kanna - MapleStory Wiki,,,,medium
098c356d82a19d87389e,Characters and Skills - MapleStory Wiki,,,,medium
c52bb5e4733c1c67bb3a,Hungry Muto - MapleStory Wiki,,,,medium
13430dcb154341fd08c3,Crimson Balrog - MapleStory Wiki,,,,medium
790106e0775fde1f9388,Monsters Level 71 - 80 - MapleStory Wiki,,,,medium
4c1ae2d89e287bb06365,Bad Brawler/Monster - MapleStory Wiki,,,,medium
6aeaf36e4fd74cc6248a,Flaming Great Spirit - MapleStory Wiki,,,,medium
6ef87086f2aa44a5aeb9,Taiwan - MapleStory Wiki,,,,medium
24f973508961e9708189,"Arch Mage (Ice, Lightning) - MapleStory Wiki",,,,medium
41c47b6e05c04f16c7aa,Maple Island - MapleStory Wiki,,,,medium
1a6dfb8f66dbc066be77,Anti-Air Artillery - MapleStory Wiki,,,,medium
5d74f82f3b04b7edb5aa,Category:Flora Classes - MapleStory Wiki,,,,medium
555ae5daa88f4c2bf0f2,Green Cornian - MapleStory Wiki,,,,medium
ee793dbbf202c0f5bbfc,Boogie - MapleStory Wiki,,,,medium
fda835498cd581b69fd1,Ossyria - MapleStory Wiki,,,,medium
1d12bb016ee7e2975566,Singapore - MapleStory Wiki,,,,medium
194080c688547266ad38,High Visitor - MapleStory Wiki,,,,medium
63bc84eb178522d14bda,Zero - MapleStory Wiki,,,,medium
1a2491a701377d863434,Ganapati - MapleStory Wiki,,,,medium
4578e7f9be513188b623,Ancient Dark Golem - MapleStory Wiki,,,,medium
099559596fbbf35410f0,Monsters Level 1 - 10 - MapleStory Wiki,,,,medium
b5a1afa9d6e63b4b4d46,Malaysia - MapleStory Wiki,,,,medium
00fa8df2333d977397ba,Chimera - MapleStory Wiki,,,,medium
66309aee59d7bcacba10,Midnight Chaser - MapleStory Wiki,,,,medium
7339faf8f72c3b4fcc77,Category:Nova Classes - MapleStory Wiki,,,,medium
9f709e43045db8c47c78,Night Walker - MapleStory Wiki,,,,medium
2094f2ce4214accdc39b,Shoes - MapleStory Wiki,,,,medium
9d9f4860ef7504f62a82,Cadena - MapleStory Wiki,,,,medium
a6732e10fbd1a023f91f,Monster - MapleStory Wiki,,,,medium
89faa6a4807e91c63d43,Desert Giant - MapleStory Wiki,,,,medium
b59274263aae65be864c,Resistance - MapleStory Wiki,,,,medium
4ef69989e832b68de64e,Bow Master - MapleStory Wiki,,,,medium
527f678f57842622b77c,Monsters Level 181 - 190 - MapleStory Wiki,,,,medium
3c546e4b4868316cf7e1,Gelimer/Monster - MapleStory Wiki,,,,medium
3c6919cc0eb5923a223b,Category:Leftovers - MapleStory Wiki,,,,medium
97ae8333c487625658eb,Scroll Enhancement - MapleStory Wiki,,,,medium
a4429e96a200235b0403,Rebirth Flame - MapleStory Wiki,,,,medium
6cc187fffac9818bf486,Blaze Wizard - MapleStory Wiki,,,,medium
30154b2e94274e7bfc53,Frog Monster - MapleStory Wiki,,,,medium
c63f53fe1566364ee4f1,Savage Terminal - MapleStory Wiki,,,,medium
48c306c56680cb2d6475,Monster/Tower of Oz - MapleStory Wiki,,,,medium
2983c0b0e78f77dcb850,(Rare) Perfect Visitor - MapleStory Wiki,,,,medium
d36d0b1c3adcb29caa0e,Magic Powder - MapleStory Wiki,,,,medium
5be1102d12f6f9847cf6,Adoratio - MapleStory Wiki,,,,medium
58df970f7615be69aeca,Mihile - MapleStory Wiki,,,,medium
ec936a4996052d6d5b87,Spirit Savior - MapleStory Wiki,,,,medium
e6deadf28d927d30febc,Category:Oort - MapleStory Wiki,,,,medium
4c0674e9973c3fd04d91,Zakum - MapleStory Wiki,,,,medium
b5250c0a6cbc127418e5,Balrog - MapleStory Wiki,,,,medium
62ba230aed0cb22299ed,Giant Monster Gloom - MapleStory Wiki,,,,medium
2e14462f3fcf6fe4593e,Tanjiro Kamado - MapleStory Wiki,,,,medium
218110b6ddc9ea3a5234,Another Adele - MapleStory Wiki,,,,medium
e74f9425a59dfc1d697a,Guardioso - MapleStory Wiki,,,,medium
f504e695f3de64f9ff56,Guardian Angel Slime - MapleStory Wiki,,,,medium
b0f755bcc3c47e3ffecb,Ark - MapleStory Wiki,,,,medium
8ee52de3f694daeb4c49,Mechanic - MapleStory Wiki,,,,medium
acb9675a5881640c9143,Chief Priest - MapleStory Wiki,,,,medium
9364306a3aeaa420f414,Odium - MapleStory Wiki,,,,medium
22d914a87ca09c4341d1,Sia Astelle - MapleStory Wiki,,,,medium
1ef208655c1ca6542c08,Bergamot - MapleStory Wiki,,,,medium
01356702d14135f250f3,Sleepywood - MapleStory Wiki,,,,medium
fc0a5644dc773d0c423d,Door Block - MapleStory Wiki,,,,medium
28de5adb8f7962f84c12,Azure War Master - MapleStory Wiki,,,,medium
3ff7f716a383fa86f199,"Calico Mack, the Pirate King - MapleStory Wiki",,,,medium
b0a71e13455b5ccd9c18,Corrupted Warrior - MapleStory Wiki,,,,medium
2d5a180a91e4c0a9ac46,Luminous - MapleStory Wiki,,,,medium
46c58957390c8a7b5fa5,Deo - MapleStory Wiki,,,,medium
1c2561692e29be514f6e,Albaire/Monster - MapleStory Wiki,,,,medium
ed4452a616176311c2ef,Evan - MapleStory Wiki,,,,medium
b529f8df3fb916cd8d2d,Lucid/Monster - MapleStory Wiki,,,,medium
326bee6d929287fd65ba,Crown Emperor - MapleStory Wiki,,,,medium
9b19dd0f1073e9f11557,Treasure Hunter - MapleStory Wiki,,,,medium
613fa488b1f99670005c,Monster Life - MapleStory Wiki,,,,medium
48615f0dcabac758e2bd,Malefic Star - MapleStory Wiki,,,,medium
0ecaa34cb81165ea7966,Epic Dungeon: High Mountain - MapleStory Wiki,,,,medium
1e468cbf8b08140932db,Category:Game Elements - MapleStory Wiki,,,,medium
96418ec46b7e8bfd75fb,Category:Books - MapleStory Wiki,,,,medium
e137701a3f339aa71d2f,"Calico Mack, the Pirate King - MapleStory Wiki",,,,medium
f82b3e8546c58178edf9,Demon Slayer - MapleStory Wiki,,,,medium
7aaa63581930049183a5,Gloom Core - MapleStory Wiki,,,,medium
8877d59e658f370a77db,Horntail - MapleStory Wiki,,,,medium
1f0aff8013d1e5a62189,Ursus - MapleStory Wiki,,,,medium
1807a4a5370758495dea,Pink Bean/Job - MapleStory Wiki,,,,medium
9a484d641bce731303f3,Hyper Stats - MapleStory Wiki,,,,medium
2c86f32d901184e7aff1,Blue Dragon Whelp - MapleStory Wiki,,,,medium
a954b4101254e803ee32,Mori Ranmaru - MapleStory Wiki,,,,medium
ffb03df957d26f187cea,Category:Classes - MapleStory Wiki,,,,medium
2a5801aa747d82e5916b,Potential - MapleStory Wiki,,,,medium
4c8939cd6d830bf0a030,Crafting Material - MapleStory Wiki,,,,medium
968f573a2188b9dec4f3,Gollux: Abdomen - MapleStory Wiki,,,,medium
41cf7ed0c3e8ac6fb385,Ellinia - MapleStory Wiki,,,,medium
3408b91bce19b1e07a1f,Greed Echo - MapleStory Wiki,,,,medium
e41249290a060d7ef570,Diamond Treasure Box - MapleStory Wiki,,,,medium
493fdb4c73bb566697b8,Hoyoung - MapleStory Wiki,,,,medium
2663b604912198dc041b,Dust Dwarf - MapleStory Wiki,,,,medium
f69dbc25fd44ce0f5ce2,Category:Bowmen - MapleStory Wiki,,,,medium
4d7f2091a9d28c9fb5f5,Giant Monster Gloom - MapleStory Wiki,,,,medium
a043453ccfdefa0159b4,Assemble - MapleStory Wiki,,,,medium
64fe3d940580c1fed978,Category:Sengoku Classes - MapleStory Wiki,,,,medium
18fb095f9e4811af094b,Bloody Boom - MapleStory Wiki,,,,medium
ed0fcd4f5839a8652576,Wild Hunter - MapleStory Wiki,,,,medium
a62a2caf8b5e1fe7a886,First Adversary - MapleStory Wiki,,,,medium
6a7198d29290ba920950,Grader/Monster - MapleStory Wiki,,,,medium
aaa0f4244cad24d93b82,Monsters Level 121 - 130 - MapleStory Wiki,,,,medium
f3b3b1a54f377152803a,Pirate - MapleStory Wiki,,,,medium
ac3c8a5c855b96d96ff6,Dark Wyvern - MapleStory Wiki,,,,medium
5aa9b4d67d31d7daffba,Gollux: Left Shoulder - MapleStory Wiki,,,,medium
2277dd862bf514c09933,Combat Power - MapleStory Wiki,,,,medium
1c4a3ad7425eeb0a1d54,Category:Event Hall - MapleStory Wiki,,,,medium
490bc96668b72a4da31a,Heliseum - MapleStory Wiki,,,,medium
b0fe535157d2c7cd81e4,Thunder Breaker - MapleStory Wiki,,,,medium
1db048d7b3456df9f123,Transcendent - MapleStory Wiki,,,,medium
9d515124a94c1d95902c,Battle Mage - MapleStory Wiki,,,,medium
e7391450a511fcc16236,Xenon - MapleStory Wiki,,,,medium
f602a632a72ef71bfade,Enhanced Angler Hornet - MapleStory Wiki,,,,medium
adb763f7a7d70f20fd61,Alang - MapleStory Wiki,,,,medium
f96934f7c0f1926c706a,Faust - MapleStory Wiki,,,,medium
28b6aea8bd479901acfe,Fake Straw Scarecrow - MapleStory Wiki,,,,medium
c12134ba711cc09e42e0,Corrupted Wardlock - MapleStory Wiki,,,,medium
c200640d9ef1e9262e81,Wind Archer - MapleStory Wiki,,,,medium
bc1a74038047a62d2368,Magician - MapleStory Wiki,,,,medium
c2358bc844fb0efc215a,Thailand - MapleStory Wiki,,,,medium
bc84ae80d8c459745900,Nautilus - MapleStory Wiki,,,,medium
3058802f76d2020ad142,马里蒂亚 - MapleStory Wiki,,,,medium
55f93b025dd6cebe6122,NEXT - MapleStory Wiki,,,,medium
12842570eaa7f2bdef79,Demon Avenger - MapleStory Wiki,,,,medium
2d7b9ee10ff27ce7a43d,Baldrix/Monster - MapleStory Wiki,,,,medium
ed0981bc0cecf99183d4,Monsters Level 101 - 110 - MapleStory Wiki,,,,medium
21b4c1041ba790293bda,Beryl/Monster - MapleStory Wiki,,,,medium
5f514d9ed6e2587cecec,Category:Arcane River - MapleStory Wiki,,,,medium
371c3569320ae31e082e,Vellum - MapleStory Wiki,,,,medium
8f654785328e48d212b6,Guardian Tower - MapleStory Wiki,,,,medium
4f3c9060e91a7e33807d,Monsters Level 191 - 200 - MapleStory Wiki,,,,medium
73b926dd6f83100b3c33,Monsters Level 41 - 50 - MapleStory Wiki,,,,medium
853cdeca4fdd44cb0952,Angler Commander - MapleStory Wiki,,,,medium
29eb8a79ec85429aa842,Monsters Level 61 - 70 - MapleStory Wiki,,,,medium
f32aa55970251de37908,Monsters Level 241 - 250 - MapleStory Wiki,,,,medium
dacbbb07d5358a77b0b0,Soul Weapon - MapleStory Wiki,,,,medium
84c9f857e32527fec5cd,Astral Eclipse - MapleStory Wiki,,,,medium
6aaa69c59f4b4001a83c,Demon Slayer - MapleStory Wiki,,,,medium
845ddb629b56aba5f15f,Dorothy - MapleStory Wiki,,,,medium
9f168467e9d3b2d92607,Damien/Monster (Reanimated) - MapleStory Wiki,,,,medium
ebc0a17ba7b3586b1304,Frankenroid - MapleStory Wiki,,,,medium
b5bc5ecfed7566f054fa,Morass - MapleStory Wiki,,,,medium
b9cb03ee324e276bcef3,Category:Amoria - MapleStory Wiki,,,,medium
526875ac8f831bb9ef22,Ghostwood Stumpy - MapleStory Wiki,,,,medium
40b20917f9901fac6faf,Captain Darkgoo - MapleStory Wiki,,,,medium
12c6ff5bd48c8f422e7f,Frenzied Peri Dotts - MapleStory Wiki,,,,medium
1fd5d06686157436f315,Party Quest - MapleStory Wiki,,,,medium
a06a616839cbaa81b97f,Thunder Breaker - MapleStory Wiki,,,,medium
b62ae219f9d940ed697d,Flora - MapleStory Wiki,,,,medium
409f47439e1aac92a4ec,Maple Tour - MapleStory Wiki,,,,medium
b5cca27109429058db12,Monsters Level 231 - 240 - MapleStory Wiki,,,,medium
78e8850b2ec3b17b5382,Perion - MapleStory Wiki,,,,medium
e553af4db824b4480902,Seren/Monster - MapleStory Wiki,,,,medium
e20fe717d2cc3e80c5d4,Bastille/Monster - MapleStory Wiki,,,,medium
58e4c04dfa6c7f395eb7,Auction House - MapleStory Wiki,,,,medium
8a345e96140ea4fc0cd7,Category:Exploration Points - MapleStory Wiki,,,,medium
d8741e16df6e1bdc8b6b,Legion System - MapleStory Wiki,,,,medium
d12059b5a7c9cec62981,Category:Thieves - MapleStory Wiki,,,,medium
325807b2eb2d7b025a92,Explosive Slime - MapleStory Wiki,,,,medium
499024becb50176e5881,Mu Lung Dojo Monsters - MapleStory Wiki,,,,medium
0bf09d7fb7a8586ced27,Peach Blossom Island - MapleStory Wiki,,,,medium
a7e1fcec622a5e3c0f2b,Monsters Level 291 - 300 - MapleStory Wiki,,,,medium
5f5ea227e66665eec545,Monsters Level 131 - 140 - MapleStory Wiki,,,,medium
ead5ddf6947bb8296649,Music - MapleStory Wiki,,,,medium
92663af9d9b715304756,New Age - MapleStory Wiki,,,,medium
e3560c2ba5f232d23e5c,Chief Gray - MapleStory Wiki,,,,medium
12bd44296a42b4fba402,Stellar Detectives - MapleStory Wiki,,,,medium
2dcedce220ec0e0379c9,Monsters Level 11 - 20 - MapleStory Wiki,,,,medium
743be8427f7ddea686b8,Category:Etc. Items - MapleStory Wiki,,,,medium
180f70f9f488b7590dce,Category:Transcendent Classes - MapleStory Wiki,,,,medium
dad7daf54528455e0efc,Banshee - MapleStory Wiki,,,,medium
78ceb36cfdc72e88e361,Brighton/Monster - MapleStory Wiki,,,,medium
d5d86b390e5b11797dc8,Cowardly Lion - MapleStory Wiki,,,,medium
caeb049e167dd6a5c7c0,OMNI-CLN - MapleStory Wiki,,,,medium
bcfeb1ff389b91100f4f,Nova - MapleStory Wiki,,,,medium
cd9b71260e8b047f150c,Crushed Garbage - MapleStory Wiki,,,,medium
bf8abf69bd669d405a98,Monsters Level 201 - 210 - MapleStory Wiki,,,,medium
0daf7e17df7f7af7c332,Arcane River - MapleStory Wiki,,,,medium
52076f9cb1616c3c8656,Category:Event Map - MapleStory Wiki,,,,medium
b02be213f8dc25cca64f,Giant Spider - MapleStory Wiki,,,,medium
15c2bced7c89bd6ffdc8,Kinesis - MapleStory Wiki,,,,medium
5e51715097de6b55ddb6,Category:Guild Castle - MapleStory Wiki,,,,medium
0112134e758172bca44e,Category:Locations - MapleStory Wiki,,,,medium
762cf3e0721b71a0c3a5,Pierre - MapleStory Wiki,,,,medium
37f7fd1cf723db958277,Gigatoad - MapleStory Wiki,,,,medium
dfafebb8d0653410e852,Monster Park - MapleStory Wiki,,,,medium
cf64bbd617d6bde653c4,Baroq/Monster - MapleStory Wiki,,,,medium
189e2c6e642737b06da4,Black Shadow - MapleStory Wiki,,,,medium
258e5af9cb779cd207d0,Eleanor/Monster - MapleStory Wiki,,,,medium
f27d286187b566136847,Baby Balrog - MapleStory Wiki,,,,medium
808d637b8d9ea991bbc2,Friends World - MapleStory Wiki,,,,medium
450ea7d83c389b0cb493,Monster Park Monsters - MapleStory Wiki,,,,medium
4ed9343b22d5ca3394ab,Ereve - MapleStory Wiki,,,,medium
e3e0839f95cddeb63f7b,Cygnus Knights - MapleStory Wiki,,,,medium
655a78b0b89984c29e41,Gollux - MapleStory Wiki,,,,medium
0d6adeaaf3f480f5aa63,Crimson Queen - MapleStory Wiki,,,,medium
89451ad0897354715871,Von Bon - MapleStory Wiki,,,,medium
7daaa0ee4f0ad4e0494c,Black Wing Henchman - MapleStory Wiki,,,,medium
b88b6223a9cee9c6afbb,Demon Avenger - MapleStory Wiki,,,,medium
cd0dc7db5a242cf9558a,Giant Centipede - MapleStory Wiki,,,,medium
e77b02c88aeca65e0271,Arkarium/Monster - MapleStory Wiki,,,,medium
8c81d391230fd8b6f958,Atan/Monster - MapleStory Wiki,,,,medium
cb3703d5866751cce21e,Griffey - MapleStory Wiki,,,,medium
f61da3fed9dcc03786b0,Pink Bean - MapleStory Wiki,,,,medium
3fc7aac9501865e98d5c,Lara - MapleStory Wiki,,,,medium
35aba4ad5fcbf9700f57,Maple Achievement - MapleStory Wiki,,,,medium
59cddf349ebf6752ca80,Homunscullo - MapleStory Wiki,,,,medium
2d5d9ef065b6800d9913,Category:Cash Items - MapleStory Wiki,,,,medium
5202175c81ffff51a597,Dual Blade - MapleStory Wiki,,,,medium
0e096ad42871998737d7,Destiny - MapleStory Wiki,,,,medium
046e6f6495f5f11a9b91,Angler Duke - MapleStory Wiki,,,,medium
608dfda88bedb40c25cb,Flora Commander - MapleStory Wiki,,,,medium
7ba5fb2e860f3319aac4,Kain - MapleStory Wiki,,,,medium
2dcd664f50ead6ce6516,Destructive Seed of Life - MapleStory Wiki,,,,medium
e4dd8b0d74a3479c24a5,Battle Square - MapleStory Wiki,,,,medium
a820927c54b74729f3d2,Hazard's Mean Crony - MapleStory Wiki,,,,medium
source_openapi,docs/openapi.yaml,project_docs,yaml,docs/openapi.yaml,medium
source_domain,common/domain.py,project_docs,python,common/domain.py,medium
